ts_exchange,price,size,trade_id,cond
2025-11-20T09:30:00,300.03,193,00700.HK-2025-11-20-0,N
2025-11-20T09:30:05,300.069,276,00700.HK-2025-11-20-1,N
2025-11-20T09:30:10,300.055,188,00700.HK-2025-11-20-2,N
2025-11-20T09:30:15,300.149,238,00700.HK-2025-11-20-3,N
2025-11-20T09:30:20,300.121,227,00700.HK-2025-11-20-4,N
2025-11-20T09:30:25,300.093,176,00700.HK-2025-11-20-5,N
2025-11-20T09:30:30,300.108,104,00700.HK-2025-11-20-6,N
2025-11-20T09:30:35,300.004,171,00700.HK-2025-11-20-7,N
2025-11-20T09:30:40,299.944,215,00700.HK-2025-11-20-8,N
2025-11-20T09:30:45,299.889,129,00700.HK-2025-11-20-9,N
2025-11-20T09:30:50,299.977,188,00700.HK-2025-11-20-10,N
2025-11-20T09:30:55,299.981,128,00700.HK-2025-11-20-11,N
2025-11-20T09:31:00,299.948,205,00700.HK-2025-11-20-12,N
2025-11-20T09:31:05,299.879,218,00700.HK-2025-11-20-13,N
2025-11-20T09:31:10,299.843,185,00700.HK-2025-11-20-14,N
2025-11-20T09:31:15,299.807,292,00700.HK-2025-11-20-15,N
2025-11-20T09:31:20,299.806,147,00700.HK-2025-11-20-16,N
2025-11-20T09:31:25,299.856,138,00700.HK-2025-11-20-17,N
2025-11-20T09:31:30,299.868,102,00700.HK-2025-11-20-18,N
2025-11-20T09:31:35,299.789,209,00700.HK-2025-11-20-19,N
2025-11-20T09:31:40,299.833,208,00700.HK-2025-11-20-20,N
2025-11-20T09:31:45,299.826,184,00700.HK-2025-11-20-21,N
2025-11-20T09:31:50,299.737,164,00700.HK-2025-11-20-22,N
2025-11-20T09:31:55,299.71,252,00700.HK-2025-11-20-23,N
2025-11-20T09:32:00,299.73,111,00700.HK-2025-11-20-24,N
2025-11-20T09:32:05,299.75,180,00700.HK-2025-11-20-25,N
2025-11-20T09:32:10,299.709,230,00700.HK-2025-11-20-26,N
2025-11-20T09:32:15,299.771,246,00700.HK-2025-11-20-27,N
2025-11-20T09:32:20,299.721,184,00700.HK-2025-11-20-28,N
2025-11-20T09:32:25,299.741,248,00700.HK-2025-11-20-29,N
2025-11-20T09:32:30,299.712,190,00700.HK-2025-11-20-30,N
2025-11-20T09:32:35,299.645,140,00700.HK-2025-11-20-31,N
2025-11-20T09:32:40,299.694,267,00700.HK-2025-11-20-32,N
2025-11-20T09:32:45,299.69,250,00700.HK-2025-11-20-33,N
2025-11-20T09:32:50,299.712,167,00700.HK-2025-11-20-34,N
2025-11-20T09:32:55,299.733,276,00700.HK-2025-11-20-35,N
2025-11-20T09:33:00,299.731,278,00700.HK-2025-11-20-36,N
2025-11-20T09:33:05,299.574,241,00700.HK-2025-11-20-37,N
2025-11-20T09:33:10,299.579,185,00700.HK-2025-11-20-38,N
2025-11-20T09:33:15,299.585,100,00700.HK-2025-11-20-39,N
2025-11-20T09:33:20,299.572,217,00700.HK-2025-11-20-40,N
2025-11-20T09:33:25,299.66,174,00700.HK-2025-11-20-41,N
2025-11-20T09:33:30,299.612,174,00700.HK-2025-11-20-42,N
2025-11-20T09:33:35,299.666,216,00700.HK-2025-11-20-43,N
2025-11-20T09:33:40,299.635,225,00700.HK-2025-11-20-44,N
2025-11-20T09:33:45,299.641,248,00700.HK-2025-11-20-45,N
2025-11-20T09:33:50,299.598,183,00700.HK-2025-11-20-46,N
2025-11-20T09:33:55,299.575,126,00700.HK-2025-11-20-47,N
2025-11-20T09:34:00,299.593,213,00700.HK-2025-11-20-48,N
2025-11-20T09:34:05,299.593,188,00700.HK-2025-11-20-49,N
2025-11-20T09:34:10,299.508,178,00700.HK-2025-11-20-50,N
2025-11-20T09:34:15,299.488,159,00700.HK-2025-11-20-51,N
2025-11-20T09:34:20,299.478,220,00700.HK-2025-11-20-52,N
2025-11-20T09:34:25,299.591,208,00700.HK-2025-11-20-53,N
2025-11-20T09:34:30,299.606,196,00700.HK-2025-11-20-54,N
2025-11-20T09:34:35,299.491,198,00700.HK-2025-11-20-55,N
2025-11-20T09:34:40,299.495,323,00700.HK-2025-11-20-56,N
2025-11-20T09:34:45,299.484,215,00700.HK-2025-11-20-57,N
2025-11-20T09:34:50,299.481,141,00700.HK-2025-11-20-58,N
2025-11-20T09:34:55,299.55,237,00700.HK-2025-11-20-59,N
2025-11-20T09:35:00,299.597,154,00700.HK-2025-11-20-60,N
2025-11-20T09:35:05,299.681,129,00700.HK-2025-11-20-61,N
2025-11-20T09:35:10,299.717,309,00700.HK-2025-11-20-62,N
2025-11-20T09:35:15,299.657,171,00700.HK-2025-11-20-63,N
2025-11-20T09:35:20,299.663,174,00700.HK-2025-11-20-64,N
2025-11-20T09:35:25,299.57,203,00700.HK-2025-11-20-65,N
2025-11-20T09:35:30,299.507,223,00700.HK-2025-11-20-66,N
2025-11-20T09:35:35,299.451,277,00700.HK-2025-11-20-67,N
2025-11-20T09:35:40,299.405,183,00700.HK-2025-11-20-68,N
2025-11-20T09:35:45,299.453,138,00700.HK-2025-11-20-69,N
2025-11-20T09:35:50,299.467,265,00700.HK-2025-11-20-70,N
2025-11-20T09:35:55,299.371,209,00700.HK-2025-11-20-71,N
2025-11-20T09:36:00,299.386,239,00700.HK-2025-11-20-72,N
2025-11-20T09:36:05,299.312,133,00700.HK-2025-11-20-73,N
2025-11-20T09:36:10,299.343,214,00700.HK-2025-11-20-74,N
2025-11-20T09:36:15,299.358,217,00700.HK-2025-11-20-75,N
2025-11-20T09:36:20,299.318,211,00700.HK-2025-11-20-76,N
2025-11-20T09:36:25,299.335,164,00700.HK-2025-11-20-77,N
2025-11-20T09:36:30,299.447,223,00700.HK-2025-11-20-78,N
2025-11-20T09:36:35,299.376,232,00700.HK-2025-11-20-79,N
2025-11-20T09:36:40,299.317,239,00700.HK-2025-11-20-80,N
2025-11-20T09:36:45,299.387,158,00700.HK-2025-11-20-81,N
2025-11-20T09:36:50,299.444,220,00700.HK-2025-11-20-82,N
2025-11-20T09:36:55,299.493,294,00700.HK-2025-11-20-83,N
2025-11-20T09:37:00,299.479,162,00700.HK-2025-11-20-84,N
2025-11-20T09:37:05,299.425,159,00700.HK-2025-11-20-85,N
2025-11-20T09:37:10,299.421,217,00700.HK-2025-11-20-86,N
2025-11-20T09:37:15,299.437,241,00700.HK-2025-11-20-87,N
2025-11-20T09:37:20,299.438,272,00700.HK-2025-11-20-88,N
2025-11-20T09:37:25,299.422,336,00700.HK-2025-11-20-89,N
2025-11-20T09:37:30,299.46,157,00700.HK-2025-11-20-90,N
2025-11-20T09:37:35,299.396,224,00700.HK-2025-11-20-91,N
2025-11-20T09:37:40,299.382,235,00700.HK-2025-11-20-92,N
2025-11-20T09:37:45,299.411,196,00700.HK-2025-11-20-93,N
2025-11-20T09:37:50,299.36,124,00700.HK-2025-11-20-94,N
2025-11-20T09:37:55,299.333,242,00700.HK-2025-11-20-95,N
2025-11-20T09:38:00,299.346,137,00700.HK-2025-11-20-96,N
2025-11-20T09:38:05,299.356,219,00700.HK-2025-11-20-97,N
2025-11-20T09:38:10,299.303,207,00700.HK-2025-11-20-98,N
2025-11-20T09:38:15,299.307,142,00700.HK-2025-11-20-99,N
2025-11-20T09:38:20,299.328,228,00700.HK-2025-11-20-100,N
2025-11-20T09:38:25,299.393,252,00700.HK-2025-11-20-101,N
2025-11-20T09:38:30,299.311,153,00700.HK-2025-11-20-102,N
2025-11-20T09:38:35,299.342,225,00700.HK-2025-11-20-103,N
2025-11-20T09:38:40,299.372,392,00700.HK-2025-11-20-104,N
2025-11-20T09:38:45,299.407,256,00700.HK-2025-11-20-105,N
2025-11-20T09:38:50,299.464,232,00700.HK-2025-11-20-106,N
2025-11-20T09:38:55,299.445,237,00700.HK-2025-11-20-107,N
2025-11-20T09:39:00,299.399,188,00700.HK-2025-11-20-108,N
2025-11-20T09:39:05,299.369,204,00700.HK-2025-11-20-109,N
2025-11-20T09:39:10,299.508,106,00700.HK-2025-11-20-110,N
2025-11-20T09:39:15,299.549,119,00700.HK-2025-11-20-111,N
2025-11-20T09:39:20,299.521,254,00700.HK-2025-11-20-112,N
2025-11-20T09:39:25,299.525,146,00700.HK-2025-11-20-113,N
2025-11-20T09:39:30,299.482,233,00700.HK-2025-11-20-114,N
2025-11-20T09:39:35,299.438,210,00700.HK-2025-11-20-115,N
2025-11-20T09:39:40,299.441,167,00700.HK-2025-11-20-116,N
2025-11-20T09:39:45,299.569,231,00700.HK-2025-11-20-117,N
2025-11-20T09:39:50,299.448,209,00700.HK-2025-11-20-118,N
2025-11-20T09:39:55,299.408,242,00700.HK-2025-11-20-119,N
2025-11-20T09:40:00,299.361,194,00700.HK-2025-11-20-120,N
2025-11-20T09:40:05,299.391,243,00700.HK-2025-11-20-121,N
2025-11-20T09:40:10,299.319,183,00700.HK-2025-11-20-122,N
2025-11-20T09:40:15,299.291,167,00700.HK-2025-11-20-123,N
2025-11-20T09:40:20,299.396,220,00700.HK-2025-11-20-124,N
2025-11-20T09:40:25,299.321,245,00700.HK-2025-11-20-125,N
2025-11-20T09:40:30,299.448,251,00700.HK-2025-11-20-126,N
2025-11-20T09:40:35,299.357,175,00700.HK-2025-11-20-127,N
2025-11-20T09:40:40,299.433,164,00700.HK-2025-11-20-128,N
2025-11-20T09:40:45,299.459,238,00700.HK-2025-11-20-129,N
2025-11-20T09:40:50,299.404,197,00700.HK-2025-11-20-130,N
2025-11-20T09:40:55,299.21,148,00700.HK-2025-11-20-131,N
2025-11-20T09:41:00,299.195,137,00700.HK-2025-11-20-132,N
2025-11-20T09:41:05,299.292,128,00700.HK-2025-11-20-133,N
2025-11-20T09:41:10,299.266,206,00700.HK-2025-11-20-134,N
2025-11-20T09:41:15,299.352,128,00700.HK-2025-11-20-135,N
2025-11-20T09:41:20,299.422,200,00700.HK-2025-11-20-136,N
2025-11-20T09:41:25,299.363,223,00700.HK-2025-11-20-137,N
2025-11-20T09:41:30,299.375,169,00700.HK-2025-11-20-138,N
2025-11-20T09:41:35,299.379,180,00700.HK-2025-11-20-139,N
2025-11-20T09:41:40,299.386,233,00700.HK-2025-11-20-140,N
2025-11-20T09:41:45,299.481,138,00700.HK-2025-11-20-141,N
2025-11-20T09:41:50,299.609,102,00700.HK-2025-11-20-142,N
2025-11-20T09:41:55,299.6,229,00700.HK-2025-11-20-143,N
2025-11-20T09:42:00,299.617,168,00700.HK-2025-11-20-144,N
2025-11-20T09:42:05,299.604,175,00700.HK-2025-11-20-145,N
2025-11-20T09:42:10,299.569,242,00700.HK-2025-11-20-146,N
2025-11-20T09:42:15,299.59,165,00700.HK-2025-11-20-147,N
2025-11-20T09:42:20,299.644,215,00700.HK-2025-11-20-148,N
2025-11-20T09:42:25,299.693,231,00700.HK-2025-11-20-149,N
2025-11-20T09:42:30,299.643,171,00700.HK-2025-11-20-150,N
2025-11-20T09:42:35,299.688,230,00700.HK-2025-11-20-151,N
2025-11-20T09:42:40,299.687,205,00700.HK-2025-11-20-152,N
2025-11-20T09:42:45,299.763,170,00700.HK-2025-11-20-153,N
2025-11-20T09:42:50,299.796,189,00700.HK-2025-11-20-154,N
2025-11-20T09:42:55,299.783,254,00700.HK-2025-11-20-155,N
2025-11-20T09:43:00,299.832,240,00700.HK-2025-11-20-156,N
2025-11-20T09:43:05,299.911,201,00700.HK-2025-11-20-157,N
2025-11-20T09:43:10,299.952,184,00700.HK-2025-11-20-158,N
2025-11-20T09:43:15,299.971,193,00700.HK-2025-11-20-159,N
2025-11-20T09:43:20,299.977,229,00700.HK-2025-11-20-160,N
2025-11-20T09:43:25,299.928,304,00700.HK-2025-11-20-161,N
2025-11-20T09:43:30,299.867,139,00700.HK-2025-11-20-162,N
2025-11-20T09:43:35,299.937,239,00700.HK-2025-11-20-163,N
2025-11-20T09:43:40,299.974,231,00700.HK-2025-11-20-164,N
2025-11-20T09:43:45,299.974,155,00700.HK-2025-11-20-165,N
2025-11-20T09:43:50,299.978,166,00700.HK-2025-11-20-166,N
2025-11-20T09:43:55,300.037,192,00700.HK-2025-11-20-167,N
2025-11-20T09:44:00,299.987,183,00700.HK-2025-11-20-168,N
2025-11-20T09:44:05,300.012,171,00700.HK-2025-11-20-169,N
2025-11-20T09:44:10,299.963,212,00700.HK-2025-11-20-170,N
2025-11-20T09:44:15,299.977,174,00700.HK-2025-11-20-171,N
2025-11-20T09:44:20,299.949,211,00700.HK-2025-11-20-172,N
2025-11-20T09:44:25,299.862,129,00700.HK-2025-11-20-173,N
2025-11-20T09:44:30,299.819,189,00700.HK-2025-11-20-174,N
2025-11-20T09:44:35,299.838,273,00700.HK-2025-11-20-175,N
2025-11-20T09:44:40,299.889,192,00700.HK-2025-11-20-176,N
2025-11-20T09:44:45,299.888,149,00700.HK-2025-11-20-177,N
2025-11-20T09:44:50,299.887,185,00700.HK-2025-11-20-178,N
2025-11-20T09:44:55,299.906,158,00700.HK-2025-11-20-179,N
2025-11-20T09:45:00,299.937,276,00700.HK-2025-11-20-180,N
2025-11-20T09:45:05,299.931,220,00700.HK-2025-11-20-181,N
2025-11-20T09:45:10,299.972,179,00700.HK-2025-11-20-182,N
2025-11-20T09:45:15,299.986,200,00700.HK-2025-11-20-183,N
2025-11-20T09:45:20,299.992,161,00700.HK-2025-11-20-184,N
2025-11-20T09:45:25,299.993,224,00700.HK-2025-11-20-185,N
2025-11-20T09:45:30,300.08,247,00700.HK-2025-11-20-186,N
2025-11-20T09:45:35,300.209,161,00700.HK-2025-11-20-187,N
2025-11-20T09:45:40,300.262,209,00700.HK-2025-11-20-188,N
2025-11-20T09:45:45,300.393,159,00700.HK-2025-11-20-189,N
2025-11-20T09:45:50,300.343,170,00700.HK-2025-11-20-190,N
2025-11-20T09:45:55,300.215,173,00700.HK-2025-11-20-191,N
2025-11-20T09:46:00,300.17,207,00700.HK-2025-11-20-192,N
2025-11-20T09:46:05,300.19,293,00700.HK-2025-11-20-193,N
2025-11-20T09:46:10,300.247,171,00700.HK-2025-11-20-194,N
2025-11-20T09:46:15,300.193,224,00700.HK-2025-11-20-195,N
2025-11-20T09:46:20,300.114,291,00700.HK-2025-11-20-196,N
2025-11-20T09:46:25,300.185,176,00700.HK-2025-11-20-197,N
2025-11-20T09:46:30,300.082,267,00700.HK-2025-11-20-198,N
2025-11-20T09:46:35,300.075,261,00700.HK-2025-11-20-199,N
2025-11-20T09:46:40,299.979,170,00700.HK-2025-11-20-200,N
2025-11-20T09:46:45,299.98,202,00700.HK-2025-11-20-201,N
2025-11-20T09:46:50,299.953,231,00700.HK-2025-11-20-202,N
2025-11-20T09:46:55,299.889,192,00700.HK-2025-11-20-203,N
2025-11-20T09:47:00,299.896,225,00700.HK-2025-11-20-204,N
2025-11-20T09:47:05,299.938,143,00700.HK-2025-11-20-205,N
2025-11-20T09:47:10,299.846,263,00700.HK-2025-11-20-206,N
2025-11-20T09:47:15,299.866,162,00700.HK-2025-11-20-207,N
2025-11-20T09:47:20,299.959,205,00700.HK-2025-11-20-208,N
2025-11-20T09:47:25,300.03,203,00700.HK-2025-11-20-209,N
2025-11-20T09:47:30,300.154,287,00700.HK-2025-11-20-210,N
2025-11-20T09:47:35,300.139,248,00700.HK-2025-11-20-211,N
2025-11-20T09:47:40,300.178,268,00700.HK-2025-11-20-212,N
2025-11-20T09:47:45,300.12,234,00700.HK-2025-11-20-213,N
2025-11-20T09:47:50,300.183,112,00700.HK-2025-11-20-214,N
2025-11-20T09:47:55,300.112,98,00700.HK-2025-11-20-215,N
2025-11-20T09:48:00,300.096,235,00700.HK-2025-11-20-216,N
2025-11-20T09:48:05,300.186,203,00700.HK-2025-11-20-217,N
2025-11-20T09:48:10,300.284,130,00700.HK-2025-11-20-218,N
2025-11-20T09:48:15,300.182,197,00700.HK-2025-11-20-219,N
2025-11-20T09:48:20,300.205,198,00700.HK-2025-11-20-220,N
2025-11-20T09:48:25,300.081,195,00700.HK-2025-11-20-221,N
2025-11-20T09:48:30,300.002,233,00700.HK-2025-11-20-222,N
2025-11-20T09:48:35,300.024,153,00700.HK-2025-11-20-223,N
2025-11-20T09:48:40,299.993,147,00700.HK-2025-11-20-224,N
2025-11-20T09:48:45,299.99,247,00700.HK-2025-11-20-225,N
2025-11-20T09:48:50,299.931,225,00700.HK-2025-11-20-226,N
2025-11-20T09:48:55,299.899,160,00700.HK-2025-11-20-227,N
2025-11-20T09:49:00,299.892,148,00700.HK-2025-11-20-228,N
2025-11-20T09:49:05,299.859,140,00700.HK-2025-11-20-229,N
2025-11-20T09:49:10,299.977,201,00700.HK-2025-11-20-230,N
2025-11-20T09:49:15,299.935,210,00700.HK-2025-11-20-231,N
2025-11-20T09:49:20,299.928,188,00700.HK-2025-11-20-232,N
2025-11-20T09:49:25,299.965,237,00700.HK-2025-11-20-233,N
2025-11-20T09:49:30,299.933,171,00700.HK-2025-11-20-234,N
2025-11-20T09:49:35,299.917,84,00700.HK-2025-11-20-235,N
2025-11-20T09:49:40,299.826,268,00700.HK-2025-11-20-236,N
2025-11-20T09:49:45,299.925,187,00700.HK-2025-11-20-237,N
2025-11-20T09:49:50,299.959,215,00700.HK-2025-11-20-238,N
2025-11-20T09:49:55,300.144,255,00700.HK-2025-11-20-239,N
2025-11-20T09:50:00,300.136,152,00700.HK-2025-11-20-240,N
2025-11-20T09:50:05,300.04,210,00700.HK-2025-11-20-241,N
2025-11-20T09:50:10,299.994,128,00700.HK-2025-11-20-242,N
2025-11-20T09:50:15,299.956,145,00700.HK-2025-11-20-243,N
2025-11-20T09:50:20,300.057,244,00700.HK-2025-11-20-244,N
2025-11-20T09:50:25,300.056,273,00700.HK-2025-11-20-245,N
2025-11-20T09:50:30,300.061,156,00700.HK-2025-11-20-246,N
2025-11-20T09:50:35,300.152,226,00700.HK-2025-11-20-247,N
2025-11-20T09:50:40,300.09,190,00700.HK-2025-11-20-248,N
2025-11-20T09:50:45,300.037,130,00700.HK-2025-11-20-249,N
2025-11-20T09:50:50,300.093,295,00700.HK-2025-11-20-250,N
2025-11-20T09:50:55,300.009,228,00700.HK-2025-11-20-251,N
2025-11-20T09:51:00,299.97,175,00700.HK-2025-11-20-252,N
2025-11-20T09:51:05,299.935,156,00700.HK-2025-11-20-253,N
2025-11-20T09:51:10,299.937,158,00700.HK-2025-11-20-254,N
2025-11-20T09:51:15,299.954,197,00700.HK-2025-11-20-255,N
2025-11-20T09:51:20,299.939,154,00700.HK-2025-11-20-256,N
2025-11-20T09:51:25,299.905,237,00700.HK-2025-11-20-257,N
2025-11-20T09:51:30,299.935,151,00700.HK-2025-11-20-258,N
2025-11-20T09:51:35,299.941,237,00700.HK-2025-11-20-259,N
2025-11-20T09:51:40,299.841,227,00700.HK-2025-11-20-260,N
2025-11-20T09:51:45,299.801,228,00700.HK-2025-11-20-261,N
2025-11-20T09:51:50,299.755,109,00700.HK-2025-11-20-262,N
2025-11-20T09:51:55,299.658,202,00700.HK-2025-11-20-263,N
2025-11-20T09:52:00,299.673,154,00700.HK-2025-11-20-264,N
2025-11-20T09:52:05,299.711,116,00700.HK-2025-11-20-265,N
2025-11-20T09:52:10,299.707,139,00700.HK-2025-11-20-266,N
2025-11-20T09:52:15,299.668,202,00700.HK-2025-11-20-267,N
2025-11-20T09:52:20,299.617,180,00700.HK-2025-11-20-268,N
2025-11-20T09:52:25,299.677,171,00700.HK-2025-11-20-269,N
2025-11-20T09:52:30,299.727,143,00700.HK-2025-11-20-270,N
2025-11-20T09:52:35,299.759,272,00700.HK-2025-11-20-271,N
2025-11-20T09:52:40,299.611,160,00700.HK-2025-11-20-272,N
2025-11-20T09:52:45,299.645,189,00700.HK-2025-11-20-273,N
2025-11-20T09:52:50,299.668,169,00700.HK-2025-11-20-274,N
2025-11-20T09:52:55,299.673,192,00700.HK-2025-11-20-275,N
2025-11-20T09:53:00,299.743,212,00700.HK-2025-11-20-276,N
2025-11-20T09:53:05,299.763,179,00700.HK-2025-11-20-277,N
2025-11-20T09:53:10,299.734,178,00700.HK-2025-11-20-278,N
2025-11-20T09:53:15,299.757,178,00700.HK-2025-11-20-279,N
2025-11-20T09:53:20,299.775,303,00700.HK-2025-11-20-280,N
2025-11-20T09:53:25,299.827,183,00700.HK-2025-11-20-281,N
2025-11-20T09:53:30,299.899,179,00700.HK-2025-11-20-282,N
2025-11-20T09:53:35,299.777,149,00700.HK-2025-11-20-283,N
2025-11-20T09:53:40,299.665,182,00700.HK-2025-11-20-284,N
2025-11-20T09:53:45,299.666,283,00700.HK-2025-11-20-285,N
2025-11-20T09:53:50,299.685,189,00700.HK-2025-11-20-286,N
2025-11-20T09:53:55,299.735,89,00700.HK-2025-11-20-287,N
2025-11-20T09:54:00,299.749,238,00700.HK-2025-11-20-288,N
2025-11-20T09:54:05,299.66,257,00700.HK-2025-11-20-289,N
2025-11-20T09:54:10,299.681,179,00700.HK-2025-11-20-290,N
2025-11-20T09:54:15,299.719,313,00700.HK-2025-11-20-291,N
2025-11-20T09:54:20,299.73,212,00700.HK-2025-11-20-292,N
2025-11-20T09:54:25,299.702,157,00700.HK-2025-11-20-293,N
2025-11-20T09:54:30,299.752,157,00700.HK-2025-11-20-294,N
2025-11-20T09:54:35,299.756,176,00700.HK-2025-11-20-295,N
2025-11-20T09:54:40,299.785,216,00700.HK-2025-11-20-296,N
2025-11-20T09:54:45,299.847,174,00700.HK-2025-11-20-297,N
2025-11-20T09:54:50,299.831,151,00700.HK-2025-11-20-298,N
2025-11-20T09:54:55,299.804,218,00700.HK-2025-11-20-299,N
2025-11-20T09:55:00,299.85,153,00700.HK-2025-11-20-300,N
2025-11-20T09:55:05,299.902,267,00700.HK-2025-11-20-301,N
2025-11-20T09:55:10,299.927,293,00700.HK-2025-11-20-302,N
2025-11-20T09:55:15,299.88,137,00700.HK-2025-11-20-303,N
2025-11-20T09:55:20,299.773,274,00700.HK-2025-11-20-304,N
2025-11-20T09:55:25,299.813,197,00700.HK-2025-11-20-305,N
2025-11-20T09:55:30,299.829,143,00700.HK-2025-11-20-306,N
2025-11-20T09:55:35,299.976,206,00700.HK-2025-11-20-307,N
2025-11-20T09:55:40,299.983,236,00700.HK-2025-11-20-308,N
2025-11-20T09:55:45,300.012,211,00700.HK-2025-11-20-309,N
2025-11-20T09:55:50,299.964,223,00700.HK-2025-11-20-310,N
2025-11-20T09:55:55,300.077,267,00700.HK-2025-11-20-311,N
2025-11-20T09:56:00,300.173,174,00700.HK-2025-11-20-312,N
2025-11-20T09:56:05,300.113,193,00700.HK-2025-11-20-313,N
2025-11-20T09:56:10,300.117,254,00700.HK-2025-11-20-314,N
2025-11-20T09:56:15,300.015,276,00700.HK-2025-11-20-315,N
2025-11-20T09:56:20,300.006,178,00700.HK-2025-11-20-316,N
2025-11-20T09:56:25,299.945,117,00700.HK-2025-11-20-317,N
2025-11-20T09:56:30,299.994,203,00700.HK-2025-11-20-318,N
2025-11-20T09:56:35,299.917,135,00700.HK-2025-11-20-319,N
2025-11-20T09:56:40,299.897,283,00700.HK-2025-11-20-320,N
2025-11-20T09:56:45,299.881,124,00700.HK-2025-11-20-321,N
2025-11-20T09:56:50,299.866,186,00700.HK-2025-11-20-322,N
2025-11-20T09:56:55,299.705,197,00700.HK-2025-11-20-323,N
2025-11-20T09:57:00,299.691,234,00700.HK-2025-11-20-324,N
2025-11-20T09:57:05,299.802,256,00700.HK-2025-11-20-325,N
2025-11-20T09:57:10,299.785,144,00700.HK-2025-11-20-326,N
2025-11-20T09:57:15,299.94,202,00700.HK-2025-11-20-327,N
2025-11-20T09:57:20,299.941,198,00700.HK-2025-11-20-328,N
2025-11-20T09:57:25,299.952,192,00700.HK-2025-11-20-329,N
2025-11-20T09:57:30,299.918,172,00700.HK-2025-11-20-330,N
2025-11-20T09:57:35,299.916,172,00700.HK-2025-11-20-331,N
2025-11-20T09:57:40,299.873,205,00700.HK-2025-11-20-332,N
2025-11-20T09:57:45,299.858,275,00700.HK-2025-11-20-333,N
2025-11-20T09:57:50,299.699,254,00700.HK-2025-11-20-334,N
2025-11-20T09:57:55,299.774,96,00700.HK-2025-11-20-335,N
2025-11-20T09:58:00,299.753,181,00700.HK-2025-11-20-336,N
2025-11-20T09:58:05,299.669,161,00700.HK-2025-11-20-337,N
2025-11-20T09:58:10,299.602,287,00700.HK-2025-11-20-338,N
2025-11-20T09:58:15,299.658,263,00700.HK-2025-11-20-339,N
2025-11-20T09:58:20,299.702,143,00700.HK-2025-11-20-340,N
2025-11-20T09:58:25,299.67,224,00700.HK-2025-11-20-341,N
2025-11-20T09:58:30,299.597,235,00700.HK-2025-11-20-342,N
2025-11-20T09:58:35,299.582,181,00700.HK-2025-11-20-343,N
2025-11-20T09:58:40,299.625,222,00700.HK-2025-11-20-344,N
2025-11-20T09:58:45,299.603,257,00700.HK-2025-11-20-345,N
2025-11-20T09:58:50,299.539,230,00700.HK-2025-11-20-346,N
2025-11-20T09:58:55,299.574,184,00700.HK-2025-11-20-347,N
2025-11-20T09:59:00,299.594,137,00700.HK-2025-11-20-348,N
2025-11-20T09:59:05,299.649,190,00700.HK-2025-11-20-349,N
2025-11-20T09:59:10,299.618,252,00700.HK-2025-11-20-350,N
2025-11-20T09:59:15,299.576,129,00700.HK-2025-11-20-351,N
2025-11-20T09:59:20,299.482,230,00700.HK-2025-11-20-352,N
2025-11-20T09:59:25,299.406,287,00700.HK-2025-11-20-353,N
2025-11-20T09:59:30,299.281,284,00700.HK-2025-11-20-354,N
2025-11-20T09:59:35,299.294,195,00700.HK-2025-11-20-355,N
2025-11-20T09:59:40,299.261,219,00700.HK-2025-11-20-356,N
2025-11-20T09:59:45,299.259,255,00700.HK-2025-11-20-357,N
2025-11-20T09:59:50,299.266,207,00700.HK-2025-11-20-358,N
2025-11-20T09:59:55,299.244,197,00700.HK-2025-11-20-359,N
2025-11-20T10:00:00,299.262,114,00700.HK-2025-11-20-360,N
2025-11-20T10:00:05,299.182,237,00700.HK-2025-11-20-361,N
2025-11-20T10:00:10,299.192,190,00700.HK-2025-11-20-362,N
2025-11-20T10:00:15,299.193,217,00700.HK-2025-11-20-363,N
2025-11-20T10:00:20,299.161,161,00700.HK-2025-11-20-364,N
2025-11-20T10:00:25,299.172,151,00700.HK-2025-11-20-365,N
2025-11-20T10:00:30,299.197,114,00700.HK-2025-11-20-366,N
2025-11-20T10:00:35,299.258,223,00700.HK-2025-11-20-367,N
2025-11-20T10:00:40,299.274,249,00700.HK-2025-11-20-368,N
2025-11-20T10:00:45,299.373,250,00700.HK-2025-11-20-369,N
2025-11-20T10:00:50,299.263,136,00700.HK-2025-11-20-370,N
2025-11-20T10:00:55,299.226,201,00700.HK-2025-11-20-371,N
2025-11-20T10:01:00,299.257,163,00700.HK-2025-11-20-372,N
2025-11-20T10:01:05,299.268,162,00700.HK-2025-11-20-373,N
2025-11-20T10:01:10,299.231,129,00700.HK-2025-11-20-374,N
2025-11-20T10:01:15,299.176,132,00700.HK-2025-11-20-375,N
2025-11-20T10:01:20,299.118,252,00700.HK-2025-11-20-376,N
2025-11-20T10:01:25,299.061,331,00700.HK-2025-11-20-377,N
2025-11-20T10:01:30,299.09,209,00700.HK-2025-11-20-378,N
2025-11-20T10:01:35,299.039,235,00700.HK-2025-11-20-379,N
2025-11-20T10:01:40,299.005,206,00700.HK-2025-11-20-380,N
2025-11-20T10:01:45,299.158,195,00700.HK-2025-11-20-381,N
2025-11-20T10:01:50,299.226,164,00700.HK-2025-11-20-382,N
2025-11-20T10:01:55,299.224,288,00700.HK-2025-11-20-383,N
2025-11-20T10:02:00,299.187,290,00700.HK-2025-11-20-384,N
2025-11-20T10:02:05,299.229,171,00700.HK-2025-11-20-385,N
2025-11-20T10:02:10,299.267,248,00700.HK-2025-11-20-386,N
2025-11-20T10:02:15,299.304,121,00700.HK-2025-11-20-387,N
2025-11-20T10:02:20,299.261,187,00700.HK-2025-11-20-388,N
2025-11-20T10:02:25,299.256,231,00700.HK-2025-11-20-389,N
2025-11-20T10:02:30,299.267,133,00700.HK-2025-11-20-390,N
2025-11-20T10:02:35,299.29,230,00700.HK-2025-11-20-391,N
2025-11-20T10:02:40,299.323,254,00700.HK-2025-11-20-392,N
2025-11-20T10:02:45,299.373,222,00700.HK-2025-11-20-393,N
2025-11-20T10:02:50,299.369,116,00700.HK-2025-11-20-394,N
2025-11-20T10:02:55,299.395,210,00700.HK-2025-11-20-395,N
2025-11-20T10:03:00,299.411,136,00700.HK-2025-11-20-396,N
2025-11-20T10:03:05,299.346,252,00700.HK-2025-11-20-397,N
2025-11-20T10:03:10,299.344,234,00700.HK-2025-11-20-398,N
2025-11-20T10:03:15,299.345,201,00700.HK-2025-11-20-399,N
2025-11-20T10:03:20,299.402,174,00700.HK-2025-11-20-400,N
2025-11-20T10:03:25,299.407,176,00700.HK-2025-11-20-401,N
2025-11-20T10:03:30,299.381,184,00700.HK-2025-11-20-402,N
2025-11-20T10:03:35,299.395,176,00700.HK-2025-11-20-403,N
2025-11-20T10:03:40,299.47,155,00700.HK-2025-11-20-404,N
2025-11-20T10:03:45,299.459,178,00700.HK-2025-11-20-405,N
2025-11-20T10:03:50,299.545,209,00700.HK-2025-11-20-406,N
2025-11-20T10:03:55,299.607,125,00700.HK-2025-11-20-407,N
2025-11-20T10:04:00,299.623,244,00700.HK-2025-11-20-408,N
2025-11-20T10:04:05,299.628,253,00700.HK-2025-11-20-409,N
2025-11-20T10:04:10,299.597,270,00700.HK-2025-11-20-410,N
2025-11-20T10:04:15,299.735,181,00700.HK-2025-11-20-411,N
2025-11-20T10:04:20,299.708,272,00700.HK-2025-11-20-412,N
2025-11-20T10:04:25,299.803,173,00700.HK-2025-11-20-413,N
2025-11-20T10:04:30,299.778,185,00700.HK-2025-11-20-414,N
2025-11-20T10:04:35,299.697,154,00700.HK-2025-11-20-415,N
2025-11-20T10:04:40,299.637,161,00700.HK-2025-11-20-416,N
2025-11-20T10:04:45,299.635,211,00700.HK-2025-11-20-417,N
2025-11-20T10:04:50,299.728,150,00700.HK-2025-11-20-418,N
2025-11-20T10:04:55,299.787,189,00700.HK-2025-11-20-419,N
2025-11-20T10:05:00,299.784,233,00700.HK-2025-11-20-420,N
2025-11-20T10:05:05,299.716,219,00700.HK-2025-11-20-421,N
2025-11-20T10:05:10,299.726,224,00700.HK-2025-11-20-422,N
2025-11-20T10:05:15,299.744,322,00700.HK-2025-11-20-423,N
2025-11-20T10:05:20,299.705,173,00700.HK-2025-11-20-424,N
2025-11-20T10:05:25,299.668,172,00700.HK-2025-11-20-425,N
2025-11-20T10:05:30,299.63,259,00700.HK-2025-11-20-426,N
2025-11-20T10:05:35,299.715,171,00700.HK-2025-11-20-427,N
2025-11-20T10:05:40,299.665,223,00700.HK-2025-11-20-428,N
2025-11-20T10:05:45,299.632,231,00700.HK-2025-11-20-429,N
2025-11-20T10:05:50,299.644,124,00700.HK-2025-11-20-430,N
2025-11-20T10:05:55,299.737,289,00700.HK-2025-11-20-431,N
2025-11-20T10:06:00,299.7,180,00700.HK-2025-11-20-432,N
2025-11-20T10:06:05,299.717,216,00700.HK-2025-11-20-433,N
2025-11-20T10:06:10,299.757,300,00700.HK-2025-11-20-434,N
2025-11-20T10:06:15,299.746,160,00700.HK-2025-11-20-435,N
2025-11-20T10:06:20,299.663,163,00700.HK-2025-11-20-436,N
2025-11-20T10:06:25,299.661,289,00700.HK-2025-11-20-437,N
2025-11-20T10:06:30,299.63,211,00700.HK-2025-11-20-438,N
2025-11-20T10:06:35,299.629,259,00700.HK-2025-11-20-439,N
2025-11-20T10:06:40,299.781,173,00700.HK-2025-11-20-440,N
2025-11-20T10:06:45,299.752,252,00700.HK-2025-11-20-441,N
2025-11-20T10:06:50,299.792,292,00700.HK-2025-11-20-442,N
2025-11-20T10:06:55,299.827,182,00700.HK-2025-11-20-443,N
2025-11-20T10:07:00,299.863,255,00700.HK-2025-11-20-444,N
2025-11-20T10:07:05,299.912,225,00700.HK-2025-11-20-445,N
2025-11-20T10:07:10,299.976,258,00700.HK-2025-11-20-446,N
2025-11-20T10:07:15,300.059,232,00700.HK-2025-11-20-447,N
2025-11-20T10:07:20,300.049,207,00700.HK-2025-11-20-448,N
2025-11-20T10:07:25,300.121,159,00700.HK-2025-11-20-449,N
2025-11-20T10:07:30,300.143,180,00700.HK-2025-11-20-450,N
2025-11-20T10:07:35,300.145,263,00700.HK-2025-11-20-451,N
2025-11-20T10:07:40,300.157,202,00700.HK-2025-11-20-452,N
2025-11-20T10:07:45,300.075,237,00700.HK-2025-11-20-453,N
2025-11-20T10:07:50,300.114,308,00700.HK-2025-11-20-454,N
2025-11-20T10:07:55,300.095,210,00700.HK-2025-11-20-455,N
2025-11-20T10:08:00,300.11,278,00700.HK-2025-11-20-456,N
2025-11-20T10:08:05,300.105,213,00700.HK-2025-11-20-457,N
2025-11-20T10:08:10,300.141,209,00700.HK-2025-11-20-458,N
2025-11-20T10:08:15,300.114,209,00700.HK-2025-11-20-459,N
2025-11-20T10:08:20,300.179,148,00700.HK-2025-11-20-460,N
2025-11-20T10:08:25,300.187,164,00700.HK-2025-11-20-461,N
2025-11-20T10:08:30,300.258,123,00700.HK-2025-11-20-462,N
2025-11-20T10:08:35,300.225,218,00700.HK-2025-11-20-463,N
2025-11-20T10:08:40,300.319,196,00700.HK-2025-11-20-464,N
2025-11-20T10:08:45,300.285,294,00700.HK-2025-11-20-465,N
2025-11-20T10:08:50,300.199,90,00700.HK-2025-11-20-466,N
2025-11-20T10:08:55,300.225,174,00700.HK-2025-11-20-467,N
2025-11-20T10:09:00,300.164,235,00700.HK-2025-11-20-468,N
2025-11-20T10:09:05,300.178,171,00700.HK-2025-11-20-469,N
2025-11-20T10:09:10,300.101,243,00700.HK-2025-11-20-470,N
2025-11-20T10:09:15,300.14,195,00700.HK-2025-11-20-471,N
2025-11-20T10:09:20,300.251,146,00700.HK-2025-11-20-472,N
2025-11-20T10:09:25,300.16,165,00700.HK-2025-11-20-473,N
2025-11-20T10:09:30,300.157,212,00700.HK-2025-11-20-474,N
2025-11-20T10:09:35,300.142,217,00700.HK-2025-11-20-475,N
2025-11-20T10:09:40,300.067,272,00700.HK-2025-11-20-476,N
2025-11-20T10:09:45,300.062,255,00700.HK-2025-11-20-477,N
2025-11-20T10:09:50,300.083,222,00700.HK-2025-11-20-478,N
2025-11-20T10:09:55,300.117,222,00700.HK-2025-11-20-479,N
2025-11-20T10:10:00,300.156,266,00700.HK-2025-11-20-480,N
2025-11-20T10:10:05,300.168,235,00700.HK-2025-11-20-481,N
2025-11-20T10:10:10,300.162,272,00700.HK-2025-11-20-482,N
2025-11-20T10:10:15,300.122,290,00700.HK-2025-11-20-483,N
2025-11-20T10:10:20,300.119,128,00700.HK-2025-11-20-484,N
2025-11-20T10:10:25,300.127,165,00700.HK-2025-11-20-485,N
2025-11-20T10:10:30,300.177,167,00700.HK-2025-11-20-486,N
2025-11-20T10:10:35,300.15,105,00700.HK-2025-11-20-487,N
2025-11-20T10:10:40,300.123,78,00700.HK-2025-11-20-488,N
2025-11-20T10:10:45,300.028,238,00700.HK-2025-11-20-489,N
2025-11-20T10:10:50,300.075,221,00700.HK-2025-11-20-490,N
2025-11-20T10:10:55,300.017,197,00700.HK-2025-11-20-491,N
2025-11-20T10:11:00,300.017,142,00700.HK-2025-11-20-492,N
2025-11-20T10:11:05,300.107,243,00700.HK-2025-11-20-493,N
2025-11-20T10:11:10,300.094,201,00700.HK-2025-11-20-494,N
2025-11-20T10:11:15,300.107,97,00700.HK-2025-11-20-495,N
2025-11-20T10:11:20,300.092,165,00700.HK-2025-11-20-496,N
2025-11-20T10:11:25,300.032,185,00700.HK-2025-11-20-497,N
2025-11-20T10:11:30,300.14,232,00700.HK-2025-11-20-498,N
2025-11-20T10:11:35,300.105,228,00700.HK-2025-11-20-499,N
2025-11-20T10:11:40,300.189,246,00700.HK-2025-11-20-500,N
2025-11-20T10:11:45,300.193,167,00700.HK-2025-11-20-501,N
2025-11-20T10:11:50,300.235,219,00700.HK-2025-11-20-502,N
2025-11-20T10:11:55,300.288,231,00700.HK-2025-11-20-503,N
2025-11-20T10:12:00,300.352,173,00700.HK-2025-11-20-504,N
2025-11-20T10:12:05,300.431,209,00700.HK-2025-11-20-505,N
2025-11-20T10:12:10,300.555,165,00700.HK-2025-11-20-506,N
2025-11-20T10:12:15,300.66,209,00700.HK-2025-11-20-507,N
2025-11-20T10:12:20,300.621,175,00700.HK-2025-11-20-508,N
2025-11-20T10:12:25,300.601,221,00700.HK-2025-11-20-509,N
2025-11-20T10:12:30,300.633,171,00700.HK-2025-11-20-510,N
2025-11-20T10:12:35,300.631,307,00700.HK-2025-11-20-511,N
2025-11-20T10:12:40,300.735,221,00700.HK-2025-11-20-512,N
2025-11-20T10:12:45,300.737,206,00700.HK-2025-11-20-513,N
2025-11-20T10:12:50,300.774,148,00700.HK-2025-11-20-514,N
2025-11-20T10:12:55,300.759,116,00700.HK-2025-11-20-515,N
2025-11-20T10:13:00,300.783,232,00700.HK-2025-11-20-516,N
2025-11-20T10:13:05,300.754,278,00700.HK-2025-11-20-517,N
2025-11-20T10:13:10,300.68,126,00700.HK-2025-11-20-518,N
2025-11-20T10:13:15,300.694,252,00700.HK-2025-11-20-519,N
2025-11-20T10:13:20,300.795,177,00700.HK-2025-11-20-520,N
2025-11-20T10:13:25,300.86,198,00700.HK-2025-11-20-521,N
2025-11-20T10:13:30,300.849,244,00700.HK-2025-11-20-522,N
2025-11-20T10:13:35,300.889,121,00700.HK-2025-11-20-523,N
2025-11-20T10:13:40,300.977,269,00700.HK-2025-11-20-524,N
2025-11-20T10:13:45,300.94,219,00700.HK-2025-11-20-525,N
2025-11-20T10:13:50,300.969,213,00700.HK-2025-11-20-526,N
2025-11-20T10:13:55,300.936,166,00700.HK-2025-11-20-527,N
2025-11-20T10:14:00,300.935,258,00700.HK-2025-11-20-528,N
2025-11-20T10:14:05,300.968,181,00700.HK-2025-11-20-529,N
2025-11-20T10:14:10,301.014,57,00700.HK-2025-11-20-530,N
2025-11-20T10:14:15,301.083,113,00700.HK-2025-11-20-531,N
2025-11-20T10:14:20,301.061,144,00700.HK-2025-11-20-532,N
2025-11-20T10:14:25,300.983,258,00700.HK-2025-11-20-533,N
2025-11-20T10:14:30,300.955,217,00700.HK-2025-11-20-534,N
2025-11-20T10:14:35,300.952,223,00700.HK-2025-11-20-535,N
2025-11-20T10:14:40,300.957,135,00700.HK-2025-11-20-536,N
2025-11-20T10:14:45,301.017,175,00700.HK-2025-11-20-537,N
2025-11-20T10:14:50,300.923,178,00700.HK-2025-11-20-538,N
2025-11-20T10:14:55,301.014,242,00700.HK-2025-11-20-539,N
2025-11-20T10:15:00,300.993,182,00700.HK-2025-11-20-540,N
2025-11-20T10:15:05,300.973,303,00700.HK-2025-11-20-541,N
2025-11-20T10:15:10,300.996,221,00700.HK-2025-11-20-542,N
2025-11-20T10:15:15,301.058,211,00700.HK-2025-11-20-543,N
2025-11-20T10:15:20,301.043,190,00700.HK-2025-11-20-544,N
2025-11-20T10:15:25,301.038,198,00700.HK-2025-11-20-545,N
2025-11-20T10:15:30,301.082,202,00700.HK-2025-11-20-546,N
2025-11-20T10:15:35,301.126,195,00700.HK-2025-11-20-547,N
2025-11-20T10:15:40,301.131,100,00700.HK-2025-11-20-548,N
2025-11-20T10:15:45,301.186,217,00700.HK-2025-11-20-549,N
2025-11-20T10:15:50,301.246,55,00700.HK-2025-11-20-550,N
2025-11-20T10:15:55,301.372,193,00700.HK-2025-11-20-551,N
2025-11-20T10:16:00,301.439,148,00700.HK-2025-11-20-552,N
2025-11-20T10:16:05,301.476,147,00700.HK-2025-11-20-553,N
2025-11-20T10:16:10,301.438,295,00700.HK-2025-11-20-554,N
2025-11-20T10:16:15,301.427,210,00700.HK-2025-11-20-555,N
2025-11-20T10:16:20,301.479,224,00700.HK-2025-11-20-556,N
2025-11-20T10:16:25,301.488,218,00700.HK-2025-11-20-557,N
2025-11-20T10:16:30,301.633,197,00700.HK-2025-11-20-558,N
2025-11-20T10:16:35,301.645,252,00700.HK-2025-11-20-559,N
2025-11-20T10:16:40,301.712,259,00700.HK-2025-11-20-560,N
2025-11-20T10:16:45,301.751,142,00700.HK-2025-11-20-561,N
2025-11-20T10:16:50,301.849,142,00700.HK-2025-11-20-562,N
2025-11-20T10:16:55,301.867,162,00700.HK-2025-11-20-563,N
2025-11-20T10:17:00,301.864,216,00700.HK-2025-11-20-564,N
2025-11-20T10:17:05,301.883,221,00700.HK-2025-11-20-565,N
2025-11-20T10:17:10,301.98,222,00700.HK-2025-11-20-566,N
2025-11-20T10:17:15,301.966,248,00700.HK-2025-11-20-567,N
2025-11-20T10:17:20,302.037,138,00700.HK-2025-11-20-568,N
2025-11-20T10:17:25,302.074,235,00700.HK-2025-11-20-569,N
2025-11-20T10:17:30,302.056,268,00700.HK-2025-11-20-570,N
2025-11-20T10:17:35,302.047,206,00700.HK-2025-11-20-571,N
2025-11-20T10:17:40,302.036,200,00700.HK-2025-11-20-572,N
2025-11-20T10:17:45,301.97,127,00700.HK-2025-11-20-573,N
2025-11-20T10:17:50,302.066,157,00700.HK-2025-11-20-574,N
2025-11-20T10:17:55,302.006,92,00700.HK-2025-11-20-575,N
2025-11-20T10:18:00,301.968,133,00700.HK-2025-11-20-576,N
2025-11-20T10:18:05,302.067,250,00700.HK-2025-11-20-577,N
2025-11-20T10:18:10,302.025,312,00700.HK-2025-11-20-578,N
2025-11-20T10:18:15,302.085,183,00700.HK-2025-11-20-579,N
2025-11-20T10:18:20,301.934,314,00700.HK-2025-11-20-580,N
2025-11-20T10:18:25,301.85,117,00700.HK-2025-11-20-581,N
2025-11-20T10:18:30,301.911,321,00700.HK-2025-11-20-582,N
2025-11-20T10:18:35,301.995,228,00700.HK-2025-11-20-583,N
2025-11-20T10:18:40,302.031,242,00700.HK-2025-11-20-584,N
2025-11-20T10:18:45,302.077,214,00700.HK-2025-11-20-585,N
2025-11-20T10:18:50,302.083,196,00700.HK-2025-11-20-586,N
2025-11-20T10:18:55,302.037,185,00700.HK-2025-11-20-587,N
2025-11-20T10:19:00,301.935,195,00700.HK-2025-11-20-588,N
2025-11-20T10:19:05,301.876,144,00700.HK-2025-11-20-589,N
2025-11-20T10:19:10,301.886,269,00700.HK-2025-11-20-590,N
2025-11-20T10:19:15,301.942,121,00700.HK-2025-11-20-591,N
2025-11-20T10:19:20,301.882,247,00700.HK-2025-11-20-592,N
2025-11-20T10:19:25,301.823,188,00700.HK-2025-11-20-593,N
2025-11-20T10:19:30,301.856,151,00700.HK-2025-11-20-594,N
2025-11-20T10:19:35,301.862,133,00700.HK-2025-11-20-595,N
2025-11-20T10:19:40,301.826,215,00700.HK-2025-11-20-596,N
2025-11-20T10:19:45,301.73,222,00700.HK-2025-11-20-597,N
2025-11-20T10:19:50,301.729,227,00700.HK-2025-11-20-598,N
2025-11-20T10:19:55,301.742,268,00700.HK-2025-11-20-599,N
2025-11-20T10:20:00,301.75,178,00700.HK-2025-11-20-600,N
2025-11-20T10:20:05,301.757,227,00700.HK-2025-11-20-601,N
2025-11-20T10:20:10,301.76,202,00700.HK-2025-11-20-602,N
2025-11-20T10:20:15,301.718,166,00700.HK-2025-11-20-603,N
2025-11-20T10:20:20,301.633,287,00700.HK-2025-11-20-604,N
2025-11-20T10:20:25,301.558,165,00700.HK-2025-11-20-605,N
2025-11-20T10:20:30,301.515,244,00700.HK-2025-11-20-606,N
2025-11-20T10:20:35,301.497,262,00700.HK-2025-11-20-607,N
2025-11-20T10:20:40,301.456,213,00700.HK-2025-11-20-608,N
2025-11-20T10:20:45,301.406,307,00700.HK-2025-11-20-609,N
2025-11-20T10:20:50,301.334,215,00700.HK-2025-11-20-610,N
2025-11-20T10:20:55,301.373,220,00700.HK-2025-11-20-611,N
2025-11-20T10:21:00,301.361,193,00700.HK-2025-11-20-612,N
2025-11-20T10:21:05,301.364,192,00700.HK-2025-11-20-613,N
2025-11-20T10:21:10,301.422,310,00700.HK-2025-11-20-614,N
2025-11-20T10:21:15,301.388,131,00700.HK-2025-11-20-615,N
2025-11-20T10:21:20,301.383,328,00700.HK-2025-11-20-616,N
2025-11-20T10:21:25,301.335,281,00700.HK-2025-11-20-617,N
2025-11-20T10:21:30,301.436,172,00700.HK-2025-11-20-618,N
2025-11-20T10:21:35,301.47,281,00700.HK-2025-11-20-619,N
2025-11-20T10:21:40,301.447,189,00700.HK-2025-11-20-620,N
2025-11-20T10:21:45,301.412,149,00700.HK-2025-11-20-621,N
2025-11-20T10:21:50,301.373,138,00700.HK-2025-11-20-622,N
2025-11-20T10:21:55,301.375,161,00700.HK-2025-11-20-623,N
2025-11-20T10:22:00,301.389,122,00700.HK-2025-11-20-624,N
2025-11-20T10:22:05,301.409,241,00700.HK-2025-11-20-625,N
2025-11-20T10:22:10,301.289,218,00700.HK-2025-11-20-626,N
2025-11-20T10:22:15,301.363,139,00700.HK-2025-11-20-627,N
2025-11-20T10:22:20,301.464,220,00700.HK-2025-11-20-628,N
2025-11-20T10:22:25,301.421,197,00700.HK-2025-11-20-629,N
2025-11-20T10:22:30,301.455,203,00700.HK-2025-11-20-630,N
2025-11-20T10:22:35,301.487,153,00700.HK-2025-11-20-631,N
2025-11-20T10:22:40,301.498,129,00700.HK-2025-11-20-632,N
2025-11-20T10:22:45,301.491,154,00700.HK-2025-11-20-633,N
2025-11-20T10:22:50,301.447,261,00700.HK-2025-11-20-634,N
2025-11-20T10:22:55,301.512,230,00700.HK-2025-11-20-635,N
2025-11-20T10:23:00,301.446,184,00700.HK-2025-11-20-636,N
2025-11-20T10:23:05,301.52,207,00700.HK-2025-11-20-637,N
2025-11-20T10:23:10,301.659,219,00700.HK-2025-11-20-638,N
2025-11-20T10:23:15,301.671,184,00700.HK-2025-11-20-639,N
2025-11-20T10:23:20,301.679,192,00700.HK-2025-11-20-640,N
2025-11-20T10:23:25,301.722,247,00700.HK-2025-11-20-641,N
2025-11-20T10:23:30,301.674,133,00700.HK-2025-11-20-642,N
2025-11-20T10:23:35,301.564,225,00700.HK-2025-11-20-643,N
2025-11-20T10:23:40,301.497,92,00700.HK-2025-11-20-644,N
2025-11-20T10:23:45,301.52,324,00700.HK-2025-11-20-645,N
2025-11-20T10:23:50,301.52,241,00700.HK-2025-11-20-646,N
2025-11-20T10:23:55,301.525,195,00700.HK-2025-11-20-647,N
2025-11-20T10:24:00,301.58,185,00700.HK-2025-11-20-648,N
2025-11-20T10:24:05,301.597,216,00700.HK-2025-11-20-649,N
2025-11-20T10:24:10,301.556,249,00700.HK-2025-11-20-650,N
2025-11-20T10:24:15,301.546,162,00700.HK-2025-11-20-651,N
2025-11-20T10:24:20,301.578,155,00700.HK-2025-11-20-652,N
2025-11-20T10:24:25,301.58,199,00700.HK-2025-11-20-653,N
2025-11-20T10:24:30,301.645,223,00700.HK-2025-11-20-654,N
2025-11-20T10:24:35,301.644,240,00700.HK-2025-11-20-655,N
2025-11-20T10:24:40,301.728,227,00700.HK-2025-11-20-656,N
2025-11-20T10:24:45,301.728,134,00700.HK-2025-11-20-657,N
2025-11-20T10:24:50,301.664,184,00700.HK-2025-11-20-658,N
2025-11-20T10:24:55,301.627,190,00700.HK-2025-11-20-659,N
2025-11-20T10:25:00,301.631,226,00700.HK-2025-11-20-660,N
2025-11-20T10:25:05,301.626,224,00700.HK-2025-11-20-661,N
2025-11-20T10:25:10,301.63,101,00700.HK-2025-11-20-662,N
2025-11-20T10:25:15,301.574,192,00700.HK-2025-11-20-663,N
2025-11-20T10:25:20,301.501,229,00700.HK-2025-11-20-664,N
2025-11-20T10:25:25,301.593,260,00700.HK-2025-11-20-665,N
2025-11-20T10:25:30,301.58,274,00700.HK-2025-11-20-666,N
2025-11-20T10:25:35,301.589,183,00700.HK-2025-11-20-667,N
2025-11-20T10:25:40,301.552,184,00700.HK-2025-11-20-668,N
2025-11-20T10:25:45,301.529,208,00700.HK-2025-11-20-669,N
2025-11-20T10:25:50,301.538,200,00700.HK-2025-11-20-670,N
2025-11-20T10:25:55,301.565,259,00700.HK-2025-11-20-671,N
2025-11-20T10:26:00,301.622,125,00700.HK-2025-11-20-672,N
2025-11-20T10:26:05,301.468,246,00700.HK-2025-11-20-673,N
2025-11-20T10:26:10,301.385,188,00700.HK-2025-11-20-674,N
2025-11-20T10:26:15,301.315,109,00700.HK-2025-11-20-675,N
2025-11-20T10:26:20,301.348,237,00700.HK-2025-11-20-676,N
2025-11-20T10:26:25,301.313,70,00700.HK-2025-11-20-677,N
2025-11-20T10:26:30,301.28,219,00700.HK-2025-11-20-678,N
2025-11-20T10:26:35,301.191,209,00700.HK-2025-11-20-679,N
2025-11-20T10:26:40,301.19,228,00700.HK-2025-11-20-680,N
2025-11-20T10:26:45,301.197,151,00700.HK-2025-11-20-681,N
2025-11-20T10:26:50,301.269,192,00700.HK-2025-11-20-682,N
2025-11-20T10:26:55,301.268,153,00700.HK-2025-11-20-683,N
2025-11-20T10:27:00,301.241,155,00700.HK-2025-11-20-684,N
2025-11-20T10:27:05,301.23,285,00700.HK-2025-11-20-685,N
2025-11-20T10:27:10,301.148,119,00700.HK-2025-11-20-686,N
2025-11-20T10:27:15,301.236,189,00700.HK-2025-11-20-687,N
2025-11-20T10:27:20,301.196,251,00700.HK-2025-11-20-688,N
2025-11-20T10:27:25,301.16,291,00700.HK-2025-11-20-689,N
2025-11-20T10:27:30,301.2,175,00700.HK-2025-11-20-690,N
2025-11-20T10:27:35,301.33,169,00700.HK-2025-11-20-691,N
2025-11-20T10:27:40,301.375,214,00700.HK-2025-11-20-692,N
2025-11-20T10:27:45,301.454,278,00700.HK-2025-11-20-693,N
2025-11-20T10:27:50,301.455,162,00700.HK-2025-11-20-694,N
2025-11-20T10:27:55,301.483,166,00700.HK-2025-11-20-695,N
2025-11-20T10:28:00,301.605,206,00700.HK-2025-11-20-696,N
2025-11-20T10:28:05,301.583,209,00700.HK-2025-11-20-697,N
2025-11-20T10:28:10,301.501,151,00700.HK-2025-11-20-698,N
2025-11-20T10:28:15,301.574,167,00700.HK-2025-11-20-699,N
2025-11-20T10:28:20,301.511,226,00700.HK-2025-11-20-700,N
2025-11-20T10:28:25,301.582,235,00700.HK-2025-11-20-701,N
2025-11-20T10:28:30,301.642,162,00700.HK-2025-11-20-702,N
2025-11-20T10:28:35,301.556,275,00700.HK-2025-11-20-703,N
2025-11-20T10:28:40,301.537,187,00700.HK-2025-11-20-704,N
2025-11-20T10:28:45,301.617,227,00700.HK-2025-11-20-705,N
2025-11-20T10:28:50,301.645,308,00700.HK-2025-11-20-706,N
2025-11-20T10:28:55,301.606,246,00700.HK-2025-11-20-707,N
2025-11-20T10:29:00,301.609,213,00700.HK-2025-11-20-708,N
2025-11-20T10:29:05,301.701,225,00700.HK-2025-11-20-709,N
2025-11-20T10:29:10,301.734,253,00700.HK-2025-11-20-710,N
2025-11-20T10:29:15,301.712,158,00700.HK-2025-11-20-711,N
2025-11-20T10:29:20,301.649,101,00700.HK-2025-11-20-712,N
2025-11-20T10:29:25,301.773,144,00700.HK-2025-11-20-713,N
2025-11-20T10:29:30,301.759,186,00700.HK-2025-11-20-714,N
2025-11-20T10:29:35,301.778,240,00700.HK-2025-11-20-715,N
2025-11-20T10:29:40,301.83,170,00700.HK-2025-11-20-716,N
2025-11-20T10:29:45,301.82,214,00700.HK-2025-11-20-717,N
2025-11-20T10:29:50,301.805,280,00700.HK-2025-11-20-718,N
2025-11-20T10:29:55,301.834,236,00700.HK-2025-11-20-719,N
2025-11-20T10:30:00,301.874,258,00700.HK-2025-11-20-720,N
2025-11-20T10:30:05,301.885,135,00700.HK-2025-11-20-721,N
2025-11-20T10:30:10,301.91,167,00700.HK-2025-11-20-722,N
2025-11-20T10:30:15,301.878,229,00700.HK-2025-11-20-723,N
2025-11-20T10:30:20,301.952,201,00700.HK-2025-11-20-724,N
2025-11-20T10:30:25,301.971,285,00700.HK-2025-11-20-725,N
2025-11-20T10:30:30,301.986,330,00700.HK-2025-11-20-726,N
2025-11-20T10:30:35,302.02,111,00700.HK-2025-11-20-727,N
2025-11-20T10:30:40,302.065,219,00700.HK-2025-11-20-728,N
2025-11-20T10:30:45,302.143,233,00700.HK-2025-11-20-729,N
2025-11-20T10:30:50,302.135,138,00700.HK-2025-11-20-730,N
2025-11-20T10:30:55,302.122,157,00700.HK-2025-11-20-731,N
2025-11-20T10:31:00,302.087,229,00700.HK-2025-11-20-732,N
2025-11-20T10:31:05,302.188,219,00700.HK-2025-11-20-733,N
2025-11-20T10:31:10,302.116,222,00700.HK-2025-11-20-734,N
2025-11-20T10:31:15,302.188,169,00700.HK-2025-11-20-735,N
2025-11-20T10:31:20,302.18,200,00700.HK-2025-11-20-736,N
2025-11-20T10:31:25,302.132,232,00700.HK-2025-11-20-737,N
2025-11-20T10:31:30,302.125,220,00700.HK-2025-11-20-738,N
2025-11-20T10:31:35,302.072,178,00700.HK-2025-11-20-739,N
2025-11-20T10:31:40,302.115,181,00700.HK-2025-11-20-740,N
2025-11-20T10:31:45,302.22,180,00700.HK-2025-11-20-741,N
2025-11-20T10:31:50,302.233,246,00700.HK-2025-11-20-742,N
2025-11-20T10:31:55,302.147,111,00700.HK-2025-11-20-743,N
2025-11-20T10:32:00,302.055,263,00700.HK-2025-11-20-744,N
2025-11-20T10:32:05,302.022,327,00700.HK-2025-11-20-745,N
2025-11-20T10:32:10,301.988,209,00700.HK-2025-11-20-746,N
2025-11-20T10:32:15,302.081,300,00700.HK-2025-11-20-747,N
2025-11-20T10:32:20,302.205,260,00700.HK-2025-11-20-748,N
2025-11-20T10:32:25,302.267,229,00700.HK-2025-11-20-749,N
2025-11-20T10:32:30,302.314,172,00700.HK-2025-11-20-750,N
2025-11-20T10:32:35,302.265,199,00700.HK-2025-11-20-751,N
2025-11-20T10:32:40,302.255,177,00700.HK-2025-11-20-752,N
2025-11-20T10:32:45,302.297,247,00700.HK-2025-11-20-753,N
2025-11-20T10:32:50,302.302,273,00700.HK-2025-11-20-754,N
2025-11-20T10:32:55,302.233,190,00700.HK-2025-11-20-755,N
2025-11-20T10:33:00,302.19,106,00700.HK-2025-11-20-756,N
2025-11-20T10:33:05,302.185,193,00700.HK-2025-11-20-757,N
2025-11-20T10:33:10,302.276,231,00700.HK-2025-11-20-758,N
2025-11-20T10:33:15,302.214,292,00700.HK-2025-11-20-759,N
2025-11-20T10:33:20,302.288,229,00700.HK-2025-11-20-760,N
2025-11-20T10:33:25,302.274,152,00700.HK-2025-11-20-761,N
2025-11-20T10:33:30,302.252,254,00700.HK-2025-11-20-762,N
2025-11-20T10:33:35,302.366,277,00700.HK-2025-11-20-763,N
2025-11-20T10:33:40,302.336,144,00700.HK-2025-11-20-764,N
2025-11-20T10:33:45,302.345,111,00700.HK-2025-11-20-765,N
2025-11-20T10:33:50,302.364,192,00700.HK-2025-11-20-766,N
2025-11-20T10:33:55,302.336,120,00700.HK-2025-11-20-767,N
2025-11-20T10:34:00,302.367,173,00700.HK-2025-11-20-768,N
2025-11-20T10:34:05,302.296,56,00700.HK-2025-11-20-769,N
2025-11-20T10:34:10,302.295,288,00700.HK-2025-11-20-770,N
2025-11-20T10:34:15,302.395,177,00700.HK-2025-11-20-771,N
2025-11-20T10:34:20,302.359,223,00700.HK-2025-11-20-772,N
2025-11-20T10:34:25,302.298,215,00700.HK-2025-11-20-773,N
2025-11-20T10:34:30,302.345,261,00700.HK-2025-11-20-774,N
2025-11-20T10:34:35,302.339,189,00700.HK-2025-11-20-775,N
2025-11-20T10:34:40,302.286,158,00700.HK-2025-11-20-776,N
2025-11-20T10:34:45,302.272,218,00700.HK-2025-11-20-777,N
2025-11-20T10:34:50,302.327,159,00700.HK-2025-11-20-778,N
2025-11-20T10:34:55,302.417,186,00700.HK-2025-11-20-779,N
2025-11-20T10:35:00,302.416,162,00700.HK-2025-11-20-780,N
2025-11-20T10:35:05,302.269,244,00700.HK-2025-11-20-781,N
2025-11-20T10:35:10,302.314,185,00700.HK-2025-11-20-782,N
2025-11-20T10:35:15,302.318,225,00700.HK-2025-11-20-783,N
2025-11-20T10:35:20,302.224,173,00700.HK-2025-11-20-784,N
2025-11-20T10:35:25,302.272,137,00700.HK-2025-11-20-785,N
2025-11-20T10:35:30,302.289,132,00700.HK-2025-11-20-786,N
2025-11-20T10:35:35,302.318,198,00700.HK-2025-11-20-787,N
2025-11-20T10:35:40,302.22,258,00700.HK-2025-11-20-788,N
2025-11-20T10:35:45,302.175,159,00700.HK-2025-11-20-789,N
2025-11-20T10:35:50,302.188,257,00700.HK-2025-11-20-790,N
2025-11-20T10:35:55,302.126,203,00700.HK-2025-11-20-791,N
2025-11-20T10:36:00,302.152,234,00700.HK-2025-11-20-792,N
2025-11-20T10:36:05,302.163,181,00700.HK-2025-11-20-793,N
2025-11-20T10:36:10,302.113,204,00700.HK-2025-11-20-794,N
2025-11-20T10:36:15,302.048,53,00700.HK-2025-11-20-795,N
2025-11-20T10:36:20,302.074,245,00700.HK-2025-11-20-796,N
2025-11-20T10:36:25,301.932,149,00700.HK-2025-11-20-797,N
2025-11-20T10:36:30,301.969,302,00700.HK-2025-11-20-798,N
2025-11-20T10:36:35,301.97,163,00700.HK-2025-11-20-799,N
2025-11-20T10:36:40,301.959,268,00700.HK-2025-11-20-800,N
2025-11-20T10:36:45,301.92,160,00700.HK-2025-11-20-801,N
2025-11-20T10:36:50,301.891,152,00700.HK-2025-11-20-802,N
2025-11-20T10:36:55,301.898,281,00700.HK-2025-11-20-803,N
2025-11-20T10:37:00,301.918,187,00700.HK-2025-11-20-804,N
2025-11-20T10:37:05,301.9,121,00700.HK-2025-11-20-805,N
2025-11-20T10:37:10,301.954,196,00700.HK-2025-11-20-806,N
2025-11-20T10:37:15,301.943,359,00700.HK-2025-11-20-807,N
2025-11-20T10:37:20,301.961,162,00700.HK-2025-11-20-808,N
2025-11-20T10:37:25,301.935,257,00700.HK-2025-11-20-809,N
2025-11-20T10:37:30,301.942,128,00700.HK-2025-11-20-810,N
2025-11-20T10:37:35,301.997,166,00700.HK-2025-11-20-811,N
2025-11-20T10:37:40,302.111,254,00700.HK-2025-11-20-812,N
2025-11-20T10:37:45,302.083,264,00700.HK-2025-11-20-813,N
2025-11-20T10:37:50,302.088,242,00700.HK-2025-11-20-814,N
2025-11-20T10:37:55,302.117,157,00700.HK-2025-11-20-815,N
2025-11-20T10:38:00,302.078,251,00700.HK-2025-11-20-816,N
2025-11-20T10:38:05,302.058,179,00700.HK-2025-11-20-817,N
2025-11-20T10:38:10,302.0,221,00700.HK-2025-11-20-818,N
2025-11-20T10:38:15,302.125,146,00700.HK-2025-11-20-819,N
2025-11-20T10:38:20,302.126,270,00700.HK-2025-11-20-820,N
2025-11-20T10:38:25,302.121,222,00700.HK-2025-11-20-821,N
2025-11-20T10:38:30,302.057,221,00700.HK-2025-11-20-822,N
2025-11-20T10:38:35,302.046,249,00700.HK-2025-11-20-823,N
2025-11-20T10:38:40,302.118,329,00700.HK-2025-11-20-824,N
2025-11-20T10:38:45,302.153,216,00700.HK-2025-11-20-825,N
2025-11-20T10:38:50,302.164,182,00700.HK-2025-11-20-826,N
2025-11-20T10:38:55,302.185,185,00700.HK-2025-11-20-827,N
2025-11-20T10:39:00,302.195,265,00700.HK-2025-11-20-828,N
2025-11-20T10:39:05,302.134,256,00700.HK-2025-11-20-829,N
2025-11-20T10:39:10,302.214,194,00700.HK-2025-11-20-830,N
2025-11-20T10:39:15,302.085,169,00700.HK-2025-11-20-831,N
2025-11-20T10:39:20,302.164,198,00700.HK-2025-11-20-832,N
2025-11-20T10:39:25,302.103,174,00700.HK-2025-11-20-833,N
2025-11-20T10:39:30,302.154,227,00700.HK-2025-11-20-834,N
2025-11-20T10:39:35,302.14,181,00700.HK-2025-11-20-835,N
2025-11-20T10:39:40,302.116,153,00700.HK-2025-11-20-836,N
2025-11-20T10:39:45,302.214,183,00700.HK-2025-11-20-837,N
2025-11-20T10:39:50,302.287,276,00700.HK-2025-11-20-838,N
2025-11-20T10:39:55,302.348,178,00700.HK-2025-11-20-839,N
2025-11-20T10:40:00,302.372,198,00700.HK-2025-11-20-840,N
2025-11-20T10:40:05,302.317,216,00700.HK-2025-11-20-841,N
2025-11-20T10:40:10,302.246,259,00700.HK-2025-11-20-842,N
2025-11-20T10:40:15,302.218,210,00700.HK-2025-11-20-843,N
2025-11-20T10:40:20,302.235,187,00700.HK-2025-11-20-844,N
2025-11-20T10:40:25,302.271,176,00700.HK-2025-11-20-845,N
2025-11-20T10:40:30,302.323,132,00700.HK-2025-11-20-846,N
2025-11-20T10:40:35,302.331,296,00700.HK-2025-11-20-847,N
2025-11-20T10:40:40,302.27,166,00700.HK-2025-11-20-848,N
2025-11-20T10:40:45,302.301,208,00700.HK-2025-11-20-849,N
2025-11-20T10:40:50,302.323,224,00700.HK-2025-11-20-850,N
2025-11-20T10:40:55,302.361,255,00700.HK-2025-11-20-851,N
2025-11-20T10:41:00,302.386,187,00700.HK-2025-11-20-852,N
2025-11-20T10:41:05,302.427,294,00700.HK-2025-11-20-853,N
2025-11-20T10:41:10,302.418,151,00700.HK-2025-11-20-854,N
2025-11-20T10:41:15,302.485,193,00700.HK-2025-11-20-855,N
2025-11-20T10:41:20,302.354,242,00700.HK-2025-11-20-856,N
2025-11-20T10:41:25,302.322,195,00700.HK-2025-11-20-857,N
2025-11-20T10:41:30,302.342,209,00700.HK-2025-11-20-858,N
2025-11-20T10:41:35,302.385,178,00700.HK-2025-11-20-859,N
2025-11-20T10:41:40,302.416,187,00700.HK-2025-11-20-860,N
2025-11-20T10:41:45,302.46,230,00700.HK-2025-11-20-861,N
2025-11-20T10:41:50,302.404,254,00700.HK-2025-11-20-862,N
2025-11-20T10:41:55,302.371,240,00700.HK-2025-11-20-863,N
2025-11-20T10:42:00,302.394,291,00700.HK-2025-11-20-864,N
2025-11-20T10:42:05,302.38,182,00700.HK-2025-11-20-865,N
2025-11-20T10:42:10,302.379,184,00700.HK-2025-11-20-866,N
2025-11-20T10:42:15,302.427,119,00700.HK-2025-11-20-867,N
2025-11-20T10:42:20,302.363,146,00700.HK-2025-11-20-868,N
2025-11-20T10:42:25,302.421,285,00700.HK-2025-11-20-869,N
2025-11-20T10:42:30,302.415,191,00700.HK-2025-11-20-870,N
2025-11-20T10:42:35,302.419,258,00700.HK-2025-11-20-871,N
2025-11-20T10:42:40,302.363,211,00700.HK-2025-11-20-872,N
2025-11-20T10:42:45,302.422,225,00700.HK-2025-11-20-873,N
2025-11-20T10:42:50,302.433,250,00700.HK-2025-11-20-874,N
2025-11-20T10:42:55,302.27,233,00700.HK-2025-11-20-875,N
2025-11-20T10:43:00,302.23,108,00700.HK-2025-11-20-876,N
2025-11-20T10:43:05,302.261,268,00700.HK-2025-11-20-877,N
2025-11-20T10:43:10,302.253,247,00700.HK-2025-11-20-878,N
2025-11-20T10:43:15,302.35,265,00700.HK-2025-11-20-879,N
2025-11-20T10:43:20,302.449,237,00700.HK-2025-11-20-880,N
2025-11-20T10:43:25,302.454,119,00700.HK-2025-11-20-881,N
2025-11-20T10:43:30,302.439,157,00700.HK-2025-11-20-882,N
2025-11-20T10:43:35,302.57,191,00700.HK-2025-11-20-883,N
2025-11-20T10:43:40,302.578,227,00700.HK-2025-11-20-884,N
2025-11-20T10:43:45,302.58,284,00700.HK-2025-11-20-885,N
2025-11-20T10:43:50,302.543,209,00700.HK-2025-11-20-886,N
2025-11-20T10:43:55,302.498,133,00700.HK-2025-11-20-887,N
2025-11-20T10:44:00,302.461,198,00700.HK-2025-11-20-888,N
2025-11-20T10:44:05,302.435,165,00700.HK-2025-11-20-889,N
2025-11-20T10:44:10,302.35,195,00700.HK-2025-11-20-890,N
2025-11-20T10:44:15,302.259,238,00700.HK-2025-11-20-891,N
2025-11-20T10:44:20,302.264,127,00700.HK-2025-11-20-892,N
2025-11-20T10:44:25,302.245,162,00700.HK-2025-11-20-893,N
2025-11-20T10:44:30,302.264,267,00700.HK-2025-11-20-894,N
2025-11-20T10:44:35,302.151,205,00700.HK-2025-11-20-895,N
2025-11-20T10:44:40,302.141,233,00700.HK-2025-11-20-896,N
2025-11-20T10:44:45,302.154,162,00700.HK-2025-11-20-897,N
2025-11-20T10:44:50,302.135,160,00700.HK-2025-11-20-898,N
2025-11-20T10:44:55,302.2,201,00700.HK-2025-11-20-899,N
2025-11-20T10:45:00,302.315,196,00700.HK-2025-11-20-900,N
2025-11-20T10:45:05,302.272,124,00700.HK-2025-11-20-901,N
2025-11-20T10:45:10,302.163,120,00700.HK-2025-11-20-902,N
2025-11-20T10:45:15,302.179,225,00700.HK-2025-11-20-903,N
2025-11-20T10:45:20,302.084,244,00700.HK-2025-11-20-904,N
2025-11-20T10:45:25,302.054,207,00700.HK-2025-11-20-905,N
2025-11-20T10:45:30,302.152,244,00700.HK-2025-11-20-906,N
2025-11-20T10:45:35,302.136,155,00700.HK-2025-11-20-907,N
2025-11-20T10:45:40,302.006,164,00700.HK-2025-11-20-908,N
2025-11-20T10:45:45,301.993,150,00700.HK-2025-11-20-909,N
2025-11-20T10:45:50,301.985,203,00700.HK-2025-11-20-910,N
2025-11-20T10:45:55,301.971,167,00700.HK-2025-11-20-911,N
2025-11-20T10:46:00,301.982,222,00700.HK-2025-11-20-912,N
2025-11-20T10:46:05,301.916,270,00700.HK-2025-11-20-913,N
2025-11-20T10:46:10,301.91,200,00700.HK-2025-11-20-914,N
2025-11-20T10:46:15,301.953,211,00700.HK-2025-11-20-915,N
2025-11-20T10:46:20,302.01,214,00700.HK-2025-11-20-916,N
2025-11-20T10:46:25,301.973,218,00700.HK-2025-11-20-917,N
2025-11-20T10:46:30,301.904,205,00700.HK-2025-11-20-918,N
2025-11-20T10:46:35,301.902,189,00700.HK-2025-11-20-919,N
2025-11-20T10:46:40,301.894,105,00700.HK-2025-11-20-920,N
2025-11-20T10:46:45,301.861,204,00700.HK-2025-11-20-921,N
2025-11-20T10:46:50,301.871,148,00700.HK-2025-11-20-922,N
2025-11-20T10:46:55,301.947,156,00700.HK-2025-11-20-923,N
2025-11-20T10:47:00,302.006,221,00700.HK-2025-11-20-924,N
2025-11-20T10:47:05,301.967,288,00700.HK-2025-11-20-925,N
2025-11-20T10:47:10,301.895,245,00700.HK-2025-11-20-926,N
2025-11-20T10:47:15,301.955,166,00700.HK-2025-11-20-927,N
2025-11-20T10:47:20,302.039,187,00700.HK-2025-11-20-928,N
2025-11-20T10:47:25,302.057,213,00700.HK-2025-11-20-929,N
2025-11-20T10:47:30,302.048,240,00700.HK-2025-11-20-930,N
2025-11-20T10:47:35,302.096,112,00700.HK-2025-11-20-931,N
2025-11-20T10:47:40,302.175,116,00700.HK-2025-11-20-932,N
2025-11-20T10:47:45,302.238,256,00700.HK-2025-11-20-933,N
2025-11-20T10:47:50,302.172,179,00700.HK-2025-11-20-934,N
2025-11-20T10:47:55,302.105,189,00700.HK-2025-11-20-935,N
2025-11-20T10:48:00,302.086,238,00700.HK-2025-11-20-936,N
2025-11-20T10:48:05,302.165,269,00700.HK-2025-11-20-937,N
2025-11-20T10:48:10,302.131,189,00700.HK-2025-11-20-938,N
2025-11-20T10:48:15,302.03,159,00700.HK-2025-11-20-939,N
2025-11-20T10:48:20,302.088,280,00700.HK-2025-11-20-940,N
2025-11-20T10:48:25,302.013,170,00700.HK-2025-11-20-941,N
2025-11-20T10:48:30,302.012,214,00700.HK-2025-11-20-942,N
2025-11-20T10:48:35,301.963,221,00700.HK-2025-11-20-943,N
2025-11-20T10:48:40,301.934,199,00700.HK-2025-11-20-944,N
2025-11-20T10:48:45,301.967,200,00700.HK-2025-11-20-945,N
2025-11-20T10:48:50,301.941,194,00700.HK-2025-11-20-946,N
2025-11-20T10:48:55,301.936,181,00700.HK-2025-11-20-947,N
2025-11-20T10:49:00,301.92,279,00700.HK-2025-11-20-948,N
2025-11-20T10:49:05,301.954,185,00700.HK-2025-11-20-949,N
2025-11-20T10:49:10,301.996,183,00700.HK-2025-11-20-950,N
2025-11-20T10:49:15,302.067,218,00700.HK-2025-11-20-951,N
2025-11-20T10:49:20,302.06,222,00700.HK-2025-11-20-952,N
2025-11-20T10:49:25,301.965,143,00700.HK-2025-11-20-953,N
2025-11-20T10:49:30,301.893,207,00700.HK-2025-11-20-954,N
2025-11-20T10:49:35,301.998,311,00700.HK-2025-11-20-955,N
2025-11-20T10:49:40,302.036,225,00700.HK-2025-11-20-956,N
2025-11-20T10:49:45,301.928,172,00700.HK-2025-11-20-957,N
2025-11-20T10:49:50,301.88,168,00700.HK-2025-11-20-958,N
2025-11-20T10:49:55,301.87,176,00700.HK-2025-11-20-959,N
2025-11-20T10:50:00,301.75,237,00700.HK-2025-11-20-960,N
2025-11-20T10:50:05,301.686,211,00700.HK-2025-11-20-961,N
2025-11-20T10:50:10,301.811,154,00700.HK-2025-11-20-962,N
2025-11-20T10:50:15,301.658,185,00700.HK-2025-11-20-963,N
2025-11-20T10:50:20,301.724,297,00700.HK-2025-11-20-964,N
2025-11-20T10:50:25,301.65,224,00700.HK-2025-11-20-965,N
2025-11-20T10:50:30,301.622,194,00700.HK-2025-11-20-966,N
2025-11-20T10:50:35,301.782,124,00700.HK-2025-11-20-967,N
2025-11-20T10:50:40,301.797,223,00700.HK-2025-11-20-968,N
2025-11-20T10:50:45,301.863,204,00700.HK-2025-11-20-969,N
2025-11-20T10:50:50,301.881,180,00700.HK-2025-11-20-970,N
2025-11-20T10:50:55,301.897,182,00700.HK-2025-11-20-971,N
2025-11-20T10:51:00,301.935,181,00700.HK-2025-11-20-972,N
2025-11-20T10:51:05,301.958,198,00700.HK-2025-11-20-973,N
2025-11-20T10:51:10,302.026,197,00700.HK-2025-11-20-974,N
2025-11-20T10:51:15,301.919,263,00700.HK-2025-11-20-975,N
2025-11-20T10:51:20,301.864,167,00700.HK-2025-11-20-976,N
2025-11-20T10:51:25,301.828,268,00700.HK-2025-11-20-977,N
2025-11-20T10:51:30,301.699,356,00700.HK-2025-11-20-978,N
2025-11-20T10:51:35,301.763,211,00700.HK-2025-11-20-979,N
2025-11-20T10:51:40,301.759,214,00700.HK-2025-11-20-980,N
2025-11-20T10:51:45,301.791,232,00700.HK-2025-11-20-981,N
2025-11-20T10:51:50,301.824,204,00700.HK-2025-11-20-982,N
2025-11-20T10:51:55,301.813,192,00700.HK-2025-11-20-983,N
2025-11-20T10:52:00,301.801,256,00700.HK-2025-11-20-984,N
2025-11-20T10:52:05,301.837,52,00700.HK-2025-11-20-985,N
2025-11-20T10:52:10,301.876,209,00700.HK-2025-11-20-986,N
2025-11-20T10:52:15,301.875,180,00700.HK-2025-11-20-987,N
2025-11-20T10:52:20,301.943,247,00700.HK-2025-11-20-988,N
2025-11-20T10:52:25,301.896,220,00700.HK-2025-11-20-989,N
2025-11-20T10:52:30,301.838,131,00700.HK-2025-11-20-990,N
2025-11-20T10:52:35,301.8,243,00700.HK-2025-11-20-991,N
2025-11-20T10:52:40,301.857,225,00700.HK-2025-11-20-992,N
2025-11-20T10:52:45,301.901,225,00700.HK-2025-11-20-993,N
2025-11-20T10:52:50,301.862,221,00700.HK-2025-11-20-994,N
2025-11-20T10:52:55,301.911,237,00700.HK-2025-11-20-995,N
2025-11-20T10:53:00,301.982,235,00700.HK-2025-11-20-996,N
2025-11-20T10:53:05,302.004,253,00700.HK-2025-11-20-997,N
2025-11-20T10:53:10,302.002,155,00700.HK-2025-11-20-998,N
2025-11-20T10:53:15,301.992,162,00700.HK-2025-11-20-999,N
2025-11-20T10:53:20,301.951,192,00700.HK-2025-11-20-1000,N
2025-11-20T10:53:25,301.904,184,00700.HK-2025-11-20-1001,N
2025-11-20T10:53:30,301.789,210,00700.HK-2025-11-20-1002,N
2025-11-20T10:53:35,301.789,159,00700.HK-2025-11-20-1003,N
2025-11-20T10:53:40,301.829,246,00700.HK-2025-11-20-1004,N
2025-11-20T10:53:45,301.732,161,00700.HK-2025-11-20-1005,N
2025-11-20T10:53:50,301.686,153,00700.HK-2025-11-20-1006,N
2025-11-20T10:53:55,301.736,190,00700.HK-2025-11-20-1007,N
2025-11-20T10:54:00,301.72,99,00700.HK-2025-11-20-1008,N
2025-11-20T10:54:05,301.758,138,00700.HK-2025-11-20-1009,N
2025-11-20T10:54:10,301.762,213,00700.HK-2025-11-20-1010,N
2025-11-20T10:54:15,301.844,134,00700.HK-2025-11-20-1011,N
2025-11-20T10:54:20,301.662,209,00700.HK-2025-11-20-1012,N
2025-11-20T10:54:25,301.77,261,00700.HK-2025-11-20-1013,N
2025-11-20T10:54:30,301.783,175,00700.HK-2025-11-20-1014,N
2025-11-20T10:54:35,301.832,151,00700.HK-2025-11-20-1015,N
2025-11-20T10:54:40,301.86,225,00700.HK-2025-11-20-1016,N
2025-11-20T10:54:45,301.924,337,00700.HK-2025-11-20-1017,N
2025-11-20T10:54:50,301.948,174,00700.HK-2025-11-20-1018,N
2025-11-20T10:54:55,301.946,111,00700.HK-2025-11-20-1019,N
2025-11-20T10:55:00,301.904,179,00700.HK-2025-11-20-1020,N
2025-11-20T10:55:05,301.873,207,00700.HK-2025-11-20-1021,N
2025-11-20T10:55:10,301.823,256,00700.HK-2025-11-20-1022,N
2025-11-20T10:55:15,301.823,199,00700.HK-2025-11-20-1023,N
2025-11-20T10:55:20,301.803,207,00700.HK-2025-11-20-1024,N
2025-11-20T10:55:25,301.853,156,00700.HK-2025-11-20-1025,N
2025-11-20T10:55:30,301.813,184,00700.HK-2025-11-20-1026,N
2025-11-20T10:55:35,301.732,159,00700.HK-2025-11-20-1027,N
2025-11-20T10:55:40,301.703,243,00700.HK-2025-11-20-1028,N
2025-11-20T10:55:45,301.719,209,00700.HK-2025-11-20-1029,N
2025-11-20T10:55:50,301.771,193,00700.HK-2025-11-20-1030,N
2025-11-20T10:55:55,301.794,194,00700.HK-2025-11-20-1031,N
2025-11-20T10:56:00,301.81,170,00700.HK-2025-11-20-1032,N
2025-11-20T10:56:05,301.663,193,00700.HK-2025-11-20-1033,N
2025-11-20T10:56:10,301.749,246,00700.HK-2025-11-20-1034,N
2025-11-20T10:56:15,301.807,261,00700.HK-2025-11-20-1035,N
2025-11-20T10:56:20,301.813,209,00700.HK-2025-11-20-1036,N
2025-11-20T10:56:25,301.775,184,00700.HK-2025-11-20-1037,N
2025-11-20T10:56:30,301.812,260,00700.HK-2025-11-20-1038,N
2025-11-20T10:56:35,301.804,177,00700.HK-2025-11-20-1039,N
2025-11-20T10:56:40,301.804,230,00700.HK-2025-11-20-1040,N
2025-11-20T10:56:45,301.717,85,00700.HK-2025-11-20-1041,N
2025-11-20T10:56:50,301.684,138,00700.HK-2025-11-20-1042,N
2025-11-20T10:56:55,301.653,192,00700.HK-2025-11-20-1043,N
2025-11-20T10:57:00,301.626,272,00700.HK-2025-11-20-1044,N
2025-11-20T10:57:05,301.645,215,00700.HK-2025-11-20-1045,N
2025-11-20T10:57:10,301.683,143,00700.HK-2025-11-20-1046,N
2025-11-20T10:57:15,301.746,196,00700.HK-2025-11-20-1047,N
2025-11-20T10:57:20,301.786,146,00700.HK-2025-11-20-1048,N
2025-11-20T10:57:25,301.692,240,00700.HK-2025-11-20-1049,N
2025-11-20T10:57:30,301.715,154,00700.HK-2025-11-20-1050,N
2025-11-20T10:57:35,301.662,256,00700.HK-2025-11-20-1051,N
2025-11-20T10:57:40,301.591,282,00700.HK-2025-11-20-1052,N
2025-11-20T10:57:45,301.536,231,00700.HK-2025-11-20-1053,N
2025-11-20T10:57:50,301.517,230,00700.HK-2025-11-20-1054,N
2025-11-20T10:57:55,301.484,191,00700.HK-2025-11-20-1055,N
2025-11-20T10:58:00,301.486,149,00700.HK-2025-11-20-1056,N
2025-11-20T10:58:05,301.531,174,00700.HK-2025-11-20-1057,N
2025-11-20T10:58:10,301.517,150,00700.HK-2025-11-20-1058,N
2025-11-20T10:58:15,301.363,190,00700.HK-2025-11-20-1059,N
2025-11-20T10:58:20,301.508,239,00700.HK-2025-11-20-1060,N
2025-11-20T10:58:25,301.507,186,00700.HK-2025-11-20-1061,N
2025-11-20T10:58:30,301.508,227,00700.HK-2025-11-20-1062,N
2025-11-20T10:58:35,301.437,255,00700.HK-2025-11-20-1063,N
2025-11-20T10:58:40,301.48,235,00700.HK-2025-11-20-1064,N
2025-11-20T10:58:45,301.507,200,00700.HK-2025-11-20-1065,N
2025-11-20T10:58:50,301.547,229,00700.HK-2025-11-20-1066,N
2025-11-20T10:58:55,301.526,171,00700.HK-2025-11-20-1067,N
2025-11-20T10:59:00,301.532,277,00700.HK-2025-11-20-1068,N
2025-11-20T10:59:05,301.457,126,00700.HK-2025-11-20-1069,N
2025-11-20T10:59:10,301.467,202,00700.HK-2025-11-20-1070,N
2025-11-20T10:59:15,301.478,212,00700.HK-2025-11-20-1071,N
2025-11-20T10:59:20,301.464,274,00700.HK-2025-11-20-1072,N
2025-11-20T10:59:25,301.368,158,00700.HK-2025-11-20-1073,N
2025-11-20T10:59:30,301.361,117,00700.HK-2025-11-20-1074,N
2025-11-20T10:59:35,301.351,283,00700.HK-2025-11-20-1075,N
2025-11-20T10:59:40,301.352,211,00700.HK-2025-11-20-1076,N
2025-11-20T10:59:45,301.276,169,00700.HK-2025-11-20-1077,N
2025-11-20T10:59:50,301.253,184,00700.HK-2025-11-20-1078,N
2025-11-20T10:59:55,301.331,227,00700.HK-2025-11-20-1079,N
2025-11-20T11:00:00,301.264,212,00700.HK-2025-11-20-1080,N
2025-11-20T11:00:05,301.294,257,00700.HK-2025-11-20-1081,N
2025-11-20T11:00:10,301.389,149,00700.HK-2025-11-20-1082,N
2025-11-20T11:00:15,301.34,137,00700.HK-2025-11-20-1083,N
2025-11-20T11:00:20,301.326,223,00700.HK-2025-11-20-1084,N
2025-11-20T11:00:25,301.386,196,00700.HK-2025-11-20-1085,N
2025-11-20T11:00:30,301.366,207,00700.HK-2025-11-20-1086,N
2025-11-20T11:00:35,301.316,304,00700.HK-2025-11-20-1087,N
2025-11-20T11:00:40,301.219,209,00700.HK-2025-11-20-1088,N
2025-11-20T11:00:45,301.341,200,00700.HK-2025-11-20-1089,N
2025-11-20T11:00:50,301.329,182,00700.HK-2025-11-20-1090,N
2025-11-20T11:00:55,301.319,268,00700.HK-2025-11-20-1091,N
2025-11-20T11:01:00,301.185,276,00700.HK-2025-11-20-1092,N
2025-11-20T11:01:05,301.1,186,00700.HK-2025-11-20-1093,N
2025-11-20T11:01:10,301.074,229,00700.HK-2025-11-20-1094,N
2025-11-20T11:01:15,300.977,223,00700.HK-2025-11-20-1095,N
2025-11-20T11:01:20,301.099,131,00700.HK-2025-11-20-1096,N
2025-11-20T11:01:25,301.111,166,00700.HK-2025-11-20-1097,N
2025-11-20T11:01:30,301.136,200,00700.HK-2025-11-20-1098,N
2025-11-20T11:01:35,301.098,224,00700.HK-2025-11-20-1099,N
2025-11-20T11:01:40,301.206,190,00700.HK-2025-11-20-1100,N
2025-11-20T11:01:45,301.25,135,00700.HK-2025-11-20-1101,N
2025-11-20T11:01:50,301.192,223,00700.HK-2025-11-20-1102,N
2025-11-20T11:01:55,301.282,217,00700.HK-2025-11-20-1103,N
2025-11-20T11:02:00,301.263,199,00700.HK-2025-11-20-1104,N
2025-11-20T11:02:05,301.187,230,00700.HK-2025-11-20-1105,N
2025-11-20T11:02:10,301.24,177,00700.HK-2025-11-20-1106,N
2025-11-20T11:02:15,301.212,213,00700.HK-2025-11-20-1107,N
2025-11-20T11:02:20,301.186,196,00700.HK-2025-11-20-1108,N
2025-11-20T11:02:25,301.312,187,00700.HK-2025-11-20-1109,N
2025-11-20T11:02:30,301.291,167,00700.HK-2025-11-20-1110,N
2025-11-20T11:02:35,301.336,190,00700.HK-2025-11-20-1111,N
2025-11-20T11:02:40,301.296,266,00700.HK-2025-11-20-1112,N
2025-11-20T11:02:45,301.382,169,00700.HK-2025-11-20-1113,N
2025-11-20T11:02:50,301.269,250,00700.HK-2025-11-20-1114,N
2025-11-20T11:02:55,301.228,239,00700.HK-2025-11-20-1115,N
2025-11-20T11:03:00,301.11,244,00700.HK-2025-11-20-1116,N
2025-11-20T11:03:05,301.037,236,00700.HK-2025-11-20-1117,N
2025-11-20T11:03:10,301.037,152,00700.HK-2025-11-20-1118,N
2025-11-20T11:03:15,301.013,234,00700.HK-2025-11-20-1119,N
2025-11-20T11:03:20,301.019,229,00700.HK-2025-11-20-1120,N
2025-11-20T11:03:25,301.138,121,00700.HK-2025-11-20-1121,N
2025-11-20T11:03:30,301.236,205,00700.HK-2025-11-20-1122,N
2025-11-20T11:03:35,301.182,133,00700.HK-2025-11-20-1123,N
2025-11-20T11:03:40,301.17,246,00700.HK-2025-11-20-1124,N
2025-11-20T11:03:45,301.162,275,00700.HK-2025-11-20-1125,N
2025-11-20T11:03:50,301.075,199,00700.HK-2025-11-20-1126,N
2025-11-20T11:03:55,301.0,218,00700.HK-2025-11-20-1127,N
2025-11-20T11:04:00,301.053,178,00700.HK-2025-11-20-1128,N
2025-11-20T11:04:05,300.896,209,00700.HK-2025-11-20-1129,N
2025-11-20T11:04:10,300.923,220,00700.HK-2025-11-20-1130,N
2025-11-20T11:04:15,300.997,146,00700.HK-2025-11-20-1131,N
2025-11-20T11:04:20,301.038,259,00700.HK-2025-11-20-1132,N
2025-11-20T11:04:25,300.931,215,00700.HK-2025-11-20-1133,N
2025-11-20T11:04:30,300.9,195,00700.HK-2025-11-20-1134,N
2025-11-20T11:04:35,300.921,175,00700.HK-2025-11-20-1135,N
2025-11-20T11:04:40,300.881,201,00700.HK-2025-11-20-1136,N
2025-11-20T11:04:45,300.815,145,00700.HK-2025-11-20-1137,N
2025-11-20T11:04:50,300.856,142,00700.HK-2025-11-20-1138,N
2025-11-20T11:04:55,300.896,223,00700.HK-2025-11-20-1139,N
2025-11-20T11:05:00,300.792,166,00700.HK-2025-11-20-1140,N
2025-11-20T11:05:05,300.864,150,00700.HK-2025-11-20-1141,N
2025-11-20T11:05:10,300.836,223,00700.HK-2025-11-20-1142,N
2025-11-20T11:05:15,300.883,187,00700.HK-2025-11-20-1143,N
2025-11-20T11:05:20,300.847,271,00700.HK-2025-11-20-1144,N
2025-11-20T11:05:25,300.952,248,00700.HK-2025-11-20-1145,N
2025-11-20T11:05:30,300.957,159,00700.HK-2025-11-20-1146,N
2025-11-20T11:05:35,300.907,226,00700.HK-2025-11-20-1147,N
2025-11-20T11:05:40,300.932,270,00700.HK-2025-11-20-1148,N
2025-11-20T11:05:45,300.972,124,00700.HK-2025-11-20-1149,N
2025-11-20T11:05:50,301.035,150,00700.HK-2025-11-20-1150,N
2025-11-20T11:05:55,301.012,212,00700.HK-2025-11-20-1151,N
2025-11-20T11:06:00,301.132,355,00700.HK-2025-11-20-1152,N
2025-11-20T11:06:05,301.168,190,00700.HK-2025-11-20-1153,N
2025-11-20T11:06:10,301.201,244,00700.HK-2025-11-20-1154,N
2025-11-20T11:06:15,301.181,289,00700.HK-2025-11-20-1155,N
2025-11-20T11:06:20,301.195,224,00700.HK-2025-11-20-1156,N
2025-11-20T11:06:25,301.235,221,00700.HK-2025-11-20-1157,N
2025-11-20T11:06:30,301.286,169,00700.HK-2025-11-20-1158,N
2025-11-20T11:06:35,301.252,144,00700.HK-2025-11-20-1159,N
2025-11-20T11:06:40,301.279,238,00700.HK-2025-11-20-1160,N
2025-11-20T11:06:45,301.306,283,00700.HK-2025-11-20-1161,N
2025-11-20T11:06:50,301.306,233,00700.HK-2025-11-20-1162,N
2025-11-20T11:06:55,301.24,180,00700.HK-2025-11-20-1163,N
2025-11-20T11:07:00,301.282,242,00700.HK-2025-11-20-1164,N
2025-11-20T11:07:05,301.264,196,00700.HK-2025-11-20-1165,N
2025-11-20T11:07:10,301.173,182,00700.HK-2025-11-20-1166,N
2025-11-20T11:07:15,301.227,228,00700.HK-2025-11-20-1167,N
2025-11-20T11:07:20,301.257,202,00700.HK-2025-11-20-1168,N
2025-11-20T11:07:25,301.257,166,00700.HK-2025-11-20-1169,N
2025-11-20T11:07:30,301.299,221,00700.HK-2025-11-20-1170,N
2025-11-20T11:07:35,301.329,173,00700.HK-2025-11-20-1171,N
2025-11-20T11:07:40,301.199,254,00700.HK-2025-11-20-1172,N
2025-11-20T11:07:45,301.17,156,00700.HK-2025-11-20-1173,N
2025-11-20T11:07:50,301.212,180,00700.HK-2025-11-20-1174,N
2025-11-20T11:07:55,301.276,230,00700.HK-2025-11-20-1175,N
2025-11-20T11:08:00,301.317,131,00700.HK-2025-11-20-1176,N
2025-11-20T11:08:05,301.39,213,00700.HK-2025-11-20-1177,N
2025-11-20T11:08:10,301.368,207,00700.HK-2025-11-20-1178,N
2025-11-20T11:08:15,301.261,220,00700.HK-2025-11-20-1179,N
2025-11-20T11:08:20,301.199,132,00700.HK-2025-11-20-1180,N
2025-11-20T11:08:25,301.107,255,00700.HK-2025-11-20-1181,N
2025-11-20T11:08:30,301.069,276,00700.HK-2025-11-20-1182,N
2025-11-20T11:08:35,301.037,114,00700.HK-2025-11-20-1183,N
2025-11-20T11:08:40,300.97,261,00700.HK-2025-11-20-1184,N
2025-11-20T11:08:45,300.96,172,00700.HK-2025-11-20-1185,N
2025-11-20T11:08:50,300.97,225,00700.HK-2025-11-20-1186,N
2025-11-20T11:08:55,301.037,272,00700.HK-2025-11-20-1187,N
2025-11-20T11:09:00,301.015,133,00700.HK-2025-11-20-1188,N
2025-11-20T11:09:05,300.991,213,00700.HK-2025-11-20-1189,N
2025-11-20T11:09:10,300.933,152,00700.HK-2025-11-20-1190,N
2025-11-20T11:09:15,300.953,197,00700.HK-2025-11-20-1191,N
2025-11-20T11:09:20,300.955,162,00700.HK-2025-11-20-1192,N
2025-11-20T11:09:25,300.941,153,00700.HK-2025-11-20-1193,N
2025-11-20T11:09:30,300.995,251,00700.HK-2025-11-20-1194,N
2025-11-20T11:09:35,300.884,153,00700.HK-2025-11-20-1195,N
2025-11-20T11:09:40,300.794,167,00700.HK-2025-11-20-1196,N
2025-11-20T11:09:45,300.789,127,00700.HK-2025-11-20-1197,N
2025-11-20T11:09:50,300.733,149,00700.HK-2025-11-20-1198,N
2025-11-20T11:09:55,300.746,203,00700.HK-2025-11-20-1199,N
2025-11-20T11:10:00,300.702,208,00700.HK-2025-11-20-1200,N
2025-11-20T11:10:05,300.669,186,00700.HK-2025-11-20-1201,N
2025-11-20T11:10:10,300.77,267,00700.HK-2025-11-20-1202,N
2025-11-20T11:10:15,300.692,241,00700.HK-2025-11-20-1203,N
2025-11-20T11:10:20,300.741,142,00700.HK-2025-11-20-1204,N
2025-11-20T11:10:25,300.79,276,00700.HK-2025-11-20-1205,N
2025-11-20T11:10:30,300.722,154,00700.HK-2025-11-20-1206,N
2025-11-20T11:10:35,300.784,213,00700.HK-2025-11-20-1207,N
2025-11-20T11:10:40,300.817,217,00700.HK-2025-11-20-1208,N
2025-11-20T11:10:45,300.84,133,00700.HK-2025-11-20-1209,N
2025-11-20T11:10:50,300.903,258,00700.HK-2025-11-20-1210,N
2025-11-20T11:10:55,300.89,197,00700.HK-2025-11-20-1211,N
2025-11-20T11:11:00,300.797,225,00700.HK-2025-11-20-1212,N
2025-11-20T11:11:05,300.832,196,00700.HK-2025-11-20-1213,N
2025-11-20T11:11:10,300.899,183,00700.HK-2025-11-20-1214,N
2025-11-20T11:11:15,300.933,149,00700.HK-2025-11-20-1215,N
2025-11-20T11:11:20,300.932,191,00700.HK-2025-11-20-1216,N
2025-11-20T11:11:25,300.946,181,00700.HK-2025-11-20-1217,N
2025-11-20T11:11:30,300.938,241,00700.HK-2025-11-20-1218,N
2025-11-20T11:11:35,300.911,119,00700.HK-2025-11-20-1219,N
2025-11-20T11:11:40,301.017,269,00700.HK-2025-11-20-1220,N
2025-11-20T11:11:45,300.939,234,00700.HK-2025-11-20-1221,N
2025-11-20T11:11:50,300.909,213,00700.HK-2025-11-20-1222,N
2025-11-20T11:11:55,300.926,188,00700.HK-2025-11-20-1223,N
2025-11-20T11:12:00,300.879,165,00700.HK-2025-11-20-1224,N
2025-11-20T11:12:05,300.824,158,00700.HK-2025-11-20-1225,N
2025-11-20T11:12:10,300.82,164,00700.HK-2025-11-20-1226,N
2025-11-20T11:12:15,300.861,274,00700.HK-2025-11-20-1227,N
2025-11-20T11:12:20,300.826,211,00700.HK-2025-11-20-1228,N
2025-11-20T11:12:25,300.856,223,00700.HK-2025-11-20-1229,N
2025-11-20T11:12:30,300.861,237,00700.HK-2025-11-20-1230,N
2025-11-20T11:12:35,300.89,138,00700.HK-2025-11-20-1231,N
2025-11-20T11:12:40,300.942,244,00700.HK-2025-11-20-1232,N
2025-11-20T11:12:45,300.896,201,00700.HK-2025-11-20-1233,N
2025-11-20T11:12:50,300.937,189,00700.HK-2025-11-20-1234,N
2025-11-20T11:12:55,301.002,318,00700.HK-2025-11-20-1235,N
2025-11-20T11:13:00,300.954,130,00700.HK-2025-11-20-1236,N
2025-11-20T11:13:05,300.973,236,00700.HK-2025-11-20-1237,N
2025-11-20T11:13:10,300.959,272,00700.HK-2025-11-20-1238,N
2025-11-20T11:13:15,300.878,234,00700.HK-2025-11-20-1239,N
2025-11-20T11:13:20,300.842,285,00700.HK-2025-11-20-1240,N
2025-11-20T11:13:25,300.962,161,00700.HK-2025-11-20-1241,N
2025-11-20T11:13:30,300.929,242,00700.HK-2025-11-20-1242,N
2025-11-20T11:13:35,300.905,197,00700.HK-2025-11-20-1243,N
2025-11-20T11:13:40,300.907,104,00700.HK-2025-11-20-1244,N
2025-11-20T11:13:45,300.906,165,00700.HK-2025-11-20-1245,N
2025-11-20T11:13:50,300.876,272,00700.HK-2025-11-20-1246,N
2025-11-20T11:13:55,300.801,240,00700.HK-2025-11-20-1247,N
2025-11-20T11:14:00,300.784,186,00700.HK-2025-11-20-1248,N
2025-11-20T11:14:05,300.832,217,00700.HK-2025-11-20-1249,N
2025-11-20T11:14:10,300.866,248,00700.HK-2025-11-20-1250,N
2025-11-20T11:14:15,300.846,169,00700.HK-2025-11-20-1251,N
2025-11-20T11:14:20,300.781,158,00700.HK-2025-11-20-1252,N
2025-11-20T11:14:25,300.958,262,00700.HK-2025-11-20-1253,N
2025-11-20T11:14:30,300.877,133,00700.HK-2025-11-20-1254,N
2025-11-20T11:14:35,300.906,227,00700.HK-2025-11-20-1255,N
2025-11-20T11:14:40,300.939,187,00700.HK-2025-11-20-1256,N
2025-11-20T11:14:45,300.931,216,00700.HK-2025-11-20-1257,N
2025-11-20T11:14:50,300.936,89,00700.HK-2025-11-20-1258,N
2025-11-20T11:14:55,300.923,157,00700.HK-2025-11-20-1259,N
2025-11-20T11:15:00,300.933,349,00700.HK-2025-11-20-1260,N
2025-11-20T11:15:05,300.955,184,00700.HK-2025-11-20-1261,N
2025-11-20T11:15:10,301.011,224,00700.HK-2025-11-20-1262,N
2025-11-20T11:15:15,301.036,230,00700.HK-2025-11-20-1263,N
2025-11-20T11:15:20,301.16,143,00700.HK-2025-11-20-1264,N
2025-11-20T11:15:25,301.188,153,00700.HK-2025-11-20-1265,N
2025-11-20T11:15:30,301.222,154,00700.HK-2025-11-20-1266,N
2025-11-20T11:15:35,301.197,185,00700.HK-2025-11-20-1267,N
2025-11-20T11:15:40,301.255,245,00700.HK-2025-11-20-1268,N
2025-11-20T11:15:45,301.18,202,00700.HK-2025-11-20-1269,N
2025-11-20T11:15:50,301.138,137,00700.HK-2025-11-20-1270,N
2025-11-20T11:15:55,301.125,184,00700.HK-2025-11-20-1271,N
2025-11-20T11:16:00,301.271,221,00700.HK-2025-11-20-1272,N
2025-11-20T11:16:05,301.188,171,00700.HK-2025-11-20-1273,N
2025-11-20T11:16:10,301.249,304,00700.HK-2025-11-20-1274,N
2025-11-20T11:16:15,301.154,106,00700.HK-2025-11-20-1275,N
2025-11-20T11:16:20,301.266,219,00700.HK-2025-11-20-1276,N
2025-11-20T11:16:25,301.214,226,00700.HK-2025-11-20-1277,N
2025-11-20T11:16:30,301.055,200,00700.HK-2025-11-20-1278,N
2025-11-20T11:16:35,301.075,246,00700.HK-2025-11-20-1279,N
2025-11-20T11:16:40,301.014,204,00700.HK-2025-11-20-1280,N
2025-11-20T11:16:45,300.958,212,00700.HK-2025-11-20-1281,N
2025-11-20T11:16:50,300.904,179,00700.HK-2025-11-20-1282,N
2025-11-20T11:16:55,300.844,232,00700.HK-2025-11-20-1283,N
2025-11-20T11:17:00,300.896,188,00700.HK-2025-11-20-1284,N
2025-11-20T11:17:05,300.898,127,00700.HK-2025-11-20-1285,N
2025-11-20T11:17:10,300.88,197,00700.HK-2025-11-20-1286,N
2025-11-20T11:17:15,301.038,144,00700.HK-2025-11-20-1287,N
2025-11-20T11:17:20,301.126,249,00700.HK-2025-11-20-1288,N
2025-11-20T11:17:25,301.143,287,00700.HK-2025-11-20-1289,N
2025-11-20T11:17:30,301.166,219,00700.HK-2025-11-20-1290,N
2025-11-20T11:17:35,301.162,261,00700.HK-2025-11-20-1291,N
2025-11-20T11:17:40,301.228,168,00700.HK-2025-11-20-1292,N
2025-11-20T11:17:45,301.149,189,00700.HK-2025-11-20-1293,N
2025-11-20T11:17:50,301.101,196,00700.HK-2025-11-20-1294,N
2025-11-20T11:17:55,301.175,177,00700.HK-2025-11-20-1295,N
2025-11-20T11:18:00,301.173,202,00700.HK-2025-11-20-1296,N
2025-11-20T11:18:05,301.224,87,00700.HK-2025-11-20-1297,N
2025-11-20T11:18:10,301.187,210,00700.HK-2025-11-20-1298,N
2025-11-20T11:18:15,301.259,175,00700.HK-2025-11-20-1299,N
2025-11-20T11:18:20,301.146,230,00700.HK-2025-11-20-1300,N
2025-11-20T11:18:25,301.108,140,00700.HK-2025-11-20-1301,N
2025-11-20T11:18:30,301.071,190,00700.HK-2025-11-20-1302,N
2025-11-20T11:18:35,301.034,89,00700.HK-2025-11-20-1303,N
2025-11-20T11:18:40,301.088,263,00700.HK-2025-11-20-1304,N
2025-11-20T11:18:45,301.127,143,00700.HK-2025-11-20-1305,N
2025-11-20T11:18:50,301.115,199,00700.HK-2025-11-20-1306,N
2025-11-20T11:18:55,301.151,233,00700.HK-2025-11-20-1307,N
2025-11-20T11:19:00,301.107,204,00700.HK-2025-11-20-1308,N
2025-11-20T11:19:05,301.135,272,00700.HK-2025-11-20-1309,N
2025-11-20T11:19:10,301.177,239,00700.HK-2025-11-20-1310,N
2025-11-20T11:19:15,301.182,270,00700.HK-2025-11-20-1311,N
2025-11-20T11:19:20,301.207,156,00700.HK-2025-11-20-1312,N
2025-11-20T11:19:25,301.291,234,00700.HK-2025-11-20-1313,N
2025-11-20T11:19:30,301.265,176,00700.HK-2025-11-20-1314,N
2025-11-20T11:19:35,301.282,223,00700.HK-2025-11-20-1315,N
2025-11-20T11:19:40,301.294,215,00700.HK-2025-11-20-1316,N
2025-11-20T11:19:45,301.397,253,00700.HK-2025-11-20-1317,N
2025-11-20T11:19:50,301.408,247,00700.HK-2025-11-20-1318,N
2025-11-20T11:19:55,301.346,219,00700.HK-2025-11-20-1319,N
2025-11-20T11:20:00,301.455,189,00700.HK-2025-11-20-1320,N
2025-11-20T11:20:05,301.404,167,00700.HK-2025-11-20-1321,N
2025-11-20T11:20:10,301.338,160,00700.HK-2025-11-20-1322,N
2025-11-20T11:20:15,301.316,129,00700.HK-2025-11-20-1323,N
2025-11-20T11:20:20,301.317,245,00700.HK-2025-11-20-1324,N
2025-11-20T11:20:25,301.262,275,00700.HK-2025-11-20-1325,N
2025-11-20T11:20:30,301.293,251,00700.HK-2025-11-20-1326,N
2025-11-20T11:20:35,301.253,242,00700.HK-2025-11-20-1327,N
2025-11-20T11:20:40,301.188,244,00700.HK-2025-11-20-1328,N
2025-11-20T11:20:45,301.198,227,00700.HK-2025-11-20-1329,N
2025-11-20T11:20:50,301.127,155,00700.HK-2025-11-20-1330,N
2025-11-20T11:20:55,301.163,152,00700.HK-2025-11-20-1331,N
2025-11-20T11:21:00,301.191,131,00700.HK-2025-11-20-1332,N
2025-11-20T11:21:05,301.242,138,00700.HK-2025-11-20-1333,N
2025-11-20T11:21:10,301.275,231,00700.HK-2025-11-20-1334,N
2025-11-20T11:21:15,301.233,229,00700.HK-2025-11-20-1335,N
2025-11-20T11:21:20,301.249,173,00700.HK-2025-11-20-1336,N
2025-11-20T11:21:25,301.188,101,00700.HK-2025-11-20-1337,N
2025-11-20T11:21:30,301.209,121,00700.HK-2025-11-20-1338,N
2025-11-20T11:21:35,301.215,186,00700.HK-2025-11-20-1339,N
2025-11-20T11:21:40,301.256,184,00700.HK-2025-11-20-1340,N
2025-11-20T11:21:45,301.236,236,00700.HK-2025-11-20-1341,N
2025-11-20T11:21:50,301.256,215,00700.HK-2025-11-20-1342,N
2025-11-20T11:21:55,301.285,123,00700.HK-2025-11-20-1343,N
2025-11-20T11:22:00,301.33,230,00700.HK-2025-11-20-1344,N
2025-11-20T11:22:05,301.269,187,00700.HK-2025-11-20-1345,N
2025-11-20T11:22:10,301.267,193,00700.HK-2025-11-20-1346,N
2025-11-20T11:22:15,301.287,271,00700.HK-2025-11-20-1347,N
2025-11-20T11:22:20,301.352,134,00700.HK-2025-11-20-1348,N
2025-11-20T11:22:25,301.389,266,00700.HK-2025-11-20-1349,N
2025-11-20T11:22:30,301.413,254,00700.HK-2025-11-20-1350,N
2025-11-20T11:22:35,301.534,251,00700.HK-2025-11-20-1351,N
2025-11-20T11:22:40,301.549,252,00700.HK-2025-11-20-1352,N
2025-11-20T11:22:45,301.558,201,00700.HK-2025-11-20-1353,N
2025-11-20T11:22:50,301.537,278,00700.HK-2025-11-20-1354,N
2025-11-20T11:22:55,301.487,276,00700.HK-2025-11-20-1355,N
2025-11-20T11:23:00,301.517,130,00700.HK-2025-11-20-1356,N
2025-11-20T11:23:05,301.54,94,00700.HK-2025-11-20-1357,N
2025-11-20T11:23:10,301.577,244,00700.HK-2025-11-20-1358,N
2025-11-20T11:23:15,301.542,206,00700.HK-2025-11-20-1359,N
2025-11-20T11:23:20,301.659,174,00700.HK-2025-11-20-1360,N
2025-11-20T11:23:25,301.595,274,00700.HK-2025-11-20-1361,N
2025-11-20T11:23:30,301.714,200,00700.HK-2025-11-20-1362,N
2025-11-20T11:23:35,301.775,267,00700.HK-2025-11-20-1363,N
2025-11-20T11:23:40,301.73,175,00700.HK-2025-11-20-1364,N
2025-11-20T11:23:45,301.804,284,00700.HK-2025-11-20-1365,N
2025-11-20T11:23:50,301.838,156,00700.HK-2025-11-20-1366,N
2025-11-20T11:23:55,301.958,173,00700.HK-2025-11-20-1367,N
2025-11-20T11:24:00,301.938,217,00700.HK-2025-11-20-1368,N
2025-11-20T11:24:05,302.032,242,00700.HK-2025-11-20-1369,N
2025-11-20T11:24:10,302.057,223,00700.HK-2025-11-20-1370,N
2025-11-20T11:24:15,302.06,227,00700.HK-2025-11-20-1371,N
2025-11-20T11:24:20,301.907,185,00700.HK-2025-11-20-1372,N
2025-11-20T11:24:25,301.921,142,00700.HK-2025-11-20-1373,N
2025-11-20T11:24:30,301.945,189,00700.HK-2025-11-20-1374,N
2025-11-20T11:24:35,302.051,278,00700.HK-2025-11-20-1375,N
2025-11-20T11:24:40,302.023,192,00700.HK-2025-11-20-1376,N
2025-11-20T11:24:45,302.018,177,00700.HK-2025-11-20-1377,N
2025-11-20T11:24:50,302.03,162,00700.HK-2025-11-20-1378,N
2025-11-20T11:24:55,301.962,231,00700.HK-2025-11-20-1379,N
2025-11-20T11:25:00,302.0,159,00700.HK-2025-11-20-1380,N
2025-11-20T11:25:05,302.054,168,00700.HK-2025-11-20-1381,N
2025-11-20T11:25:10,302.069,241,00700.HK-2025-11-20-1382,N
2025-11-20T11:25:15,302.067,222,00700.HK-2025-11-20-1383,N
2025-11-20T11:25:20,302.036,190,00700.HK-2025-11-20-1384,N
2025-11-20T11:25:25,302.023,162,00700.HK-2025-11-20-1385,N
2025-11-20T11:25:30,302.013,122,00700.HK-2025-11-20-1386,N
2025-11-20T11:25:35,301.983,185,00700.HK-2025-11-20-1387,N
2025-11-20T11:25:40,301.967,187,00700.HK-2025-11-20-1388,N
2025-11-20T11:25:45,301.964,223,00700.HK-2025-11-20-1389,N
2025-11-20T11:25:50,302.017,167,00700.HK-2025-11-20-1390,N
2025-11-20T11:25:55,301.944,147,00700.HK-2025-11-20-1391,N
2025-11-20T11:26:00,301.914,182,00700.HK-2025-11-20-1392,N
2025-11-20T11:26:05,301.868,135,00700.HK-2025-11-20-1393,N
2025-11-20T11:26:10,301.84,209,00700.HK-2025-11-20-1394,N
2025-11-20T11:26:15,301.876,172,00700.HK-2025-11-20-1395,N
2025-11-20T11:26:20,301.851,153,00700.HK-2025-11-20-1396,N
2025-11-20T11:26:25,301.85,157,00700.HK-2025-11-20-1397,N
2025-11-20T11:26:30,301.884,110,00700.HK-2025-11-20-1398,N
2025-11-20T11:26:35,301.862,215,00700.HK-2025-11-20-1399,N
2025-11-20T11:26:40,301.873,334,00700.HK-2025-11-20-1400,N
2025-11-20T11:26:45,301.895,149,00700.HK-2025-11-20-1401,N
2025-11-20T11:26:50,301.889,111,00700.HK-2025-11-20-1402,N
2025-11-20T11:26:55,301.884,158,00700.HK-2025-11-20-1403,N
2025-11-20T11:27:00,301.939,172,00700.HK-2025-11-20-1404,N
2025-11-20T11:27:05,301.932,168,00700.HK-2025-11-20-1405,N
2025-11-20T11:27:10,302.037,183,00700.HK-2025-11-20-1406,N
2025-11-20T11:27:15,302.148,240,00700.HK-2025-11-20-1407,N
2025-11-20T11:27:20,302.177,218,00700.HK-2025-11-20-1408,N
2025-11-20T11:27:25,302.201,103,00700.HK-2025-11-20-1409,N
2025-11-20T11:27:30,302.184,242,00700.HK-2025-11-20-1410,N
2025-11-20T11:27:35,302.181,129,00700.HK-2025-11-20-1411,N
2025-11-20T11:27:40,302.178,285,00700.HK-2025-11-20-1412,N
2025-11-20T11:27:45,302.253,196,00700.HK-2025-11-20-1413,N
2025-11-20T11:27:50,302.311,181,00700.HK-2025-11-20-1414,N
2025-11-20T11:27:55,302.208,153,00700.HK-2025-11-20-1415,N
2025-11-20T11:28:00,302.302,186,00700.HK-2025-11-20-1416,N
2025-11-20T11:28:05,302.287,185,00700.HK-2025-11-20-1417,N
2025-11-20T11:28:10,302.403,281,00700.HK-2025-11-20-1418,N
2025-11-20T11:28:15,302.537,192,00700.HK-2025-11-20-1419,N
2025-11-20T11:28:20,302.555,124,00700.HK-2025-11-20-1420,N
2025-11-20T11:28:25,302.644,141,00700.HK-2025-11-20-1421,N
2025-11-20T11:28:30,302.657,145,00700.HK-2025-11-20-1422,N
2025-11-20T11:28:35,302.622,158,00700.HK-2025-11-20-1423,N
2025-11-20T11:28:40,302.585,173,00700.HK-2025-11-20-1424,N
2025-11-20T11:28:45,302.552,241,00700.HK-2025-11-20-1425,N
2025-11-20T11:28:50,302.485,211,00700.HK-2025-11-20-1426,N
2025-11-20T11:28:55,302.558,174,00700.HK-2025-11-20-1427,N
2025-11-20T11:29:00,302.515,188,00700.HK-2025-11-20-1428,N
2025-11-20T11:29:05,302.586,209,00700.HK-2025-11-20-1429,N
2025-11-20T11:29:10,302.554,224,00700.HK-2025-11-20-1430,N
2025-11-20T11:29:15,302.487,234,00700.HK-2025-11-20-1431,N
2025-11-20T11:29:20,302.512,184,00700.HK-2025-11-20-1432,N
2025-11-20T11:29:25,302.461,155,00700.HK-2025-11-20-1433,N
2025-11-20T11:29:30,302.494,261,00700.HK-2025-11-20-1434,N
2025-11-20T11:29:35,302.455,222,00700.HK-2025-11-20-1435,N
2025-11-20T11:29:40,302.329,170,00700.HK-2025-11-20-1436,N
2025-11-20T11:29:45,302.327,154,00700.HK-2025-11-20-1437,N
2025-11-20T11:29:50,302.27,166,00700.HK-2025-11-20-1438,N
2025-11-20T11:29:55,302.288,190,00700.HK-2025-11-20-1439,N
2025-11-20T11:30:00,302.153,93,00700.HK-2025-11-20-1440,N
2025-11-20T11:30:05,302.116,222,00700.HK-2025-11-20-1441,N
2025-11-20T11:30:10,301.95,175,00700.HK-2025-11-20-1442,N
2025-11-20T11:30:15,301.918,269,00700.HK-2025-11-20-1443,N
2025-11-20T11:30:20,301.895,219,00700.HK-2025-11-20-1444,N
2025-11-20T11:30:25,301.904,93,00700.HK-2025-11-20-1445,N
2025-11-20T11:30:30,301.95,210,00700.HK-2025-11-20-1446,N
2025-11-20T11:30:35,301.981,396,00700.HK-2025-11-20-1447,N
2025-11-20T11:30:40,301.855,286,00700.HK-2025-11-20-1448,N
2025-11-20T11:30:45,301.837,214,00700.HK-2025-11-20-1449,N
2025-11-20T11:30:50,301.835,178,00700.HK-2025-11-20-1450,N
2025-11-20T11:30:55,301.8,216,00700.HK-2025-11-20-1451,N
2025-11-20T11:31:00,301.709,237,00700.HK-2025-11-20-1452,N
2025-11-20T11:31:05,301.684,143,00700.HK-2025-11-20-1453,N
2025-11-20T11:31:10,301.657,262,00700.HK-2025-11-20-1454,N
2025-11-20T11:31:15,301.624,217,00700.HK-2025-11-20-1455,N
2025-11-20T11:31:20,301.58,237,00700.HK-2025-11-20-1456,N
2025-11-20T11:31:25,301.621,292,00700.HK-2025-11-20-1457,N
2025-11-20T11:31:30,301.611,233,00700.HK-2025-11-20-1458,N
2025-11-20T11:31:35,301.617,264,00700.HK-2025-11-20-1459,N
2025-11-20T11:31:40,301.573,237,00700.HK-2025-11-20-1460,N
2025-11-20T11:31:45,301.562,196,00700.HK-2025-11-20-1461,N
2025-11-20T11:31:50,301.567,212,00700.HK-2025-11-20-1462,N
2025-11-20T11:31:55,301.56,210,00700.HK-2025-11-20-1463,N
2025-11-20T11:32:00,301.655,249,00700.HK-2025-11-20-1464,N
2025-11-20T11:32:05,301.708,177,00700.HK-2025-11-20-1465,N
2025-11-20T11:32:10,301.654,247,00700.HK-2025-11-20-1466,N
2025-11-20T11:32:15,301.707,273,00700.HK-2025-11-20-1467,N
2025-11-20T11:32:20,301.671,188,00700.HK-2025-11-20-1468,N
2025-11-20T11:32:25,301.572,180,00700.HK-2025-11-20-1469,N
2025-11-20T11:32:30,301.632,176,00700.HK-2025-11-20-1470,N
2025-11-20T11:32:35,301.67,190,00700.HK-2025-11-20-1471,N
2025-11-20T11:32:40,301.69,142,00700.HK-2025-11-20-1472,N
2025-11-20T11:32:45,301.695,50,00700.HK-2025-11-20-1473,N
2025-11-20T11:32:50,301.684,118,00700.HK-2025-11-20-1474,N
2025-11-20T11:32:55,301.757,238,00700.HK-2025-11-20-1475,N
2025-11-20T11:33:00,301.785,276,00700.HK-2025-11-20-1476,N
2025-11-20T11:33:05,301.727,287,00700.HK-2025-11-20-1477,N
2025-11-20T11:33:10,301.784,188,00700.HK-2025-11-20-1478,N
2025-11-20T11:33:15,301.852,144,00700.HK-2025-11-20-1479,N
2025-11-20T11:33:20,301.802,169,00700.HK-2025-11-20-1480,N
2025-11-20T11:33:25,301.771,147,00700.HK-2025-11-20-1481,N
2025-11-20T11:33:30,301.844,187,00700.HK-2025-11-20-1482,N
2025-11-20T11:33:35,301.866,171,00700.HK-2025-11-20-1483,N
2025-11-20T11:33:40,301.756,213,00700.HK-2025-11-20-1484,N
2025-11-20T11:33:45,301.64,196,00700.HK-2025-11-20-1485,N
2025-11-20T11:33:50,301.558,299,00700.HK-2025-11-20-1486,N
2025-11-20T11:33:55,301.613,205,00700.HK-2025-11-20-1487,N
2025-11-20T11:34:00,301.689,157,00700.HK-2025-11-20-1488,N
2025-11-20T11:34:05,301.722,209,00700.HK-2025-11-20-1489,N
2025-11-20T11:34:10,301.738,263,00700.HK-2025-11-20-1490,N
2025-11-20T11:34:15,301.782,214,00700.HK-2025-11-20-1491,N
2025-11-20T11:34:20,301.682,151,00700.HK-2025-11-20-1492,N
2025-11-20T11:34:25,301.675,204,00700.HK-2025-11-20-1493,N
2025-11-20T11:34:30,301.606,320,00700.HK-2025-11-20-1494,N
2025-11-20T11:34:35,301.698,230,00700.HK-2025-11-20-1495,N
2025-11-20T11:34:40,301.702,189,00700.HK-2025-11-20-1496,N
2025-11-20T11:34:45,301.645,203,00700.HK-2025-11-20-1497,N
2025-11-20T11:34:50,301.66,137,00700.HK-2025-11-20-1498,N
2025-11-20T11:34:55,301.681,192,00700.HK-2025-11-20-1499,N
2025-11-20T11:35:00,301.565,156,00700.HK-2025-11-20-1500,N
2025-11-20T11:35:05,301.54,294,00700.HK-2025-11-20-1501,N
2025-11-20T11:35:10,301.574,133,00700.HK-2025-11-20-1502,N
2025-11-20T11:35:15,301.603,122,00700.HK-2025-11-20-1503,N
2025-11-20T11:35:20,301.669,176,00700.HK-2025-11-20-1504,N
2025-11-20T11:35:25,301.663,266,00700.HK-2025-11-20-1505,N
2025-11-20T11:35:30,301.585,130,00700.HK-2025-11-20-1506,N
2025-11-20T11:35:35,301.55,251,00700.HK-2025-11-20-1507,N
2025-11-20T11:35:40,301.459,58,00700.HK-2025-11-20-1508,N
2025-11-20T11:35:45,301.431,227,00700.HK-2025-11-20-1509,N
2025-11-20T11:35:50,301.504,176,00700.HK-2025-11-20-1510,N
2025-11-20T11:35:55,301.479,257,00700.HK-2025-11-20-1511,N
2025-11-20T11:36:00,301.366,180,00700.HK-2025-11-20-1512,N
2025-11-20T11:36:05,301.378,222,00700.HK-2025-11-20-1513,N
2025-11-20T11:36:10,301.347,201,00700.HK-2025-11-20-1514,N
2025-11-20T11:36:15,301.197,167,00700.HK-2025-11-20-1515,N
2025-11-20T11:36:20,301.224,150,00700.HK-2025-11-20-1516,N
2025-11-20T11:36:25,301.228,222,00700.HK-2025-11-20-1517,N
2025-11-20T11:36:30,301.207,208,00700.HK-2025-11-20-1518,N
2025-11-20T11:36:35,301.149,189,00700.HK-2025-11-20-1519,N
2025-11-20T11:36:40,301.186,207,00700.HK-2025-11-20-1520,N
2025-11-20T11:36:45,301.151,211,00700.HK-2025-11-20-1521,N
2025-11-20T11:36:50,301.194,97,00700.HK-2025-11-20-1522,N
2025-11-20T11:36:55,301.263,183,00700.HK-2025-11-20-1523,N
2025-11-20T11:37:00,301.289,259,00700.HK-2025-11-20-1524,N
2025-11-20T11:37:05,301.206,164,00700.HK-2025-11-20-1525,N
2025-11-20T11:37:10,301.189,160,00700.HK-2025-11-20-1526,N
2025-11-20T11:37:15,301.294,157,00700.HK-2025-11-20-1527,N
2025-11-20T11:37:20,301.26,210,00700.HK-2025-11-20-1528,N
2025-11-20T11:37:25,301.188,180,00700.HK-2025-11-20-1529,N
2025-11-20T11:37:30,301.207,183,00700.HK-2025-11-20-1530,N
2025-11-20T11:37:35,301.201,173,00700.HK-2025-11-20-1531,N
2025-11-20T11:37:40,301.11,216,00700.HK-2025-11-20-1532,N
2025-11-20T11:37:45,301.216,200,00700.HK-2025-11-20-1533,N
2025-11-20T11:37:50,301.229,234,00700.HK-2025-11-20-1534,N
2025-11-20T11:37:55,301.153,285,00700.HK-2025-11-20-1535,N
2025-11-20T11:38:00,301.165,281,00700.HK-2025-11-20-1536,N
2025-11-20T11:38:05,301.121,290,00700.HK-2025-11-20-1537,N
2025-11-20T11:38:10,301.167,227,00700.HK-2025-11-20-1538,N
2025-11-20T11:38:15,301.181,187,00700.HK-2025-11-20-1539,N
2025-11-20T11:38:20,301.254,207,00700.HK-2025-11-20-1540,N
2025-11-20T11:38:25,301.135,144,00700.HK-2025-11-20-1541,N
2025-11-20T11:38:30,301.124,215,00700.HK-2025-11-20-1542,N
2025-11-20T11:38:35,301.121,260,00700.HK-2025-11-20-1543,N
2025-11-20T11:38:40,301.003,207,00700.HK-2025-11-20-1544,N
2025-11-20T11:38:45,300.894,237,00700.HK-2025-11-20-1545,N
2025-11-20T11:38:50,300.888,220,00700.HK-2025-11-20-1546,N
2025-11-20T11:38:55,300.836,263,00700.HK-2025-11-20-1547,N
2025-11-20T11:39:00,300.899,229,00700.HK-2025-11-20-1548,N
2025-11-20T11:39:05,300.891,228,00700.HK-2025-11-20-1549,N
2025-11-20T11:39:10,300.848,242,00700.HK-2025-11-20-1550,N
2025-11-20T11:39:15,300.948,253,00700.HK-2025-11-20-1551,N
2025-11-20T11:39:20,300.904,218,00700.HK-2025-11-20-1552,N
2025-11-20T11:39:25,300.826,228,00700.HK-2025-11-20-1553,N
2025-11-20T11:39:30,300.853,106,00700.HK-2025-11-20-1554,N
2025-11-20T11:39:35,300.783,185,00700.HK-2025-11-20-1555,N
2025-11-20T11:39:40,300.765,139,00700.HK-2025-11-20-1556,N
2025-11-20T11:39:45,300.788,212,00700.HK-2025-11-20-1557,N
2025-11-20T11:39:50,300.777,162,00700.HK-2025-11-20-1558,N
2025-11-20T11:39:55,300.84,282,00700.HK-2025-11-20-1559,N
2025-11-20T11:40:00,300.811,169,00700.HK-2025-11-20-1560,N
2025-11-20T11:40:05,300.84,182,00700.HK-2025-11-20-1561,N
2025-11-20T11:40:10,300.832,236,00700.HK-2025-11-20-1562,N
2025-11-20T11:40:15,300.717,265,00700.HK-2025-11-20-1563,N
2025-11-20T11:40:20,300.721,179,00700.HK-2025-11-20-1564,N
2025-11-20T11:40:25,300.716,198,00700.HK-2025-11-20-1565,N
2025-11-20T11:40:30,300.612,274,00700.HK-2025-11-20-1566,N
2025-11-20T11:40:35,300.614,222,00700.HK-2025-11-20-1567,N
2025-11-20T11:40:40,300.672,148,00700.HK-2025-11-20-1568,N
2025-11-20T11:40:45,300.7,186,00700.HK-2025-11-20-1569,N
2025-11-20T11:40:50,300.751,93,00700.HK-2025-11-20-1570,N
2025-11-20T11:40:55,300.745,169,00700.HK-2025-11-20-1571,N
2025-11-20T11:41:00,300.771,223,00700.HK-2025-11-20-1572,N
2025-11-20T11:41:05,300.728,164,00700.HK-2025-11-20-1573,N
2025-11-20T11:41:10,300.722,155,00700.HK-2025-11-20-1574,N
2025-11-20T11:41:15,300.772,181,00700.HK-2025-11-20-1575,N
2025-11-20T11:41:20,300.598,181,00700.HK-2025-11-20-1576,N
2025-11-20T11:41:25,300.535,118,00700.HK-2025-11-20-1577,N
2025-11-20T11:41:30,300.461,205,00700.HK-2025-11-20-1578,N
2025-11-20T11:41:35,300.541,215,00700.HK-2025-11-20-1579,N
2025-11-20T11:41:40,300.504,222,00700.HK-2025-11-20-1580,N
2025-11-20T11:41:45,300.477,165,00700.HK-2025-11-20-1581,N
2025-11-20T11:41:50,300.407,112,00700.HK-2025-11-20-1582,N
2025-11-20T11:41:55,300.384,207,00700.HK-2025-11-20-1583,N
2025-11-20T11:42:00,300.378,179,00700.HK-2025-11-20-1584,N
2025-11-20T11:42:05,300.321,230,00700.HK-2025-11-20-1585,N
2025-11-20T11:42:10,300.242,238,00700.HK-2025-11-20-1586,N
2025-11-20T11:42:15,300.182,162,00700.HK-2025-11-20-1587,N
2025-11-20T11:42:20,300.094,174,00700.HK-2025-11-20-1588,N
2025-11-20T11:42:25,300.152,225,00700.HK-2025-11-20-1589,N
2025-11-20T11:42:30,300.211,226,00700.HK-2025-11-20-1590,N
2025-11-20T11:42:35,300.145,183,00700.HK-2025-11-20-1591,N
2025-11-20T11:42:40,300.098,266,00700.HK-2025-11-20-1592,N
2025-11-20T11:42:45,300.026,244,00700.HK-2025-11-20-1593,N
2025-11-20T11:42:50,300.08,291,00700.HK-2025-11-20-1594,N
2025-11-20T11:42:55,300.055,235,00700.HK-2025-11-20-1595,N
2025-11-20T11:43:00,300.192,169,00700.HK-2025-11-20-1596,N
2025-11-20T11:43:05,300.1,105,00700.HK-2025-11-20-1597,N
2025-11-20T11:43:10,300.143,105,00700.HK-2025-11-20-1598,N
2025-11-20T11:43:15,300.12,221,00700.HK-2025-11-20-1599,N
2025-11-20T11:43:20,300.131,221,00700.HK-2025-11-20-1600,N
2025-11-20T11:43:25,300.145,263,00700.HK-2025-11-20-1601,N
2025-11-20T11:43:30,300.088,166,00700.HK-2025-11-20-1602,N
2025-11-20T11:43:35,300.041,241,00700.HK-2025-11-20-1603,N
2025-11-20T11:43:40,300.095,222,00700.HK-2025-11-20-1604,N
2025-11-20T11:43:45,300.166,141,00700.HK-2025-11-20-1605,N
2025-11-20T11:43:50,300.266,276,00700.HK-2025-11-20-1606,N
2025-11-20T11:43:55,300.311,289,00700.HK-2025-11-20-1607,N
2025-11-20T11:44:00,300.211,173,00700.HK-2025-11-20-1608,N
2025-11-20T11:44:05,300.167,236,00700.HK-2025-11-20-1609,N
2025-11-20T11:44:10,300.104,237,00700.HK-2025-11-20-1610,N
2025-11-20T11:44:15,300.186,234,00700.HK-2025-11-20-1611,N
2025-11-20T11:44:20,300.203,150,00700.HK-2025-11-20-1612,N
2025-11-20T11:44:25,300.152,262,00700.HK-2025-11-20-1613,N
2025-11-20T11:44:30,300.199,198,00700.HK-2025-11-20-1614,N
2025-11-20T11:44:35,300.174,98,00700.HK-2025-11-20-1615,N
2025-11-20T11:44:40,300.11,295,00700.HK-2025-11-20-1616,N
2025-11-20T11:44:45,300.033,209,00700.HK-2025-11-20-1617,N
2025-11-20T11:44:50,300.093,137,00700.HK-2025-11-20-1618,N
2025-11-20T11:44:55,300.104,246,00700.HK-2025-11-20-1619,N
2025-11-20T11:45:00,300.105,343,00700.HK-2025-11-20-1620,N
2025-11-20T11:45:05,300.005,252,00700.HK-2025-11-20-1621,N
2025-11-20T11:45:10,299.995,238,00700.HK-2025-11-20-1622,N
2025-11-20T11:45:15,300.021,163,00700.HK-2025-11-20-1623,N
2025-11-20T11:45:20,300.035,107,00700.HK-2025-11-20-1624,N
2025-11-20T11:45:25,300.071,214,00700.HK-2025-11-20-1625,N
2025-11-20T11:45:30,300.109,252,00700.HK-2025-11-20-1626,N
2025-11-20T11:45:35,300.131,207,00700.HK-2025-11-20-1627,N
2025-11-20T11:45:40,300.079,164,00700.HK-2025-11-20-1628,N
2025-11-20T11:45:45,300.15,271,00700.HK-2025-11-20-1629,N
2025-11-20T11:45:50,300.135,202,00700.HK-2025-11-20-1630,N
2025-11-20T11:45:55,300.081,258,00700.HK-2025-11-20-1631,N
2025-11-20T11:46:00,300.121,297,00700.HK-2025-11-20-1632,N
2025-11-20T11:46:05,300.068,181,00700.HK-2025-11-20-1633,N
2025-11-20T11:46:10,300.082,232,00700.HK-2025-11-20-1634,N
2025-11-20T11:46:15,300.069,156,00700.HK-2025-11-20-1635,N
2025-11-20T11:46:20,300.122,236,00700.HK-2025-11-20-1636,N
2025-11-20T11:46:25,300.067,267,00700.HK-2025-11-20-1637,N
2025-11-20T11:46:30,300.137,206,00700.HK-2025-11-20-1638,N
2025-11-20T11:46:35,300.142,227,00700.HK-2025-11-20-1639,N
2025-11-20T11:46:40,300.091,201,00700.HK-2025-11-20-1640,N
2025-11-20T11:46:45,299.961,243,00700.HK-2025-11-20-1641,N
2025-11-20T11:46:50,299.868,275,00700.HK-2025-11-20-1642,N
2025-11-20T11:46:55,299.848,189,00700.HK-2025-11-20-1643,N
2025-11-20T11:47:00,299.81,185,00700.HK-2025-11-20-1644,N
2025-11-20T11:47:05,299.895,75,00700.HK-2025-11-20-1645,N
2025-11-20T11:47:10,299.972,216,00700.HK-2025-11-20-1646,N
2025-11-20T11:47:15,299.899,146,00700.HK-2025-11-20-1647,N
2025-11-20T11:47:20,300.0,152,00700.HK-2025-11-20-1648,N
2025-11-20T11:47:25,299.931,256,00700.HK-2025-11-20-1649,N
2025-11-20T11:47:30,299.951,153,00700.HK-2025-11-20-1650,N
2025-11-20T11:47:35,299.964,148,00700.HK-2025-11-20-1651,N
2025-11-20T11:47:40,300.03,253,00700.HK-2025-11-20-1652,N
2025-11-20T11:47:45,300.062,218,00700.HK-2025-11-20-1653,N
2025-11-20T11:47:50,300.168,199,00700.HK-2025-11-20-1654,N
2025-11-20T11:47:55,300.097,222,00700.HK-2025-11-20-1655,N
2025-11-20T11:48:00,300.222,149,00700.HK-2025-11-20-1656,N
2025-11-20T11:48:05,300.2,220,00700.HK-2025-11-20-1657,N
2025-11-20T11:48:10,300.197,150,00700.HK-2025-11-20-1658,N
2025-11-20T11:48:15,300.264,316,00700.HK-2025-11-20-1659,N
2025-11-20T11:48:20,300.276,154,00700.HK-2025-11-20-1660,N
2025-11-20T11:48:25,300.183,212,00700.HK-2025-11-20-1661,N
2025-11-20T11:48:30,300.249,223,00700.HK-2025-11-20-1662,N
2025-11-20T11:48:35,300.249,170,00700.HK-2025-11-20-1663,N
2025-11-20T11:48:40,300.184,241,00700.HK-2025-11-20-1664,N
2025-11-20T11:48:45,300.239,122,00700.HK-2025-11-20-1665,N
2025-11-20T11:48:50,300.334,228,00700.HK-2025-11-20-1666,N
2025-11-20T11:48:55,300.418,132,00700.HK-2025-11-20-1667,N
2025-11-20T11:49:00,300.336,192,00700.HK-2025-11-20-1668,N
2025-11-20T11:49:05,300.366,289,00700.HK-2025-11-20-1669,N
2025-11-20T11:49:10,300.409,187,00700.HK-2025-11-20-1670,N
2025-11-20T11:49:15,300.347,261,00700.HK-2025-11-20-1671,N
2025-11-20T11:49:20,300.289,281,00700.HK-2025-11-20-1672,N
2025-11-20T11:49:25,300.272,279,00700.HK-2025-11-20-1673,N
2025-11-20T11:49:30,300.313,193,00700.HK-2025-11-20-1674,N
2025-11-20T11:49:35,300.282,182,00700.HK-2025-11-20-1675,N
2025-11-20T11:49:40,300.307,203,00700.HK-2025-11-20-1676,N
2025-11-20T11:49:45,300.272,191,00700.HK-2025-11-20-1677,N
2025-11-20T11:49:50,300.276,93,00700.HK-2025-11-20-1678,N
2025-11-20T11:49:55,300.304,151,00700.HK-2025-11-20-1679,N
2025-11-20T11:50:00,300.235,115,00700.HK-2025-11-20-1680,N
2025-11-20T11:50:05,300.127,132,00700.HK-2025-11-20-1681,N
2025-11-20T11:50:10,300.084,297,00700.HK-2025-11-20-1682,N
2025-11-20T11:50:15,300.053,208,00700.HK-2025-11-20-1683,N
2025-11-20T11:50:20,300.077,206,00700.HK-2025-11-20-1684,N
2025-11-20T11:50:25,300.072,140,00700.HK-2025-11-20-1685,N
2025-11-20T11:50:30,300.159,290,00700.HK-2025-11-20-1686,N
2025-11-20T11:50:35,300.058,148,00700.HK-2025-11-20-1687,N
2025-11-20T11:50:40,300.041,151,00700.HK-2025-11-20-1688,N
2025-11-20T11:50:45,300.072,163,00700.HK-2025-11-20-1689,N
2025-11-20T11:50:50,300.202,259,00700.HK-2025-11-20-1690,N
2025-11-20T11:50:55,300.214,251,00700.HK-2025-11-20-1691,N
2025-11-20T11:51:00,300.281,171,00700.HK-2025-11-20-1692,N
2025-11-20T11:51:05,300.232,203,00700.HK-2025-11-20-1693,N
2025-11-20T11:51:10,300.284,206,00700.HK-2025-11-20-1694,N
2025-11-20T11:51:15,300.189,159,00700.HK-2025-11-20-1695,N
2025-11-20T11:51:20,300.184,196,00700.HK-2025-11-20-1696,N
2025-11-20T11:51:25,300.303,130,00700.HK-2025-11-20-1697,N
2025-11-20T11:51:30,300.333,274,00700.HK-2025-11-20-1698,N
2025-11-20T11:51:35,300.47,179,00700.HK-2025-11-20-1699,N
2025-11-20T11:51:40,300.499,228,00700.HK-2025-11-20-1700,N
2025-11-20T11:51:45,300.511,195,00700.HK-2025-11-20-1701,N
2025-11-20T11:51:50,300.537,73,00700.HK-2025-11-20-1702,N
2025-11-20T11:51:55,300.578,206,00700.HK-2025-11-20-1703,N
2025-11-20T11:52:00,300.565,302,00700.HK-2025-11-20-1704,N
2025-11-20T11:52:05,300.524,179,00700.HK-2025-11-20-1705,N
2025-11-20T11:52:10,300.644,158,00700.HK-2025-11-20-1706,N
2025-11-20T11:52:15,300.611,192,00700.HK-2025-11-20-1707,N
2025-11-20T11:52:20,300.661,210,00700.HK-2025-11-20-1708,N
2025-11-20T11:52:25,300.584,173,00700.HK-2025-11-20-1709,N
2025-11-20T11:52:30,300.547,196,00700.HK-2025-11-20-1710,N
2025-11-20T11:52:35,300.573,220,00700.HK-2025-11-20-1711,N
2025-11-20T11:52:40,300.466,253,00700.HK-2025-11-20-1712,N
2025-11-20T11:52:45,300.481,269,00700.HK-2025-11-20-1713,N
2025-11-20T11:52:50,300.508,255,00700.HK-2025-11-20-1714,N
2025-11-20T11:52:55,300.536,267,00700.HK-2025-11-20-1715,N
2025-11-20T11:53:00,300.567,195,00700.HK-2025-11-20-1716,N
2025-11-20T11:53:05,300.704,244,00700.HK-2025-11-20-1717,N
2025-11-20T11:53:10,300.738,136,00700.HK-2025-11-20-1718,N
2025-11-20T11:53:15,300.661,214,00700.HK-2025-11-20-1719,N
2025-11-20T11:53:20,300.67,169,00700.HK-2025-11-20-1720,N
2025-11-20T11:53:25,300.678,279,00700.HK-2025-11-20-1721,N
2025-11-20T11:53:30,300.72,142,00700.HK-2025-11-20-1722,N
2025-11-20T11:53:35,300.713,159,00700.HK-2025-11-20-1723,N
2025-11-20T11:53:40,300.69,179,00700.HK-2025-11-20-1724,N
2025-11-20T11:53:45,300.661,137,00700.HK-2025-11-20-1725,N
2025-11-20T11:53:50,300.654,171,00700.HK-2025-11-20-1726,N
2025-11-20T11:53:55,300.477,302,00700.HK-2025-11-20-1727,N
2025-11-20T11:54:00,300.543,181,00700.HK-2025-11-20-1728,N
2025-11-20T11:54:05,300.544,141,00700.HK-2025-11-20-1729,N
2025-11-20T11:54:10,300.646,294,00700.HK-2025-11-20-1730,N
2025-11-20T11:54:15,300.655,251,00700.HK-2025-11-20-1731,N
2025-11-20T11:54:20,300.666,133,00700.HK-2025-11-20-1732,N
2025-11-20T11:54:25,300.641,206,00700.HK-2025-11-20-1733,N
2025-11-20T11:54:30,300.614,189,00700.HK-2025-11-20-1734,N
2025-11-20T11:54:35,300.608,195,00700.HK-2025-11-20-1735,N
2025-11-20T11:54:40,300.611,146,00700.HK-2025-11-20-1736,N
2025-11-20T11:54:45,300.568,135,00700.HK-2025-11-20-1737,N
2025-11-20T11:54:50,300.627,94,00700.HK-2025-11-20-1738,N
2025-11-20T11:54:55,300.696,269,00700.HK-2025-11-20-1739,N
2025-11-20T11:55:00,300.678,69,00700.HK-2025-11-20-1740,N
2025-11-20T11:55:05,300.656,196,00700.HK-2025-11-20-1741,N
2025-11-20T11:55:10,300.596,174,00700.HK-2025-11-20-1742,N
2025-11-20T11:55:15,300.688,233,00700.HK-2025-11-20-1743,N
2025-11-20T11:55:20,300.632,120,00700.HK-2025-11-20-1744,N
2025-11-20T11:55:25,300.612,189,00700.HK-2025-11-20-1745,N
2025-11-20T11:55:30,300.642,173,00700.HK-2025-11-20-1746,N
2025-11-20T11:55:35,300.673,296,00700.HK-2025-11-20-1747,N
2025-11-20T11:55:40,300.722,197,00700.HK-2025-11-20-1748,N
2025-11-20T11:55:45,300.711,182,00700.HK-2025-11-20-1749,N
2025-11-20T11:55:50,300.782,168,00700.HK-2025-11-20-1750,N
2025-11-20T11:55:55,300.785,202,00700.HK-2025-11-20-1751,N
2025-11-20T11:56:00,300.755,131,00700.HK-2025-11-20-1752,N
2025-11-20T11:56:05,300.774,196,00700.HK-2025-11-20-1753,N
2025-11-20T11:56:10,300.804,173,00700.HK-2025-11-20-1754,N
2025-11-20T11:56:15,300.878,156,00700.HK-2025-11-20-1755,N
2025-11-20T11:56:20,300.981,112,00700.HK-2025-11-20-1756,N
2025-11-20T11:56:25,301.007,223,00700.HK-2025-11-20-1757,N
2025-11-20T11:56:30,300.959,221,00700.HK-2025-11-20-1758,N
2025-11-20T11:56:35,301.036,89,00700.HK-2025-11-20-1759,N
2025-11-20T11:56:40,301.066,75,00700.HK-2025-11-20-1760,N
2025-11-20T11:56:45,301.008,281,00700.HK-2025-11-20-1761,N
2025-11-20T11:56:50,300.973,141,00700.HK-2025-11-20-1762,N
2025-11-20T11:56:55,300.961,303,00700.HK-2025-11-20-1763,N
2025-11-20T11:57:00,300.851,147,00700.HK-2025-11-20-1764,N
2025-11-20T11:57:05,300.941,292,00700.HK-2025-11-20-1765,N
2025-11-20T11:57:10,300.935,138,00700.HK-2025-11-20-1766,N
2025-11-20T11:57:15,301.061,279,00700.HK-2025-11-20-1767,N
2025-11-20T11:57:20,301.102,159,00700.HK-2025-11-20-1768,N
2025-11-20T11:57:25,301.099,191,00700.HK-2025-11-20-1769,N
2025-11-20T11:57:30,301.119,272,00700.HK-2025-11-20-1770,N
2025-11-20T11:57:35,301.172,146,00700.HK-2025-11-20-1771,N
2025-11-20T11:57:40,301.255,215,00700.HK-2025-11-20-1772,N
2025-11-20T11:57:45,301.296,273,00700.HK-2025-11-20-1773,N
2025-11-20T11:57:50,301.229,198,00700.HK-2025-11-20-1774,N
2025-11-20T11:57:55,301.197,121,00700.HK-2025-11-20-1775,N
2025-11-20T11:58:00,301.218,325,00700.HK-2025-11-20-1776,N
2025-11-20T11:58:05,301.107,198,00700.HK-2025-11-20-1777,N
2025-11-20T11:58:10,301.146,206,00700.HK-2025-11-20-1778,N
2025-11-20T11:58:15,301.139,135,00700.HK-2025-11-20-1779,N
2025-11-20T11:58:20,301.153,162,00700.HK-2025-11-20-1780,N
2025-11-20T11:58:25,301.021,259,00700.HK-2025-11-20-1781,N
2025-11-20T11:58:30,301.079,202,00700.HK-2025-11-20-1782,N
2025-11-20T11:58:35,301.092,253,00700.HK-2025-11-20-1783,N
2025-11-20T11:58:40,301.106,245,00700.HK-2025-11-20-1784,N
2025-11-20T11:58:45,301.088,265,00700.HK-2025-11-20-1785,N
2025-11-20T11:58:50,301.107,209,00700.HK-2025-11-20-1786,N
2025-11-20T11:58:55,301.031,214,00700.HK-2025-11-20-1787,N
2025-11-20T11:59:00,300.981,168,00700.HK-2025-11-20-1788,N
2025-11-20T11:59:05,300.932,146,00700.HK-2025-11-20-1789,N
2025-11-20T11:59:10,301.06,266,00700.HK-2025-11-20-1790,N
2025-11-20T11:59:15,301.175,138,00700.HK-2025-11-20-1791,N
2025-11-20T11:59:20,301.179,135,00700.HK-2025-11-20-1792,N
2025-11-20T11:59:25,301.138,154,00700.HK-2025-11-20-1793,N
2025-11-20T11:59:30,301.212,180,00700.HK-2025-11-20-1794,N
2025-11-20T11:59:35,301.277,230,00700.HK-2025-11-20-1795,N
2025-11-20T11:59:40,301.415,126,00700.HK-2025-11-20-1796,N
2025-11-20T11:59:45,301.491,257,00700.HK-2025-11-20-1797,N
2025-11-20T11:59:50,301.433,250,00700.HK-2025-11-20-1798,N
2025-11-20T11:59:55,301.453,188,00700.HK-2025-11-20-1799,N
2025-11-20T12:00:00,301.403,164,00700.HK-2025-11-20-1800,N
2025-11-20T12:00:05,301.527,200,00700.HK-2025-11-20-1801,N
2025-11-20T12:00:10,301.574,160,00700.HK-2025-11-20-1802,N
2025-11-20T12:00:15,301.527,254,00700.HK-2025-11-20-1803,N
2025-11-20T12:00:20,301.445,179,00700.HK-2025-11-20-1804,N
2025-11-20T12:00:25,301.448,205,00700.HK-2025-11-20-1805,N
2025-11-20T12:00:30,301.437,219,00700.HK-2025-11-20-1806,N
2025-11-20T12:00:35,301.478,236,00700.HK-2025-11-20-1807,N
2025-11-20T12:00:40,301.419,185,00700.HK-2025-11-20-1808,N
2025-11-20T12:00:45,301.491,244,00700.HK-2025-11-20-1809,N
2025-11-20T12:00:50,301.408,217,00700.HK-2025-11-20-1810,N
2025-11-20T12:00:55,301.289,202,00700.HK-2025-11-20-1811,N
2025-11-20T12:01:00,301.403,152,00700.HK-2025-11-20-1812,N
2025-11-20T12:01:05,301.353,238,00700.HK-2025-11-20-1813,N
2025-11-20T12:01:10,301.26,168,00700.HK-2025-11-20-1814,N
2025-11-20T12:01:15,301.296,168,00700.HK-2025-11-20-1815,N
2025-11-20T12:01:20,301.282,237,00700.HK-2025-11-20-1816,N
2025-11-20T12:01:25,301.307,213,00700.HK-2025-11-20-1817,N
2025-11-20T12:01:30,301.287,218,00700.HK-2025-11-20-1818,N
2025-11-20T12:01:35,301.279,222,00700.HK-2025-11-20-1819,N
2025-11-20T12:01:40,301.249,190,00700.HK-2025-11-20-1820,N
2025-11-20T12:01:45,301.19,198,00700.HK-2025-11-20-1821,N
2025-11-20T12:01:50,301.141,144,00700.HK-2025-11-20-1822,N
2025-11-20T12:01:55,301.156,210,00700.HK-2025-11-20-1823,N
2025-11-20T12:02:00,301.204,178,00700.HK-2025-11-20-1824,N
2025-11-20T12:02:05,301.228,227,00700.HK-2025-11-20-1825,N
2025-11-20T12:02:10,301.255,158,00700.HK-2025-11-20-1826,N
2025-11-20T12:02:15,301.264,218,00700.HK-2025-11-20-1827,N
2025-11-20T12:02:20,301.264,95,00700.HK-2025-11-20-1828,N
2025-11-20T12:02:25,301.274,310,00700.HK-2025-11-20-1829,N
2025-11-20T12:02:30,301.252,163,00700.HK-2025-11-20-1830,N
2025-11-20T12:02:35,301.275,215,00700.HK-2025-11-20-1831,N
2025-11-20T12:02:40,301.347,137,00700.HK-2025-11-20-1832,N
2025-11-20T12:02:45,301.391,229,00700.HK-2025-11-20-1833,N
2025-11-20T12:02:50,301.382,216,00700.HK-2025-11-20-1834,N
2025-11-20T12:02:55,301.444,243,00700.HK-2025-11-20-1835,N
2025-11-20T12:03:00,301.375,241,00700.HK-2025-11-20-1836,N
2025-11-20T12:03:05,301.372,203,00700.HK-2025-11-20-1837,N
2025-11-20T12:03:10,301.376,192,00700.HK-2025-11-20-1838,N
2025-11-20T12:03:15,301.448,195,00700.HK-2025-11-20-1839,N
2025-11-20T12:03:20,301.38,180,00700.HK-2025-11-20-1840,N
2025-11-20T12:03:25,301.391,261,00700.HK-2025-11-20-1841,N
2025-11-20T12:03:30,301.427,157,00700.HK-2025-11-20-1842,N
2025-11-20T12:03:35,301.577,213,00700.HK-2025-11-20-1843,N
2025-11-20T12:03:40,301.654,192,00700.HK-2025-11-20-1844,N
2025-11-20T12:03:45,301.686,241,00700.HK-2025-11-20-1845,N
2025-11-20T12:03:50,301.76,252,00700.HK-2025-11-20-1846,N
2025-11-20T12:03:55,301.812,184,00700.HK-2025-11-20-1847,N
2025-11-20T12:04:00,301.778,216,00700.HK-2025-11-20-1848,N
2025-11-20T12:04:05,301.834,188,00700.HK-2025-11-20-1849,N
2025-11-20T12:04:10,301.899,272,00700.HK-2025-11-20-1850,N
2025-11-20T12:04:15,301.843,158,00700.HK-2025-11-20-1851,N
2025-11-20T12:04:20,301.835,215,00700.HK-2025-11-20-1852,N
2025-11-20T12:04:25,301.803,267,00700.HK-2025-11-20-1853,N
2025-11-20T12:04:30,301.829,201,00700.HK-2025-11-20-1854,N
2025-11-20T12:04:35,301.742,134,00700.HK-2025-11-20-1855,N
2025-11-20T12:04:40,301.759,93,00700.HK-2025-11-20-1856,N
2025-11-20T12:04:45,301.82,192,00700.HK-2025-11-20-1857,N
2025-11-20T12:04:50,302.016,315,00700.HK-2025-11-20-1858,N
2025-11-20T12:04:55,302.005,194,00700.HK-2025-11-20-1859,N
2025-11-20T12:05:00,302.065,285,00700.HK-2025-11-20-1860,N
2025-11-20T12:05:05,301.966,110,00700.HK-2025-11-20-1861,N
2025-11-20T12:05:10,301.929,229,00700.HK-2025-11-20-1862,N
2025-11-20T12:05:15,301.959,253,00700.HK-2025-11-20-1863,N
2025-11-20T12:05:20,301.886,84,00700.HK-2025-11-20-1864,N
2025-11-20T12:05:25,301.938,158,00700.HK-2025-11-20-1865,N
2025-11-20T12:05:30,301.816,207,00700.HK-2025-11-20-1866,N
2025-11-20T12:05:35,301.864,193,00700.HK-2025-11-20-1867,N
2025-11-20T12:05:40,301.836,192,00700.HK-2025-11-20-1868,N
2025-11-20T12:05:45,301.814,132,00700.HK-2025-11-20-1869,N
2025-11-20T12:05:50,301.771,226,00700.HK-2025-11-20-1870,N
2025-11-20T12:05:55,301.79,208,00700.HK-2025-11-20-1871,N
2025-11-20T12:06:00,301.73,190,00700.HK-2025-11-20-1872,N
2025-11-20T12:06:05,301.599,208,00700.HK-2025-11-20-1873,N
2025-11-20T12:06:10,301.685,126,00700.HK-2025-11-20-1874,N
2025-11-20T12:06:15,301.65,216,00700.HK-2025-11-20-1875,N
2025-11-20T12:06:20,301.725,177,00700.HK-2025-11-20-1876,N
2025-11-20T12:06:25,301.683,101,00700.HK-2025-11-20-1877,N
2025-11-20T12:06:30,301.69,302,00700.HK-2025-11-20-1878,N
2025-11-20T12:06:35,301.706,198,00700.HK-2025-11-20-1879,N
2025-11-20T12:06:40,301.726,199,00700.HK-2025-11-20-1880,N
2025-11-20T12:06:45,301.677,241,00700.HK-2025-11-20-1881,N
2025-11-20T12:06:50,301.69,200,00700.HK-2025-11-20-1882,N
2025-11-20T12:06:55,301.631,265,00700.HK-2025-11-20-1883,N
2025-11-20T12:07:00,301.672,172,00700.HK-2025-11-20-1884,N
2025-11-20T12:07:05,301.732,175,00700.HK-2025-11-20-1885,N
2025-11-20T12:07:10,301.685,162,00700.HK-2025-11-20-1886,N
2025-11-20T12:07:15,301.578,223,00700.HK-2025-11-20-1887,N
2025-11-20T12:07:20,301.467,138,00700.HK-2025-11-20-1888,N
2025-11-20T12:07:25,301.342,195,00700.HK-2025-11-20-1889,N
2025-11-20T12:07:30,301.333,183,00700.HK-2025-11-20-1890,N
2025-11-20T12:07:35,301.27,141,00700.HK-2025-11-20-1891,N
2025-11-20T12:07:40,301.298,172,00700.HK-2025-11-20-1892,N
2025-11-20T12:07:45,301.317,155,00700.HK-2025-11-20-1893,N
2025-11-20T12:07:50,301.328,265,00700.HK-2025-11-20-1894,N
2025-11-20T12:07:55,301.364,179,00700.HK-2025-11-20-1895,N
2025-11-20T12:08:00,301.379,187,00700.HK-2025-11-20-1896,N
2025-11-20T12:08:05,301.38,183,00700.HK-2025-11-20-1897,N
2025-11-20T12:08:10,301.37,210,00700.HK-2025-11-20-1898,N
2025-11-20T12:08:15,301.31,149,00700.HK-2025-11-20-1899,N
2025-11-20T12:08:20,301.226,119,00700.HK-2025-11-20-1900,N
2025-11-20T12:08:25,301.153,207,00700.HK-2025-11-20-1901,N
2025-11-20T12:08:30,301.099,225,00700.HK-2025-11-20-1902,N
2025-11-20T12:08:35,301.101,101,00700.HK-2025-11-20-1903,N
2025-11-20T12:08:40,301.141,240,00700.HK-2025-11-20-1904,N
2025-11-20T12:08:45,301.081,221,00700.HK-2025-11-20-1905,N
2025-11-20T12:08:50,301.029,204,00700.HK-2025-11-20-1906,N
2025-11-20T12:08:55,300.953,110,00700.HK-2025-11-20-1907,N
2025-11-20T12:09:00,300.93,193,00700.HK-2025-11-20-1908,N
2025-11-20T12:09:05,300.906,140,00700.HK-2025-11-20-1909,N
2025-11-20T12:09:10,300.882,213,00700.HK-2025-11-20-1910,N
2025-11-20T12:09:15,300.879,209,00700.HK-2025-11-20-1911,N
2025-11-20T12:09:20,300.839,258,00700.HK-2025-11-20-1912,N
2025-11-20T12:09:25,300.768,224,00700.HK-2025-11-20-1913,N
2025-11-20T12:09:30,300.839,224,00700.HK-2025-11-20-1914,N
2025-11-20T12:09:35,300.827,173,00700.HK-2025-11-20-1915,N
2025-11-20T12:09:40,300.89,128,00700.HK-2025-11-20-1916,N
2025-11-20T12:09:45,300.831,180,00700.HK-2025-11-20-1917,N
2025-11-20T12:09:50,300.906,218,00700.HK-2025-11-20-1918,N
2025-11-20T12:09:55,300.847,184,00700.HK-2025-11-20-1919,N
2025-11-20T12:10:00,300.81,164,00700.HK-2025-11-20-1920,N
2025-11-20T12:10:05,300.869,131,00700.HK-2025-11-20-1921,N
2025-11-20T12:10:10,300.966,241,00700.HK-2025-11-20-1922,N
2025-11-20T12:10:15,301.032,176,00700.HK-2025-11-20-1923,N
2025-11-20T12:10:20,301.023,128,00700.HK-2025-11-20-1924,N
2025-11-20T12:10:25,300.991,224,00700.HK-2025-11-20-1925,N
2025-11-20T12:10:30,301.069,144,00700.HK-2025-11-20-1926,N
2025-11-20T12:10:35,301.047,192,00700.HK-2025-11-20-1927,N
2025-11-20T12:10:40,300.963,229,00700.HK-2025-11-20-1928,N
2025-11-20T12:10:45,300.92,190,00700.HK-2025-11-20-1929,N
2025-11-20T12:10:50,300.892,160,00700.HK-2025-11-20-1930,N
2025-11-20T12:10:55,300.892,189,00700.HK-2025-11-20-1931,N
2025-11-20T12:11:00,300.87,163,00700.HK-2025-11-20-1932,N
2025-11-20T12:11:05,300.889,282,00700.HK-2025-11-20-1933,N
2025-11-20T12:11:10,300.897,249,00700.HK-2025-11-20-1934,N
2025-11-20T12:11:15,300.814,207,00700.HK-2025-11-20-1935,N
2025-11-20T12:11:20,300.747,126,00700.HK-2025-11-20-1936,N
2025-11-20T12:11:25,300.703,259,00700.HK-2025-11-20-1937,N
2025-11-20T12:11:30,300.76,212,00700.HK-2025-11-20-1938,N
2025-11-20T12:11:35,300.668,190,00700.HK-2025-11-20-1939,N
2025-11-20T12:11:40,300.686,208,00700.HK-2025-11-20-1940,N
2025-11-20T12:11:45,300.575,155,00700.HK-2025-11-20-1941,N
2025-11-20T12:11:50,300.571,226,00700.HK-2025-11-20-1942,N
2025-11-20T12:11:55,300.439,191,00700.HK-2025-11-20-1943,N
2025-11-20T12:12:00,300.448,242,00700.HK-2025-11-20-1944,N
2025-11-20T12:12:05,300.49,229,00700.HK-2025-11-20-1945,N
2025-11-20T12:12:10,300.441,104,00700.HK-2025-11-20-1946,N
2025-11-20T12:12:15,300.418,250,00700.HK-2025-11-20-1947,N
2025-11-20T12:12:20,300.502,235,00700.HK-2025-11-20-1948,N
2025-11-20T12:12:25,300.527,218,00700.HK-2025-11-20-1949,N
2025-11-20T12:12:30,300.494,193,00700.HK-2025-11-20-1950,N
2025-11-20T12:12:35,300.594,152,00700.HK-2025-11-20-1951,N
2025-11-20T12:12:40,300.691,183,00700.HK-2025-11-20-1952,N
2025-11-20T12:12:45,300.771,129,00700.HK-2025-11-20-1953,N
2025-11-20T12:12:50,300.806,163,00700.HK-2025-11-20-1954,N
2025-11-20T12:12:55,300.721,210,00700.HK-2025-11-20-1955,N
2025-11-20T12:13:00,300.782,157,00700.HK-2025-11-20-1956,N
2025-11-20T12:13:05,300.692,195,00700.HK-2025-11-20-1957,N
2025-11-20T12:13:10,300.686,227,00700.HK-2025-11-20-1958,N
2025-11-20T12:13:15,300.744,197,00700.HK-2025-11-20-1959,N
2025-11-20T12:13:20,300.855,211,00700.HK-2025-11-20-1960,N
2025-11-20T12:13:25,300.834,119,00700.HK-2025-11-20-1961,N
2025-11-20T12:13:30,300.819,183,00700.HK-2025-11-20-1962,N
2025-11-20T12:13:35,300.876,223,00700.HK-2025-11-20-1963,N
2025-11-20T12:13:40,300.805,208,00700.HK-2025-11-20-1964,N
2025-11-20T12:13:45,300.846,276,00700.HK-2025-11-20-1965,N
2025-11-20T12:13:50,300.899,238,00700.HK-2025-11-20-1966,N
2025-11-20T12:13:55,300.903,219,00700.HK-2025-11-20-1967,N
2025-11-20T12:14:00,300.978,133,00700.HK-2025-11-20-1968,N
2025-11-20T12:14:05,300.957,161,00700.HK-2025-11-20-1969,N
2025-11-20T12:14:10,300.98,261,00700.HK-2025-11-20-1970,N
2025-11-20T12:14:15,300.944,80,00700.HK-2025-11-20-1971,N
2025-11-20T12:14:20,300.919,245,00700.HK-2025-11-20-1972,N
2025-11-20T12:14:25,300.951,221,00700.HK-2025-11-20-1973,N
2025-11-20T12:14:30,300.934,136,00700.HK-2025-11-20-1974,N
2025-11-20T12:14:35,300.966,158,00700.HK-2025-11-20-1975,N
2025-11-20T12:14:40,301.097,228,00700.HK-2025-11-20-1976,N
2025-11-20T12:14:45,301.062,169,00700.HK-2025-11-20-1977,N
2025-11-20T12:14:50,301.056,188,00700.HK-2025-11-20-1978,N
2025-11-20T12:14:55,301.124,209,00700.HK-2025-11-20-1979,N
2025-11-20T12:15:00,301.08,294,00700.HK-2025-11-20-1980,N
2025-11-20T12:15:05,301.083,238,00700.HK-2025-11-20-1981,N
2025-11-20T12:15:10,301.046,218,00700.HK-2025-11-20-1982,N
2025-11-20T12:15:15,301.065,105,00700.HK-2025-11-20-1983,N
2025-11-20T12:15:20,301.186,264,00700.HK-2025-11-20-1984,N
2025-11-20T12:15:25,301.162,144,00700.HK-2025-11-20-1985,N
2025-11-20T12:15:30,301.183,204,00700.HK-2025-11-20-1986,N
2025-11-20T12:15:35,301.204,209,00700.HK-2025-11-20-1987,N
2025-11-20T12:15:40,301.235,272,00700.HK-2025-11-20-1988,N
2025-11-20T12:15:45,301.269,147,00700.HK-2025-11-20-1989,N
2025-11-20T12:15:50,301.351,282,00700.HK-2025-11-20-1990,N
2025-11-20T12:15:55,301.541,143,00700.HK-2025-11-20-1991,N
2025-11-20T12:16:00,301.556,95,00700.HK-2025-11-20-1992,N
2025-11-20T12:16:05,301.589,172,00700.HK-2025-11-20-1993,N
2025-11-20T12:16:10,301.705,161,00700.HK-2025-11-20-1994,N
2025-11-20T12:16:15,301.603,176,00700.HK-2025-11-20-1995,N
2025-11-20T12:16:20,301.484,237,00700.HK-2025-11-20-1996,N
2025-11-20T12:16:25,301.36,201,00700.HK-2025-11-20-1997,N
2025-11-20T12:16:30,301.234,183,00700.HK-2025-11-20-1998,N
2025-11-20T12:16:35,301.333,218,00700.HK-2025-11-20-1999,N
2025-11-20T12:16:40,301.281,198,00700.HK-2025-11-20-2000,N
2025-11-20T12:16:45,301.282,223,00700.HK-2025-11-20-2001,N
2025-11-20T12:16:50,301.2,229,00700.HK-2025-11-20-2002,N
2025-11-20T12:16:55,301.037,168,00700.HK-2025-11-20-2003,N
2025-11-20T12:17:00,301.008,231,00700.HK-2025-11-20-2004,N
2025-11-20T12:17:05,301.009,129,00700.HK-2025-11-20-2005,N
2025-11-20T12:17:10,300.95,209,00700.HK-2025-11-20-2006,N
2025-11-20T12:17:15,300.945,171,00700.HK-2025-11-20-2007,N
2025-11-20T12:17:20,300.916,234,00700.HK-2025-11-20-2008,N
2025-11-20T12:17:25,300.885,195,00700.HK-2025-11-20-2009,N
2025-11-20T12:17:30,301.016,128,00700.HK-2025-11-20-2010,N
2025-11-20T12:17:35,300.904,239,00700.HK-2025-11-20-2011,N
2025-11-20T12:17:40,300.863,184,00700.HK-2025-11-20-2012,N
2025-11-20T12:17:45,300.816,187,00700.HK-2025-11-20-2013,N
2025-11-20T12:17:50,300.912,240,00700.HK-2025-11-20-2014,N
2025-11-20T12:17:55,300.964,129,00700.HK-2025-11-20-2015,N
2025-11-20T12:18:00,300.895,58,00700.HK-2025-11-20-2016,N
2025-11-20T12:18:05,300.846,247,00700.HK-2025-11-20-2017,N
2025-11-20T12:18:10,300.877,188,00700.HK-2025-11-20-2018,N
2025-11-20T12:18:15,300.876,165,00700.HK-2025-11-20-2019,N
2025-11-20T12:18:20,300.888,238,00700.HK-2025-11-20-2020,N
2025-11-20T12:18:25,300.791,214,00700.HK-2025-11-20-2021,N
2025-11-20T12:18:30,300.847,179,00700.HK-2025-11-20-2022,N
2025-11-20T12:18:35,300.889,340,00700.HK-2025-11-20-2023,N
2025-11-20T12:18:40,300.883,219,00700.HK-2025-11-20-2024,N
2025-11-20T12:18:45,300.839,209,00700.HK-2025-11-20-2025,N
2025-11-20T12:18:50,300.866,209,00700.HK-2025-11-20-2026,N
2025-11-20T12:18:55,300.805,210,00700.HK-2025-11-20-2027,N
2025-11-20T12:19:00,300.893,222,00700.HK-2025-11-20-2028,N
2025-11-20T12:19:05,300.951,188,00700.HK-2025-11-20-2029,N
2025-11-20T12:19:10,300.996,213,00700.HK-2025-11-20-2030,N
2025-11-20T12:19:15,300.939,215,00700.HK-2025-11-20-2031,N
2025-11-20T12:19:20,300.879,168,00700.HK-2025-11-20-2032,N
2025-11-20T12:19:25,300.891,214,00700.HK-2025-11-20-2033,N
2025-11-20T12:19:30,300.819,252,00700.HK-2025-11-20-2034,N
2025-11-20T12:19:35,300.853,164,00700.HK-2025-11-20-2035,N
2025-11-20T12:19:40,300.761,192,00700.HK-2025-11-20-2036,N
2025-11-20T12:19:45,300.734,205,00700.HK-2025-11-20-2037,N
2025-11-20T12:19:50,300.712,99,00700.HK-2025-11-20-2038,N
2025-11-20T12:19:55,300.689,184,00700.HK-2025-11-20-2039,N
2025-11-20T12:20:00,300.727,165,00700.HK-2025-11-20-2040,N
2025-11-20T12:20:05,300.828,104,00700.HK-2025-11-20-2041,N
2025-11-20T12:20:10,300.907,188,00700.HK-2025-11-20-2042,N
2025-11-20T12:20:15,300.959,203,00700.HK-2025-11-20-2043,N
2025-11-20T12:20:20,301.027,180,00700.HK-2025-11-20-2044,N
2025-11-20T12:20:25,300.961,271,00700.HK-2025-11-20-2045,N
2025-11-20T12:20:30,300.954,211,00700.HK-2025-11-20-2046,N
2025-11-20T12:20:35,301.028,148,00700.HK-2025-11-20-2047,N
2025-11-20T12:20:40,301.064,170,00700.HK-2025-11-20-2048,N
2025-11-20T12:20:45,301.056,203,00700.HK-2025-11-20-2049,N
2025-11-20T12:20:50,300.966,161,00700.HK-2025-11-20-2050,N
2025-11-20T12:20:55,301.047,244,00700.HK-2025-11-20-2051,N
2025-11-20T12:21:00,301.044,212,00700.HK-2025-11-20-2052,N
2025-11-20T12:21:05,301.026,267,00700.HK-2025-11-20-2053,N
2025-11-20T12:21:10,301.014,211,00700.HK-2025-11-20-2054,N
2025-11-20T12:21:15,301.083,161,00700.HK-2025-11-20-2055,N
2025-11-20T12:21:20,301.177,123,00700.HK-2025-11-20-2056,N
2025-11-20T12:21:25,301.275,181,00700.HK-2025-11-20-2057,N
2025-11-20T12:21:30,301.26,105,00700.HK-2025-11-20-2058,N
2025-11-20T12:21:35,301.233,148,00700.HK-2025-11-20-2059,N
2025-11-20T12:21:40,301.196,193,00700.HK-2025-11-20-2060,N
2025-11-20T12:21:45,301.254,210,00700.HK-2025-11-20-2061,N
2025-11-20T12:21:50,301.272,145,00700.HK-2025-11-20-2062,N
2025-11-20T12:21:55,301.219,289,00700.HK-2025-11-20-2063,N
2025-11-20T12:22:00,301.175,282,00700.HK-2025-11-20-2064,N
2025-11-20T12:22:05,301.16,200,00700.HK-2025-11-20-2065,N
2025-11-20T12:22:10,301.225,263,00700.HK-2025-11-20-2066,N
2025-11-20T12:22:15,301.218,180,00700.HK-2025-11-20-2067,N
2025-11-20T12:22:20,301.215,216,00700.HK-2025-11-20-2068,N
2025-11-20T12:22:25,301.269,200,00700.HK-2025-11-20-2069,N
2025-11-20T12:22:30,301.306,281,00700.HK-2025-11-20-2070,N
2025-11-20T12:22:35,301.329,215,00700.HK-2025-11-20-2071,N
2025-11-20T12:22:40,301.237,68,00700.HK-2025-11-20-2072,N
2025-11-20T12:22:45,301.261,195,00700.HK-2025-11-20-2073,N
2025-11-20T12:22:50,301.23,212,00700.HK-2025-11-20-2074,N
2025-11-20T12:22:55,301.226,256,00700.HK-2025-11-20-2075,N
2025-11-20T12:23:00,301.231,162,00700.HK-2025-11-20-2076,N
2025-11-20T12:23:05,301.291,189,00700.HK-2025-11-20-2077,N
2025-11-20T12:23:10,301.323,176,00700.HK-2025-11-20-2078,N
2025-11-20T12:23:15,301.283,204,00700.HK-2025-11-20-2079,N
2025-11-20T12:23:20,301.284,223,00700.HK-2025-11-20-2080,N
2025-11-20T12:23:25,301.268,108,00700.HK-2025-11-20-2081,N
2025-11-20T12:23:30,301.242,239,00700.HK-2025-11-20-2082,N
2025-11-20T12:23:35,301.224,187,00700.HK-2025-11-20-2083,N
2025-11-20T12:23:40,301.283,164,00700.HK-2025-11-20-2084,N
2025-11-20T12:23:45,301.19,191,00700.HK-2025-11-20-2085,N
2025-11-20T12:23:50,301.161,151,00700.HK-2025-11-20-2086,N
2025-11-20T12:23:55,301.151,224,00700.HK-2025-11-20-2087,N
2025-11-20T12:24:00,301.15,215,00700.HK-2025-11-20-2088,N
2025-11-20T12:24:05,301.259,182,00700.HK-2025-11-20-2089,N
2025-11-20T12:24:10,301.276,174,00700.HK-2025-11-20-2090,N
2025-11-20T12:24:15,301.225,170,00700.HK-2025-11-20-2091,N
2025-11-20T12:24:20,301.196,217,00700.HK-2025-11-20-2092,N
2025-11-20T12:24:25,301.338,164,00700.HK-2025-11-20-2093,N
2025-11-20T12:24:30,301.313,196,00700.HK-2025-11-20-2094,N
2025-11-20T12:24:35,301.337,213,00700.HK-2025-11-20-2095,N
2025-11-20T12:24:40,301.414,78,00700.HK-2025-11-20-2096,N
2025-11-20T12:24:45,301.27,175,00700.HK-2025-11-20-2097,N
2025-11-20T12:24:50,301.336,121,00700.HK-2025-11-20-2098,N
2025-11-20T12:24:55,301.155,228,00700.HK-2025-11-20-2099,N
2025-11-20T12:25:00,301.17,145,00700.HK-2025-11-20-2100,N
2025-11-20T12:25:05,301.11,151,00700.HK-2025-11-20-2101,N
2025-11-20T12:25:10,301.117,168,00700.HK-2025-11-20-2102,N
2025-11-20T12:25:15,301.147,57,00700.HK-2025-11-20-2103,N
2025-11-20T12:25:20,301.095,143,00700.HK-2025-11-20-2104,N
2025-11-20T12:25:25,301.08,173,00700.HK-2025-11-20-2105,N
2025-11-20T12:25:30,301.128,107,00700.HK-2025-11-20-2106,N
2025-11-20T12:25:35,301.13,227,00700.HK-2025-11-20-2107,N
2025-11-20T12:25:40,301.242,175,00700.HK-2025-11-20-2108,N
2025-11-20T12:25:45,301.262,109,00700.HK-2025-11-20-2109,N
2025-11-20T12:25:50,301.118,242,00700.HK-2025-11-20-2110,N
2025-11-20T12:25:55,301.117,258,00700.HK-2025-11-20-2111,N
2025-11-20T12:26:00,301.035,225,00700.HK-2025-11-20-2112,N
2025-11-20T12:26:05,301.147,220,00700.HK-2025-11-20-2113,N
2025-11-20T12:26:10,301.164,200,00700.HK-2025-11-20-2114,N
2025-11-20T12:26:15,301.069,267,00700.HK-2025-11-20-2115,N
2025-11-20T12:26:20,301.032,225,00700.HK-2025-11-20-2116,N
2025-11-20T12:26:25,300.938,141,00700.HK-2025-11-20-2117,N
2025-11-20T12:26:30,301.025,182,00700.HK-2025-11-20-2118,N
2025-11-20T12:26:35,301.112,196,00700.HK-2025-11-20-2119,N
2025-11-20T12:26:40,301.001,244,00700.HK-2025-11-20-2120,N
2025-11-20T12:26:45,300.966,234,00700.HK-2025-11-20-2121,N
2025-11-20T12:26:50,300.967,122,00700.HK-2025-11-20-2122,N
2025-11-20T12:26:55,300.977,309,00700.HK-2025-11-20-2123,N
2025-11-20T12:27:00,301.007,197,00700.HK-2025-11-20-2124,N
2025-11-20T12:27:05,301.072,210,00700.HK-2025-11-20-2125,N
2025-11-20T12:27:10,301.084,145,00700.HK-2025-11-20-2126,N
2025-11-20T12:27:15,301.098,251,00700.HK-2025-11-20-2127,N
2025-11-20T12:27:20,301.048,271,00700.HK-2025-11-20-2128,N
2025-11-20T12:27:25,301.042,155,00700.HK-2025-11-20-2129,N
2025-11-20T12:27:30,301.102,185,00700.HK-2025-11-20-2130,N
2025-11-20T12:27:35,301.148,185,00700.HK-2025-11-20-2131,N
2025-11-20T12:27:40,301.145,224,00700.HK-2025-11-20-2132,N
2025-11-20T12:27:45,301.162,100,00700.HK-2025-11-20-2133,N
2025-11-20T12:27:50,301.095,246,00700.HK-2025-11-20-2134,N
2025-11-20T12:27:55,301.087,173,00700.HK-2025-11-20-2135,N
2025-11-20T12:28:00,301.005,146,00700.HK-2025-11-20-2136,N
2025-11-20T12:28:05,300.883,194,00700.HK-2025-11-20-2137,N
2025-11-20T12:28:10,300.847,151,00700.HK-2025-11-20-2138,N
2025-11-20T12:28:15,300.843,218,00700.HK-2025-11-20-2139,N
2025-11-20T12:28:20,300.969,124,00700.HK-2025-11-20-2140,N
2025-11-20T12:28:25,301.039,248,00700.HK-2025-11-20-2141,N
2025-11-20T12:28:30,300.992,210,00700.HK-2025-11-20-2142,N
2025-11-20T12:28:35,300.964,209,00700.HK-2025-11-20-2143,N
2025-11-20T12:28:40,301.055,230,00700.HK-2025-11-20-2144,N
2025-11-20T12:28:45,301.086,178,00700.HK-2025-11-20-2145,N
2025-11-20T12:28:50,300.996,189,00700.HK-2025-11-20-2146,N
2025-11-20T12:28:55,301.069,123,00700.HK-2025-11-20-2147,N
2025-11-20T12:29:00,301.005,206,00700.HK-2025-11-20-2148,N
2025-11-20T12:29:05,300.946,160,00700.HK-2025-11-20-2149,N
2025-11-20T12:29:10,300.921,131,00700.HK-2025-11-20-2150,N
2025-11-20T12:29:15,300.862,235,00700.HK-2025-11-20-2151,N
2025-11-20T12:29:20,300.783,120,00700.HK-2025-11-20-2152,N
2025-11-20T12:29:25,300.745,236,00700.HK-2025-11-20-2153,N
2025-11-20T12:29:30,300.734,176,00700.HK-2025-11-20-2154,N
2025-11-20T12:29:35,300.736,112,00700.HK-2025-11-20-2155,N
2025-11-20T12:29:40,300.766,219,00700.HK-2025-11-20-2156,N
2025-11-20T12:29:45,300.741,250,00700.HK-2025-11-20-2157,N
2025-11-20T12:29:50,300.674,256,00700.HK-2025-11-20-2158,N
2025-11-20T12:29:55,300.683,183,00700.HK-2025-11-20-2159,N
2025-11-20T12:30:00,300.682,194,00700.HK-2025-11-20-2160,N
2025-11-20T12:30:05,300.755,146,00700.HK-2025-11-20-2161,N
2025-11-20T12:30:10,300.709,251,00700.HK-2025-11-20-2162,N
2025-11-20T12:30:15,300.673,245,00700.HK-2025-11-20-2163,N
2025-11-20T12:30:20,300.776,179,00700.HK-2025-11-20-2164,N
2025-11-20T12:30:25,300.817,142,00700.HK-2025-11-20-2165,N
2025-11-20T12:30:30,300.862,209,00700.HK-2025-11-20-2166,N
2025-11-20T12:30:35,300.89,167,00700.HK-2025-11-20-2167,N
2025-11-20T12:30:40,300.79,225,00700.HK-2025-11-20-2168,N
2025-11-20T12:30:45,300.666,184,00700.HK-2025-11-20-2169,N
2025-11-20T12:30:50,300.723,209,00700.HK-2025-11-20-2170,N
2025-11-20T12:30:55,300.84,251,00700.HK-2025-11-20-2171,N
2025-11-20T12:31:00,300.801,201,00700.HK-2025-11-20-2172,N
2025-11-20T12:31:05,300.798,120,00700.HK-2025-11-20-2173,N
2025-11-20T12:31:10,300.741,171,00700.HK-2025-11-20-2174,N
2025-11-20T12:31:15,300.619,202,00700.HK-2025-11-20-2175,N
2025-11-20T12:31:20,300.604,116,00700.HK-2025-11-20-2176,N
2025-11-20T12:31:25,300.628,235,00700.HK-2025-11-20-2177,N
2025-11-20T12:31:30,300.642,183,00700.HK-2025-11-20-2178,N
2025-11-20T12:31:35,300.677,234,00700.HK-2025-11-20-2179,N
2025-11-20T12:31:40,300.696,158,00700.HK-2025-11-20-2180,N
2025-11-20T12:31:45,300.713,259,00700.HK-2025-11-20-2181,N
2025-11-20T12:31:50,300.677,304,00700.HK-2025-11-20-2182,N
2025-11-20T12:31:55,300.645,201,00700.HK-2025-11-20-2183,N
2025-11-20T12:32:00,300.605,211,00700.HK-2025-11-20-2184,N
2025-11-20T12:32:05,300.5,172,00700.HK-2025-11-20-2185,N
2025-11-20T12:32:10,300.434,206,00700.HK-2025-11-20-2186,N
2025-11-20T12:32:15,300.494,232,00700.HK-2025-11-20-2187,N
2025-11-20T12:32:20,300.351,302,00700.HK-2025-11-20-2188,N
2025-11-20T12:32:25,300.369,161,00700.HK-2025-11-20-2189,N
2025-11-20T12:32:30,300.379,208,00700.HK-2025-11-20-2190,N
2025-11-20T12:32:35,300.339,209,00700.HK-2025-11-20-2191,N
2025-11-20T12:32:40,300.302,179,00700.HK-2025-11-20-2192,N
2025-11-20T12:32:45,300.261,128,00700.HK-2025-11-20-2193,N
2025-11-20T12:32:50,300.27,229,00700.HK-2025-11-20-2194,N
2025-11-20T12:32:55,300.301,240,00700.HK-2025-11-20-2195,N
2025-11-20T12:33:00,300.32,173,00700.HK-2025-11-20-2196,N
2025-11-20T12:33:05,300.37,132,00700.HK-2025-11-20-2197,N
2025-11-20T12:33:10,300.316,151,00700.HK-2025-11-20-2198,N
2025-11-20T12:33:15,300.381,247,00700.HK-2025-11-20-2199,N
2025-11-20T12:33:20,300.411,253,00700.HK-2025-11-20-2200,N
2025-11-20T12:33:25,300.358,217,00700.HK-2025-11-20-2201,N
2025-11-20T12:33:30,300.35,242,00700.HK-2025-11-20-2202,N
2025-11-20T12:33:35,300.343,180,00700.HK-2025-11-20-2203,N
2025-11-20T12:33:40,300.376,243,00700.HK-2025-11-20-2204,N
2025-11-20T12:33:45,300.336,196,00700.HK-2025-11-20-2205,N
2025-11-20T12:33:50,300.272,75,00700.HK-2025-11-20-2206,N
2025-11-20T12:33:55,300.284,230,00700.HK-2025-11-20-2207,N
2025-11-20T12:34:00,300.3,102,00700.HK-2025-11-20-2208,N
2025-11-20T12:34:05,300.279,89,00700.HK-2025-11-20-2209,N
2025-11-20T12:34:10,300.361,145,00700.HK-2025-11-20-2210,N
2025-11-20T12:34:15,300.436,247,00700.HK-2025-11-20-2211,N
2025-11-20T12:34:20,300.382,143,00700.HK-2025-11-20-2212,N
2025-11-20T12:34:25,300.403,157,00700.HK-2025-11-20-2213,N
2025-11-20T12:34:30,300.409,175,00700.HK-2025-11-20-2214,N
2025-11-20T12:34:35,300.302,88,00700.HK-2025-11-20-2215,N
2025-11-20T12:34:40,300.316,171,00700.HK-2025-11-20-2216,N
2025-11-20T12:34:45,300.283,234,00700.HK-2025-11-20-2217,N
2025-11-20T12:34:50,300.353,186,00700.HK-2025-11-20-2218,N
2025-11-20T12:34:55,300.333,225,00700.HK-2025-11-20-2219,N
2025-11-20T12:35:00,300.251,211,00700.HK-2025-11-20-2220,N
2025-11-20T12:35:05,300.284,234,00700.HK-2025-11-20-2221,N
2025-11-20T12:35:10,300.168,161,00700.HK-2025-11-20-2222,N
2025-11-20T12:35:15,300.115,204,00700.HK-2025-11-20-2223,N
2025-11-20T12:35:20,300.144,274,00700.HK-2025-11-20-2224,N
2025-11-20T12:35:25,300.115,175,00700.HK-2025-11-20-2225,N
2025-11-20T12:35:30,300.184,214,00700.HK-2025-11-20-2226,N
2025-11-20T12:35:35,300.26,214,00700.HK-2025-11-20-2227,N
2025-11-20T12:35:40,300.19,133,00700.HK-2025-11-20-2228,N
2025-11-20T12:35:45,300.097,233,00700.HK-2025-11-20-2229,N
2025-11-20T12:35:50,300.168,292,00700.HK-2025-11-20-2230,N
2025-11-20T12:35:55,300.219,258,00700.HK-2025-11-20-2231,N
2025-11-20T12:36:00,300.184,142,00700.HK-2025-11-20-2232,N
2025-11-20T12:36:05,300.235,220,00700.HK-2025-11-20-2233,N
2025-11-20T12:36:10,300.242,219,00700.HK-2025-11-20-2234,N
2025-11-20T12:36:15,300.261,264,00700.HK-2025-11-20-2235,N
2025-11-20T12:36:20,300.339,227,00700.HK-2025-11-20-2236,N
2025-11-20T12:36:25,300.39,225,00700.HK-2025-11-20-2237,N
2025-11-20T12:36:30,300.362,237,00700.HK-2025-11-20-2238,N
2025-11-20T12:36:35,300.278,252,00700.HK-2025-11-20-2239,N
2025-11-20T12:36:40,300.206,214,00700.HK-2025-11-20-2240,N
2025-11-20T12:36:45,300.156,227,00700.HK-2025-11-20-2241,N
2025-11-20T12:36:50,300.154,120,00700.HK-2025-11-20-2242,N
2025-11-20T12:36:55,300.179,171,00700.HK-2025-11-20-2243,N
2025-11-20T12:37:00,300.232,200,00700.HK-2025-11-20-2244,N
2025-11-20T12:37:05,300.256,152,00700.HK-2025-11-20-2245,N
2025-11-20T12:37:10,300.22,177,00700.HK-2025-11-20-2246,N
2025-11-20T12:37:15,300.272,283,00700.HK-2025-11-20-2247,N
2025-11-20T12:37:20,300.223,253,00700.HK-2025-11-20-2248,N
2025-11-20T12:37:25,300.093,140,00700.HK-2025-11-20-2249,N
2025-11-20T12:37:30,300.035,132,00700.HK-2025-11-20-2250,N
2025-11-20T12:37:35,299.94,220,00700.HK-2025-11-20-2251,N
2025-11-20T12:37:40,299.928,218,00700.HK-2025-11-20-2252,N
2025-11-20T12:37:45,299.969,213,00700.HK-2025-11-20-2253,N
2025-11-20T12:37:50,300.008,196,00700.HK-2025-11-20-2254,N
2025-11-20T12:37:55,299.937,252,00700.HK-2025-11-20-2255,N
2025-11-20T12:38:00,299.902,153,00700.HK-2025-11-20-2256,N
2025-11-20T12:38:05,299.891,154,00700.HK-2025-11-20-2257,N
2025-11-20T12:38:10,299.866,217,00700.HK-2025-11-20-2258,N
2025-11-20T12:38:15,299.887,155,00700.HK-2025-11-20-2259,N
2025-11-20T12:38:20,299.858,253,00700.HK-2025-11-20-2260,N
2025-11-20T12:38:25,299.888,303,00700.HK-2025-11-20-2261,N
2025-11-20T12:38:30,299.958,257,00700.HK-2025-11-20-2262,N
2025-11-20T12:38:35,299.875,238,00700.HK-2025-11-20-2263,N
2025-11-20T12:38:40,299.872,172,00700.HK-2025-11-20-2264,N
2025-11-20T12:38:45,299.882,247,00700.HK-2025-11-20-2265,N
2025-11-20T12:38:50,299.912,156,00700.HK-2025-11-20-2266,N
2025-11-20T12:38:55,299.957,168,00700.HK-2025-11-20-2267,N
2025-11-20T12:39:00,299.97,184,00700.HK-2025-11-20-2268,N
2025-11-20T12:39:05,299.956,238,00700.HK-2025-11-20-2269,N
2025-11-20T12:39:10,299.894,297,00700.HK-2025-11-20-2270,N
2025-11-20T12:39:15,299.785,170,00700.HK-2025-11-20-2271,N
2025-11-20T12:39:20,299.807,229,00700.HK-2025-11-20-2272,N
2025-11-20T12:39:25,299.801,197,00700.HK-2025-11-20-2273,N
2025-11-20T12:39:30,299.826,188,00700.HK-2025-11-20-2274,N
2025-11-20T12:39:35,299.909,241,00700.HK-2025-11-20-2275,N
2025-11-20T12:39:40,299.962,151,00700.HK-2025-11-20-2276,N
2025-11-20T12:39:45,299.957,184,00700.HK-2025-11-20-2277,N
2025-11-20T12:39:50,299.896,218,00700.HK-2025-11-20-2278,N
2025-11-20T12:39:55,299.864,232,00700.HK-2025-11-20-2279,N
2025-11-20T12:40:00,299.8,285,00700.HK-2025-11-20-2280,N
2025-11-20T12:40:05,299.746,210,00700.HK-2025-11-20-2281,N
2025-11-20T12:40:10,299.794,171,00700.HK-2025-11-20-2282,N
2025-11-20T12:40:15,299.845,138,00700.HK-2025-11-20-2283,N
2025-11-20T12:40:20,299.932,200,00700.HK-2025-11-20-2284,N
2025-11-20T12:40:25,299.896,185,00700.HK-2025-11-20-2285,N
2025-11-20T12:40:30,299.945,170,00700.HK-2025-11-20-2286,N
2025-11-20T12:40:35,299.9,188,00700.HK-2025-11-20-2287,N
2025-11-20T12:40:40,299.829,291,00700.HK-2025-11-20-2288,N
2025-11-20T12:40:45,299.795,241,00700.HK-2025-11-20-2289,N
2025-11-20T12:40:50,299.808,150,00700.HK-2025-11-20-2290,N
2025-11-20T12:40:55,299.807,239,00700.HK-2025-11-20-2291,N
2025-11-20T12:41:00,299.796,259,00700.HK-2025-11-20-2292,N
2025-11-20T12:41:05,299.857,245,00700.HK-2025-11-20-2293,N
2025-11-20T12:41:10,299.83,146,00700.HK-2025-11-20-2294,N
2025-11-20T12:41:15,299.793,209,00700.HK-2025-11-20-2295,N
2025-11-20T12:41:20,299.826,91,00700.HK-2025-11-20-2296,N
2025-11-20T12:41:25,299.825,207,00700.HK-2025-11-20-2297,N
2025-11-20T12:41:30,299.809,264,00700.HK-2025-11-20-2298,N
2025-11-20T12:41:35,299.834,265,00700.HK-2025-11-20-2299,N
2025-11-20T12:41:40,299.821,246,00700.HK-2025-11-20-2300,N
2025-11-20T12:41:45,299.919,265,00700.HK-2025-11-20-2301,N
2025-11-20T12:41:50,299.853,187,00700.HK-2025-11-20-2302,N
2025-11-20T12:41:55,299.833,224,00700.HK-2025-11-20-2303,N
2025-11-20T12:42:00,299.874,158,00700.HK-2025-11-20-2304,N
2025-11-20T12:42:05,299.878,99,00700.HK-2025-11-20-2305,N
2025-11-20T12:42:10,299.964,174,00700.HK-2025-11-20-2306,N
2025-11-20T12:42:15,299.968,184,00700.HK-2025-11-20-2307,N
2025-11-20T12:42:20,300.037,58,00700.HK-2025-11-20-2308,N
2025-11-20T12:42:25,300.036,194,00700.HK-2025-11-20-2309,N
2025-11-20T12:42:30,300.008,286,00700.HK-2025-11-20-2310,N
2025-11-20T12:42:35,299.955,238,00700.HK-2025-11-20-2311,N
2025-11-20T12:42:40,299.976,263,00700.HK-2025-11-20-2312,N
2025-11-20T12:42:45,299.936,163,00700.HK-2025-11-20-2313,N
2025-11-20T12:42:50,300.002,221,00700.HK-2025-11-20-2314,N
2025-11-20T12:42:55,299.909,173,00700.HK-2025-11-20-2315,N
2025-11-20T12:43:00,299.933,241,00700.HK-2025-11-20-2316,N
2025-11-20T12:43:05,299.892,54,00700.HK-2025-11-20-2317,N
2025-11-20T12:43:10,299.923,138,00700.HK-2025-11-20-2318,N
2025-11-20T12:43:15,299.802,58,00700.HK-2025-11-20-2319,N
2025-11-20T12:43:20,299.851,206,00700.HK-2025-11-20-2320,N
2025-11-20T12:43:25,299.838,269,00700.HK-2025-11-20-2321,N
2025-11-20T12:43:30,299.876,280,00700.HK-2025-11-20-2322,N
2025-11-20T12:43:35,299.792,198,00700.HK-2025-11-20-2323,N
2025-11-20T12:43:40,299.695,188,00700.HK-2025-11-20-2324,N
2025-11-20T12:43:45,299.68,231,00700.HK-2025-11-20-2325,N
2025-11-20T12:43:50,299.683,231,00700.HK-2025-11-20-2326,N
2025-11-20T12:43:55,299.725,307,00700.HK-2025-11-20-2327,N
2025-11-20T12:44:00,299.706,152,00700.HK-2025-11-20-2328,N
2025-11-20T12:44:05,299.721,159,00700.HK-2025-11-20-2329,N
2025-11-20T12:44:10,299.81,185,00700.HK-2025-11-20-2330,N
2025-11-20T12:44:15,299.776,176,00700.HK-2025-11-20-2331,N
2025-11-20T12:44:20,299.819,192,00700.HK-2025-11-20-2332,N
2025-11-20T12:44:25,299.781,283,00700.HK-2025-11-20-2333,N
2025-11-20T12:44:30,299.729,201,00700.HK-2025-11-20-2334,N
2025-11-20T12:44:35,299.768,118,00700.HK-2025-11-20-2335,N
2025-11-20T12:44:40,299.797,147,00700.HK-2025-11-20-2336,N
2025-11-20T12:44:45,299.847,151,00700.HK-2025-11-20-2337,N
2025-11-20T12:44:50,299.888,255,00700.HK-2025-11-20-2338,N
2025-11-20T12:44:55,299.94,212,00700.HK-2025-11-20-2339,N
2025-11-20T12:45:00,299.926,171,00700.HK-2025-11-20-2340,N
2025-11-20T12:45:05,300.014,165,00700.HK-2025-11-20-2341,N
2025-11-20T12:45:10,299.952,233,00700.HK-2025-11-20-2342,N
2025-11-20T12:45:15,299.904,152,00700.HK-2025-11-20-2343,N
2025-11-20T12:45:20,299.818,175,00700.HK-2025-11-20-2344,N
2025-11-20T12:45:25,299.813,212,00700.HK-2025-11-20-2345,N
2025-11-20T12:45:30,299.87,226,00700.HK-2025-11-20-2346,N
2025-11-20T12:45:35,299.858,190,00700.HK-2025-11-20-2347,N
2025-11-20T12:45:40,299.889,263,00700.HK-2025-11-20-2348,N
2025-11-20T12:45:45,299.896,176,00700.HK-2025-11-20-2349,N
2025-11-20T12:45:50,299.837,127,00700.HK-2025-11-20-2350,N
2025-11-20T12:45:55,299.877,228,00700.HK-2025-11-20-2351,N
2025-11-20T12:46:00,299.911,193,00700.HK-2025-11-20-2352,N
2025-11-20T12:46:05,299.996,175,00700.HK-2025-11-20-2353,N
2025-11-20T12:46:10,300.053,198,00700.HK-2025-11-20-2354,N
2025-11-20T12:46:15,300.017,229,00700.HK-2025-11-20-2355,N
2025-11-20T12:46:20,300.041,217,00700.HK-2025-11-20-2356,N
2025-11-20T12:46:25,300.046,198,00700.HK-2025-11-20-2357,N
2025-11-20T12:46:30,300.189,259,00700.HK-2025-11-20-2358,N
2025-11-20T12:46:35,300.233,205,00700.HK-2025-11-20-2359,N
2025-11-20T12:46:40,300.293,225,00700.HK-2025-11-20-2360,N
2025-11-20T12:46:45,300.295,184,00700.HK-2025-11-20-2361,N
2025-11-20T12:46:50,300.29,41,00700.HK-2025-11-20-2362,N
2025-11-20T12:46:55,300.303,175,00700.HK-2025-11-20-2363,N
2025-11-20T12:47:00,300.398,200,00700.HK-2025-11-20-2364,N
2025-11-20T12:47:05,300.327,197,00700.HK-2025-11-20-2365,N
2025-11-20T12:47:10,300.264,223,00700.HK-2025-11-20-2366,N
2025-11-20T12:47:15,300.281,247,00700.HK-2025-11-20-2367,N
2025-11-20T12:47:20,300.234,201,00700.HK-2025-11-20-2368,N
2025-11-20T12:47:25,300.152,235,00700.HK-2025-11-20-2369,N
2025-11-20T12:47:30,300.183,224,00700.HK-2025-11-20-2370,N
2025-11-20T12:47:35,300.183,220,00700.HK-2025-11-20-2371,N
2025-11-20T12:47:40,300.28,185,00700.HK-2025-11-20-2372,N
2025-11-20T12:47:45,300.288,145,00700.HK-2025-11-20-2373,N
2025-11-20T12:47:50,300.236,204,00700.HK-2025-11-20-2374,N
2025-11-20T12:47:55,300.302,187,00700.HK-2025-11-20-2375,N
2025-11-20T12:48:00,300.288,179,00700.HK-2025-11-20-2376,N
2025-11-20T12:48:05,300.256,214,00700.HK-2025-11-20-2377,N
2025-11-20T12:48:10,300.166,264,00700.HK-2025-11-20-2378,N
2025-11-20T12:48:15,300.126,236,00700.HK-2025-11-20-2379,N
2025-11-20T12:48:20,300.05,233,00700.HK-2025-11-20-2380,N
2025-11-20T12:48:25,300.09,219,00700.HK-2025-11-20-2381,N
2025-11-20T12:48:30,300.03,212,00700.HK-2025-11-20-2382,N
2025-11-20T12:48:35,299.959,187,00700.HK-2025-11-20-2383,N
2025-11-20T12:48:40,300.021,239,00700.HK-2025-11-20-2384,N
2025-11-20T12:48:45,300.022,151,00700.HK-2025-11-20-2385,N
2025-11-20T12:48:50,300.061,200,00700.HK-2025-11-20-2386,N
2025-11-20T12:48:55,299.921,239,00700.HK-2025-11-20-2387,N
2025-11-20T12:49:00,299.92,260,00700.HK-2025-11-20-2388,N
2025-11-20T12:49:05,299.854,41,00700.HK-2025-11-20-2389,N
2025-11-20T12:49:10,299.871,214,00700.HK-2025-11-20-2390,N
2025-11-20T12:49:15,299.77,151,00700.HK-2025-11-20-2391,N
2025-11-20T12:49:20,299.935,184,00700.HK-2025-11-20-2392,N
2025-11-20T12:49:25,299.979,167,00700.HK-2025-11-20-2393,N
2025-11-20T12:49:30,299.853,191,00700.HK-2025-11-20-2394,N
2025-11-20T12:49:35,299.837,180,00700.HK-2025-11-20-2395,N
2025-11-20T12:49:40,299.83,213,00700.HK-2025-11-20-2396,N
2025-11-20T12:49:45,299.821,136,00700.HK-2025-11-20-2397,N
2025-11-20T12:49:50,299.851,102,00700.HK-2025-11-20-2398,N
2025-11-20T12:49:55,299.728,236,00700.HK-2025-11-20-2399,N
2025-11-20T12:50:00,299.758,197,00700.HK-2025-11-20-2400,N
2025-11-20T12:50:05,299.674,164,00700.HK-2025-11-20-2401,N
2025-11-20T12:50:10,299.659,120,00700.HK-2025-11-20-2402,N
2025-11-20T12:50:15,299.614,232,00700.HK-2025-11-20-2403,N
2025-11-20T12:50:20,299.7,179,00700.HK-2025-11-20-2404,N
2025-11-20T12:50:25,299.745,104,00700.HK-2025-11-20-2405,N
2025-11-20T12:50:30,299.785,159,00700.HK-2025-11-20-2406,N
2025-11-20T12:50:35,299.803,187,00700.HK-2025-11-20-2407,N
2025-11-20T12:50:40,299.882,156,00700.HK-2025-11-20-2408,N
2025-11-20T12:50:45,299.92,186,00700.HK-2025-11-20-2409,N
2025-11-20T12:50:50,299.911,190,00700.HK-2025-11-20-2410,N
2025-11-20T12:50:55,299.86,199,00700.HK-2025-11-20-2411,N
2025-11-20T12:51:00,299.856,212,00700.HK-2025-11-20-2412,N
2025-11-20T12:51:05,299.861,239,00700.HK-2025-11-20-2413,N
2025-11-20T12:51:10,299.916,147,00700.HK-2025-11-20-2414,N
2025-11-20T12:51:15,299.969,140,00700.HK-2025-11-20-2415,N
2025-11-20T12:51:20,300.004,230,00700.HK-2025-11-20-2416,N
2025-11-20T12:51:25,299.889,204,00700.HK-2025-11-20-2417,N
2025-11-20T12:51:30,299.861,162,00700.HK-2025-11-20-2418,N
2025-11-20T12:51:35,299.942,167,00700.HK-2025-11-20-2419,N
2025-11-20T12:51:40,299.894,203,00700.HK-2025-11-20-2420,N
2025-11-20T12:51:45,299.935,192,00700.HK-2025-11-20-2421,N
2025-11-20T12:51:50,300.005,226,00700.HK-2025-11-20-2422,N
2025-11-20T12:51:55,299.874,173,00700.HK-2025-11-20-2423,N
2025-11-20T12:52:00,299.84,223,00700.HK-2025-11-20-2424,N
2025-11-20T12:52:05,299.683,327,00700.HK-2025-11-20-2425,N
2025-11-20T12:52:10,299.715,207,00700.HK-2025-11-20-2426,N
2025-11-20T12:52:15,299.786,317,00700.HK-2025-11-20-2427,N
2025-11-20T12:52:20,299.838,247,00700.HK-2025-11-20-2428,N
2025-11-20T12:52:25,299.846,192,00700.HK-2025-11-20-2429,N
2025-11-20T12:52:30,299.817,158,00700.HK-2025-11-20-2430,N
2025-11-20T12:52:35,299.776,132,00700.HK-2025-11-20-2431,N
2025-11-20T12:52:40,299.771,115,00700.HK-2025-11-20-2432,N
2025-11-20T12:52:45,299.783,198,00700.HK-2025-11-20-2433,N
2025-11-20T12:52:50,299.792,173,00700.HK-2025-11-20-2434,N
2025-11-20T12:52:55,299.976,268,00700.HK-2025-11-20-2435,N
2025-11-20T12:53:00,299.902,211,00700.HK-2025-11-20-2436,N
2025-11-20T12:53:05,299.865,149,00700.HK-2025-11-20-2437,N
2025-11-20T12:53:10,299.785,221,00700.HK-2025-11-20-2438,N
2025-11-20T12:53:15,299.744,248,00700.HK-2025-11-20-2439,N
2025-11-20T12:53:20,299.803,268,00700.HK-2025-11-20-2440,N
2025-11-20T12:53:25,299.752,223,00700.HK-2025-11-20-2441,N
2025-11-20T12:53:30,299.79,176,00700.HK-2025-11-20-2442,N
2025-11-20T12:53:35,299.744,280,00700.HK-2025-11-20-2443,N
2025-11-20T12:53:40,299.758,231,00700.HK-2025-11-20-2444,N
2025-11-20T12:53:45,299.708,139,00700.HK-2025-11-20-2445,N
2025-11-20T12:53:50,299.674,193,00700.HK-2025-11-20-2446,N
2025-11-20T12:53:55,299.61,199,00700.HK-2025-11-20-2447,N
2025-11-20T12:54:00,299.509,143,00700.HK-2025-11-20-2448,N
2025-11-20T12:54:05,299.549,230,00700.HK-2025-11-20-2449,N
2025-11-20T12:54:10,299.526,149,00700.HK-2025-11-20-2450,N
2025-11-20T12:54:15,299.464,181,00700.HK-2025-11-20-2451,N
2025-11-20T12:54:20,299.503,246,00700.HK-2025-11-20-2452,N
2025-11-20T12:54:25,299.473,142,00700.HK-2025-11-20-2453,N
2025-11-20T12:54:30,299.489,158,00700.HK-2025-11-20-2454,N
2025-11-20T12:54:35,299.458,266,00700.HK-2025-11-20-2455,N
2025-11-20T12:54:40,299.508,207,00700.HK-2025-11-20-2456,N
2025-11-20T12:54:45,299.432,210,00700.HK-2025-11-20-2457,N
2025-11-20T12:54:50,299.495,181,00700.HK-2025-11-20-2458,N
2025-11-20T12:54:55,299.576,264,00700.HK-2025-11-20-2459,N
2025-11-20T12:55:00,299.676,215,00700.HK-2025-11-20-2460,N
2025-11-20T12:55:05,299.711,270,00700.HK-2025-11-20-2461,N
2025-11-20T12:55:10,299.738,174,00700.HK-2025-11-20-2462,N
2025-11-20T12:55:15,299.711,211,00700.HK-2025-11-20-2463,N
2025-11-20T12:55:20,299.634,192,00700.HK-2025-11-20-2464,N
2025-11-20T12:55:25,299.699,90,00700.HK-2025-11-20-2465,N
2025-11-20T12:55:30,299.791,256,00700.HK-2025-11-20-2466,N
2025-11-20T12:55:35,299.764,227,00700.HK-2025-11-20-2467,N
2025-11-20T12:55:40,299.764,261,00700.HK-2025-11-20-2468,N
2025-11-20T12:55:45,299.823,129,00700.HK-2025-11-20-2469,N
2025-11-20T12:55:50,299.858,189,00700.HK-2025-11-20-2470,N
2025-11-20T12:55:55,299.863,163,00700.HK-2025-11-20-2471,N
2025-11-20T12:56:00,299.968,252,00700.HK-2025-11-20-2472,N
2025-11-20T12:56:05,299.923,133,00700.HK-2025-11-20-2473,N
2025-11-20T12:56:10,299.9,221,00700.HK-2025-11-20-2474,N
2025-11-20T12:56:15,299.915,262,00700.HK-2025-11-20-2475,N
2025-11-20T12:56:20,299.962,248,00700.HK-2025-11-20-2476,N
2025-11-20T12:56:25,299.982,130,00700.HK-2025-11-20-2477,N
2025-11-20T12:56:30,299.97,253,00700.HK-2025-11-20-2478,N
2025-11-20T12:56:35,299.967,225,00700.HK-2025-11-20-2479,N
2025-11-20T12:56:40,299.948,148,00700.HK-2025-11-20-2480,N
2025-11-20T12:56:45,299.94,215,00700.HK-2025-11-20-2481,N
2025-11-20T12:56:50,299.901,188,00700.HK-2025-11-20-2482,N
2025-11-20T12:56:55,299.845,255,00700.HK-2025-11-20-2483,N
2025-11-20T12:57:00,299.827,272,00700.HK-2025-11-20-2484,N
2025-11-20T12:57:05,299.919,195,00700.HK-2025-11-20-2485,N
2025-11-20T12:57:10,299.858,95,00700.HK-2025-11-20-2486,N
2025-11-20T12:57:15,299.77,131,00700.HK-2025-11-20-2487,N
2025-11-20T12:57:20,299.853,205,00700.HK-2025-11-20-2488,N
2025-11-20T12:57:25,299.876,88,00700.HK-2025-11-20-2489,N
2025-11-20T12:57:30,299.804,244,00700.HK-2025-11-20-2490,N
2025-11-20T12:57:35,299.821,192,00700.HK-2025-11-20-2491,N
2025-11-20T12:57:40,299.855,281,00700.HK-2025-11-20-2492,N
2025-11-20T12:57:45,299.842,203,00700.HK-2025-11-20-2493,N
2025-11-20T12:57:50,299.853,319,00700.HK-2025-11-20-2494,N
2025-11-20T12:57:55,299.728,234,00700.HK-2025-11-20-2495,N
2025-11-20T12:58:00,299.721,228,00700.HK-2025-11-20-2496,N
2025-11-20T12:58:05,299.681,197,00700.HK-2025-11-20-2497,N
2025-11-20T12:58:10,299.724,355,00700.HK-2025-11-20-2498,N
2025-11-20T12:58:15,299.772,157,00700.HK-2025-11-20-2499,N
2025-11-20T12:58:20,299.747,177,00700.HK-2025-11-20-2500,N
2025-11-20T12:58:25,299.639,183,00700.HK-2025-11-20-2501,N
2025-11-20T12:58:30,299.683,136,00700.HK-2025-11-20-2502,N
2025-11-20T12:58:35,299.746,224,00700.HK-2025-11-20-2503,N
2025-11-20T12:58:40,299.702,192,00700.HK-2025-11-20-2504,N
2025-11-20T12:58:45,299.798,236,00700.HK-2025-11-20-2505,N
2025-11-20T12:58:50,299.798,188,00700.HK-2025-11-20-2506,N
2025-11-20T12:58:55,299.803,174,00700.HK-2025-11-20-2507,N
2025-11-20T12:59:00,299.677,302,00700.HK-2025-11-20-2508,N
2025-11-20T12:59:05,299.686,219,00700.HK-2025-11-20-2509,N
2025-11-20T12:59:10,299.683,163,00700.HK-2025-11-20-2510,N
2025-11-20T12:59:15,299.671,120,00700.HK-2025-11-20-2511,N
2025-11-20T12:59:20,299.808,138,00700.HK-2025-11-20-2512,N
2025-11-20T12:59:25,299.746,177,00700.HK-2025-11-20-2513,N
2025-11-20T12:59:30,299.823,200,00700.HK-2025-11-20-2514,N
2025-11-20T12:59:35,299.749,262,00700.HK-2025-11-20-2515,N
2025-11-20T12:59:40,299.793,226,00700.HK-2025-11-20-2516,N
2025-11-20T12:59:45,299.836,319,00700.HK-2025-11-20-2517,N
2025-11-20T12:59:50,299.967,165,00700.HK-2025-11-20-2518,N
2025-11-20T12:59:55,300.064,219,00700.HK-2025-11-20-2519,N
2025-11-20T13:00:00,300.094,115,00700.HK-2025-11-20-2520,N
2025-11-20T13:00:05,300.084,159,00700.HK-2025-11-20-2521,N
2025-11-20T13:00:10,300.134,253,00700.HK-2025-11-20-2522,N
2025-11-20T13:00:15,300.009,198,00700.HK-2025-11-20-2523,N
2025-11-20T13:00:20,300.077,190,00700.HK-2025-11-20-2524,N
2025-11-20T13:00:25,300.12,217,00700.HK-2025-11-20-2525,N
2025-11-20T13:00:30,300.141,186,00700.HK-2025-11-20-2526,N
2025-11-20T13:00:35,300.068,143,00700.HK-2025-11-20-2527,N
2025-11-20T13:00:40,300.11,200,00700.HK-2025-11-20-2528,N
2025-11-20T13:00:45,300.102,178,00700.HK-2025-11-20-2529,N
2025-11-20T13:00:50,300.084,252,00700.HK-2025-11-20-2530,N
2025-11-20T13:00:55,300.064,132,00700.HK-2025-11-20-2531,N
2025-11-20T13:01:00,300.108,189,00700.HK-2025-11-20-2532,N
2025-11-20T13:01:05,300.11,280,00700.HK-2025-11-20-2533,N
2025-11-20T13:01:10,300.109,214,00700.HK-2025-11-20-2534,N
2025-11-20T13:01:15,300.038,189,00700.HK-2025-11-20-2535,N
2025-11-20T13:01:20,300.075,122,00700.HK-2025-11-20-2536,N
2025-11-20T13:01:25,300.087,205,00700.HK-2025-11-20-2537,N
2025-11-20T13:01:30,300.089,251,00700.HK-2025-11-20-2538,N
2025-11-20T13:01:35,300.109,273,00700.HK-2025-11-20-2539,N
2025-11-20T13:01:40,300.05,206,00700.HK-2025-11-20-2540,N
2025-11-20T13:01:45,300.055,146,00700.HK-2025-11-20-2541,N
2025-11-20T13:01:50,300.112,316,00700.HK-2025-11-20-2542,N
2025-11-20T13:01:55,300.111,225,00700.HK-2025-11-20-2543,N
2025-11-20T13:02:00,300.116,164,00700.HK-2025-11-20-2544,N
2025-11-20T13:02:05,300.007,164,00700.HK-2025-11-20-2545,N
2025-11-20T13:02:10,299.923,285,00700.HK-2025-11-20-2546,N
2025-11-20T13:02:15,299.916,182,00700.HK-2025-11-20-2547,N
2025-11-20T13:02:20,299.97,143,00700.HK-2025-11-20-2548,N
2025-11-20T13:02:25,299.924,203,00700.HK-2025-11-20-2549,N
2025-11-20T13:02:30,299.985,225,00700.HK-2025-11-20-2550,N
2025-11-20T13:02:35,300.0,203,00700.HK-2025-11-20-2551,N
2025-11-20T13:02:40,300.024,210,00700.HK-2025-11-20-2552,N
2025-11-20T13:02:45,299.963,202,00700.HK-2025-11-20-2553,N
2025-11-20T13:02:50,299.898,204,00700.HK-2025-11-20-2554,N
2025-11-20T13:02:55,299.869,326,00700.HK-2025-11-20-2555,N
2025-11-20T13:03:00,299.867,129,00700.HK-2025-11-20-2556,N
2025-11-20T13:03:05,299.859,225,00700.HK-2025-11-20-2557,N
2025-11-20T13:03:10,299.959,170,00700.HK-2025-11-20-2558,N
2025-11-20T13:03:15,299.864,240,00700.HK-2025-11-20-2559,N
2025-11-20T13:03:20,299.782,178,00700.HK-2025-11-20-2560,N
2025-11-20T13:03:25,299.766,196,00700.HK-2025-11-20-2561,N
2025-11-20T13:03:30,299.807,165,00700.HK-2025-11-20-2562,N
2025-11-20T13:03:35,299.791,199,00700.HK-2025-11-20-2563,N
2025-11-20T13:03:40,299.8,204,00700.HK-2025-11-20-2564,N
2025-11-20T13:03:45,299.826,242,00700.HK-2025-11-20-2565,N
2025-11-20T13:03:50,299.85,222,00700.HK-2025-11-20-2566,N
2025-11-20T13:03:55,299.755,202,00700.HK-2025-11-20-2567,N
2025-11-20T13:04:00,299.784,236,00700.HK-2025-11-20-2568,N
2025-11-20T13:04:05,299.742,167,00700.HK-2025-11-20-2569,N
2025-11-20T13:04:10,299.708,226,00700.HK-2025-11-20-2570,N
2025-11-20T13:04:15,299.77,179,00700.HK-2025-11-20-2571,N
2025-11-20T13:04:20,299.824,206,00700.HK-2025-11-20-2572,N
2025-11-20T13:04:25,299.817,189,00700.HK-2025-11-20-2573,N
2025-11-20T13:04:30,299.861,216,00700.HK-2025-11-20-2574,N
2025-11-20T13:04:35,299.998,157,00700.HK-2025-11-20-2575,N
2025-11-20T13:04:40,300.029,173,00700.HK-2025-11-20-2576,N
2025-11-20T13:04:45,299.977,199,00700.HK-2025-11-20-2577,N
2025-11-20T13:04:50,299.985,345,00700.HK-2025-11-20-2578,N
2025-11-20T13:04:55,299.974,143,00700.HK-2025-11-20-2579,N
2025-11-20T13:05:00,299.99,96,00700.HK-2025-11-20-2580,N
2025-11-20T13:05:05,299.985,200,00700.HK-2025-11-20-2581,N
2025-11-20T13:05:10,300.032,248,00700.HK-2025-11-20-2582,N
2025-11-20T13:05:15,300.002,192,00700.HK-2025-11-20-2583,N
2025-11-20T13:05:20,299.956,143,00700.HK-2025-11-20-2584,N
2025-11-20T13:05:25,299.975,136,00700.HK-2025-11-20-2585,N
2025-11-20T13:05:30,299.95,150,00700.HK-2025-11-20-2586,N
2025-11-20T13:05:35,299.983,290,00700.HK-2025-11-20-2587,N
2025-11-20T13:05:40,299.905,107,00700.HK-2025-11-20-2588,N
2025-11-20T13:05:45,299.897,200,00700.HK-2025-11-20-2589,N
2025-11-20T13:05:50,299.91,177,00700.HK-2025-11-20-2590,N
2025-11-20T13:05:55,299.898,218,00700.HK-2025-11-20-2591,N
2025-11-20T13:06:00,299.961,102,00700.HK-2025-11-20-2592,N
2025-11-20T13:06:05,299.939,210,00700.HK-2025-11-20-2593,N
2025-11-20T13:06:10,299.884,286,00700.HK-2025-11-20-2594,N
2025-11-20T13:06:15,299.846,197,00700.HK-2025-11-20-2595,N
2025-11-20T13:06:20,299.879,170,00700.HK-2025-11-20-2596,N
2025-11-20T13:06:25,299.768,178,00700.HK-2025-11-20-2597,N
2025-11-20T13:06:30,299.83,183,00700.HK-2025-11-20-2598,N
2025-11-20T13:06:35,299.779,246,00700.HK-2025-11-20-2599,N
2025-11-20T13:06:40,299.759,174,00700.HK-2025-11-20-2600,N
2025-11-20T13:06:45,299.768,238,00700.HK-2025-11-20-2601,N
2025-11-20T13:06:50,299.911,241,00700.HK-2025-11-20-2602,N
2025-11-20T13:06:55,299.981,174,00700.HK-2025-11-20-2603,N
2025-11-20T13:07:00,299.919,203,00700.HK-2025-11-20-2604,N
2025-11-20T13:07:05,299.925,146,00700.HK-2025-11-20-2605,N
2025-11-20T13:07:10,299.915,219,00700.HK-2025-11-20-2606,N
2025-11-20T13:07:15,299.937,225,00700.HK-2025-11-20-2607,N
2025-11-20T13:07:20,299.954,174,00700.HK-2025-11-20-2608,N
2025-11-20T13:07:25,299.923,140,00700.HK-2025-11-20-2609,N
2025-11-20T13:07:30,300.03,200,00700.HK-2025-11-20-2610,N
2025-11-20T13:07:35,300.017,153,00700.HK-2025-11-20-2611,N
2025-11-20T13:07:40,300.193,146,00700.HK-2025-11-20-2612,N
2025-11-20T13:07:45,300.167,220,00700.HK-2025-11-20-2613,N
2025-11-20T13:07:50,300.203,247,00700.HK-2025-11-20-2614,N
2025-11-20T13:07:55,300.312,225,00700.HK-2025-11-20-2615,N
2025-11-20T13:08:00,300.248,187,00700.HK-2025-11-20-2616,N
2025-11-20T13:08:05,300.267,303,00700.HK-2025-11-20-2617,N
2025-11-20T13:08:10,300.183,260,00700.HK-2025-11-20-2618,N
2025-11-20T13:08:15,300.194,241,00700.HK-2025-11-20-2619,N
2025-11-20T13:08:20,300.188,157,00700.HK-2025-11-20-2620,N
2025-11-20T13:08:25,300.233,232,00700.HK-2025-11-20-2621,N
2025-11-20T13:08:30,300.291,199,00700.HK-2025-11-20-2622,N
2025-11-20T13:08:35,300.255,122,00700.HK-2025-11-20-2623,N
2025-11-20T13:08:40,300.304,221,00700.HK-2025-11-20-2624,N
2025-11-20T13:08:45,300.246,173,00700.HK-2025-11-20-2625,N
2025-11-20T13:08:50,300.218,125,00700.HK-2025-11-20-2626,N
2025-11-20T13:08:55,300.169,143,00700.HK-2025-11-20-2627,N
2025-11-20T13:09:00,300.144,163,00700.HK-2025-11-20-2628,N
2025-11-20T13:09:05,300.047,301,00700.HK-2025-11-20-2629,N
2025-11-20T13:09:10,300.122,161,00700.HK-2025-11-20-2630,N
2025-11-20T13:09:15,300.138,220,00700.HK-2025-11-20-2631,N
2025-11-20T13:09:20,300.21,159,00700.HK-2025-11-20-2632,N
2025-11-20T13:09:25,300.275,172,00700.HK-2025-11-20-2633,N
2025-11-20T13:09:30,300.195,236,00700.HK-2025-11-20-2634,N
2025-11-20T13:09:35,300.272,329,00700.HK-2025-11-20-2635,N
2025-11-20T13:09:40,300.2,234,00700.HK-2025-11-20-2636,N
2025-11-20T13:09:45,300.176,239,00700.HK-2025-11-20-2637,N
2025-11-20T13:09:50,300.088,136,00700.HK-2025-11-20-2638,N
2025-11-20T13:09:55,300.041,203,00700.HK-2025-11-20-2639,N
2025-11-20T13:10:00,300.002,232,00700.HK-2025-11-20-2640,N
2025-11-20T13:10:05,300.064,229,00700.HK-2025-11-20-2641,N
2025-11-20T13:10:10,300.161,220,00700.HK-2025-11-20-2642,N
2025-11-20T13:10:15,300.088,268,00700.HK-2025-11-20-2643,N
2025-11-20T13:10:20,300.052,245,00700.HK-2025-11-20-2644,N
2025-11-20T13:10:25,300.146,222,00700.HK-2025-11-20-2645,N
2025-11-20T13:10:30,300.056,154,00700.HK-2025-11-20-2646,N
2025-11-20T13:10:35,300.136,191,00700.HK-2025-11-20-2647,N
2025-11-20T13:10:40,300.141,237,00700.HK-2025-11-20-2648,N
2025-11-20T13:10:45,300.182,213,00700.HK-2025-11-20-2649,N
2025-11-20T13:10:50,300.17,184,00700.HK-2025-11-20-2650,N
2025-11-20T13:10:55,300.221,227,00700.HK-2025-11-20-2651,N
2025-11-20T13:11:00,300.206,254,00700.HK-2025-11-20-2652,N
2025-11-20T13:11:05,300.198,157,00700.HK-2025-11-20-2653,N
2025-11-20T13:11:10,300.153,151,00700.HK-2025-11-20-2654,N
2025-11-20T13:11:15,300.136,261,00700.HK-2025-11-20-2655,N
2025-11-20T13:11:20,300.088,209,00700.HK-2025-11-20-2656,N
2025-11-20T13:11:25,300.049,186,00700.HK-2025-11-20-2657,N
2025-11-20T13:11:30,299.958,188,00700.HK-2025-11-20-2658,N
2025-11-20T13:11:35,299.946,227,00700.HK-2025-11-20-2659,N
2025-11-20T13:11:40,299.96,140,00700.HK-2025-11-20-2660,N
2025-11-20T13:11:45,300.025,210,00700.HK-2025-11-20-2661,N
2025-11-20T13:11:50,300.037,199,00700.HK-2025-11-20-2662,N
2025-11-20T13:11:55,300.006,210,00700.HK-2025-11-20-2663,N
2025-11-20T13:12:00,300.034,112,00700.HK-2025-11-20-2664,N
2025-11-20T13:12:05,300.002,187,00700.HK-2025-11-20-2665,N
2025-11-20T13:12:10,300.017,259,00700.HK-2025-11-20-2666,N
2025-11-20T13:12:15,299.971,175,00700.HK-2025-11-20-2667,N
2025-11-20T13:12:20,299.94,159,00700.HK-2025-11-20-2668,N
2025-11-20T13:12:25,299.919,238,00700.HK-2025-11-20-2669,N
2025-11-20T13:12:30,299.856,221,00700.HK-2025-11-20-2670,N
2025-11-20T13:12:35,299.754,171,00700.HK-2025-11-20-2671,N
2025-11-20T13:12:40,299.734,283,00700.HK-2025-11-20-2672,N
2025-11-20T13:12:45,299.718,89,00700.HK-2025-11-20-2673,N
2025-11-20T13:12:50,299.598,201,00700.HK-2025-11-20-2674,N
2025-11-20T13:12:55,299.635,218,00700.HK-2025-11-20-2675,N
2025-11-20T13:13:00,299.645,258,00700.HK-2025-11-20-2676,N
2025-11-20T13:13:05,299.612,244,00700.HK-2025-11-20-2677,N
2025-11-20T13:13:10,299.515,154,00700.HK-2025-11-20-2678,N
2025-11-20T13:13:15,299.406,186,00700.HK-2025-11-20-2679,N
2025-11-20T13:13:20,299.404,205,00700.HK-2025-11-20-2680,N
2025-11-20T13:13:25,299.407,153,00700.HK-2025-11-20-2681,N
2025-11-20T13:13:30,299.396,125,00700.HK-2025-11-20-2682,N
2025-11-20T13:13:35,299.478,184,00700.HK-2025-11-20-2683,N
2025-11-20T13:13:40,299.448,279,00700.HK-2025-11-20-2684,N
2025-11-20T13:13:45,299.374,143,00700.HK-2025-11-20-2685,N
2025-11-20T13:13:50,299.308,196,00700.HK-2025-11-20-2686,N
2025-11-20T13:13:55,299.334,236,00700.HK-2025-11-20-2687,N
2025-11-20T13:14:00,299.488,87,00700.HK-2025-11-20-2688,N
2025-11-20T13:14:05,299.525,172,00700.HK-2025-11-20-2689,N
2025-11-20T13:14:10,299.489,169,00700.HK-2025-11-20-2690,N
2025-11-20T13:14:15,299.435,284,00700.HK-2025-11-20-2691,N
2025-11-20T13:14:20,299.485,201,00700.HK-2025-11-20-2692,N
2025-11-20T13:14:25,299.566,124,00700.HK-2025-11-20-2693,N
2025-11-20T13:14:30,299.487,91,00700.HK-2025-11-20-2694,N
2025-11-20T13:14:35,299.445,208,00700.HK-2025-11-20-2695,N
2025-11-20T13:14:40,299.451,207,00700.HK-2025-11-20-2696,N
2025-11-20T13:14:45,299.366,240,00700.HK-2025-11-20-2697,N
2025-11-20T13:14:50,299.381,236,00700.HK-2025-11-20-2698,N
2025-11-20T13:14:55,299.267,215,00700.HK-2025-11-20-2699,N
2025-11-20T13:15:00,299.196,180,00700.HK-2025-11-20-2700,N
2025-11-20T13:15:05,299.228,204,00700.HK-2025-11-20-2701,N
2025-11-20T13:15:10,299.177,200,00700.HK-2025-11-20-2702,N
2025-11-20T13:15:15,299.086,257,00700.HK-2025-11-20-2703,N
2025-11-20T13:15:20,299.073,255,00700.HK-2025-11-20-2704,N
2025-11-20T13:15:25,299.042,173,00700.HK-2025-11-20-2705,N
2025-11-20T13:15:30,298.996,243,00700.HK-2025-11-20-2706,N
2025-11-20T13:15:35,298.954,232,00700.HK-2025-11-20-2707,N
2025-11-20T13:15:40,298.931,101,00700.HK-2025-11-20-2708,N
2025-11-20T13:15:45,298.897,141,00700.HK-2025-11-20-2709,N
2025-11-20T13:15:50,298.899,140,00700.HK-2025-11-20-2710,N
2025-11-20T13:15:55,298.954,195,00700.HK-2025-11-20-2711,N
2025-11-20T13:16:00,298.944,232,00700.HK-2025-11-20-2712,N
2025-11-20T13:16:05,299.001,198,00700.HK-2025-11-20-2713,N
2025-11-20T13:16:10,298.955,111,00700.HK-2025-11-20-2714,N
2025-11-20T13:16:15,298.914,169,00700.HK-2025-11-20-2715,N
2025-11-20T13:16:20,298.92,182,00700.HK-2025-11-20-2716,N
2025-11-20T13:16:25,298.962,169,00700.HK-2025-11-20-2717,N
2025-11-20T13:16:30,298.958,259,00700.HK-2025-11-20-2718,N
2025-11-20T13:16:35,298.979,196,00700.HK-2025-11-20-2719,N
2025-11-20T13:16:40,298.943,168,00700.HK-2025-11-20-2720,N
2025-11-20T13:16:45,298.892,172,00700.HK-2025-11-20-2721,N
2025-11-20T13:16:50,298.937,188,00700.HK-2025-11-20-2722,N
2025-11-20T13:16:55,298.856,288,00700.HK-2025-11-20-2723,N
2025-11-20T13:17:00,298.875,129,00700.HK-2025-11-20-2724,N
2025-11-20T13:17:05,298.849,205,00700.HK-2025-11-20-2725,N
2025-11-20T13:17:10,298.951,144,00700.HK-2025-11-20-2726,N
2025-11-20T13:17:15,299.009,269,00700.HK-2025-11-20-2727,N
2025-11-20T13:17:20,298.972,186,00700.HK-2025-11-20-2728,N
2025-11-20T13:17:25,298.91,189,00700.HK-2025-11-20-2729,N
2025-11-20T13:17:30,298.907,232,00700.HK-2025-11-20-2730,N
2025-11-20T13:17:35,298.973,162,00700.HK-2025-11-20-2731,N
2025-11-20T13:17:40,298.855,198,00700.HK-2025-11-20-2732,N
2025-11-20T13:17:45,298.873,212,00700.HK-2025-11-20-2733,N
2025-11-20T13:17:50,298.853,206,00700.HK-2025-11-20-2734,N
2025-11-20T13:17:55,298.944,219,00700.HK-2025-11-20-2735,N
2025-11-20T13:18:00,298.921,174,00700.HK-2025-11-20-2736,N
2025-11-20T13:18:05,298.911,281,00700.HK-2025-11-20-2737,N
2025-11-20T13:18:10,298.9,199,00700.HK-2025-11-20-2738,N
2025-11-20T13:18:15,298.871,254,00700.HK-2025-11-20-2739,N
2025-11-20T13:18:20,298.988,222,00700.HK-2025-11-20-2740,N
2025-11-20T13:18:25,298.993,201,00700.HK-2025-11-20-2741,N
2025-11-20T13:18:30,298.851,237,00700.HK-2025-11-20-2742,N
2025-11-20T13:18:35,298.859,221,00700.HK-2025-11-20-2743,N
2025-11-20T13:18:40,298.816,180,00700.HK-2025-11-20-2744,N
2025-11-20T13:18:45,298.792,251,00700.HK-2025-11-20-2745,N
2025-11-20T13:18:50,298.769,304,00700.HK-2025-11-20-2746,N
2025-11-20T13:18:55,298.795,136,00700.HK-2025-11-20-2747,N
2025-11-20T13:19:00,298.787,167,00700.HK-2025-11-20-2748,N
2025-11-20T13:19:05,298.656,279,00700.HK-2025-11-20-2749,N
2025-11-20T13:19:10,298.698,226,00700.HK-2025-11-20-2750,N
2025-11-20T13:19:15,298.708,130,00700.HK-2025-11-20-2751,N
2025-11-20T13:19:20,298.679,242,00700.HK-2025-11-20-2752,N
2025-11-20T13:19:25,298.616,73,00700.HK-2025-11-20-2753,N
2025-11-20T13:19:30,298.603,192,00700.HK-2025-11-20-2754,N
2025-11-20T13:19:35,298.611,236,00700.HK-2025-11-20-2755,N
2025-11-20T13:19:40,298.649,212,00700.HK-2025-11-20-2756,N
2025-11-20T13:19:45,298.72,124,00700.HK-2025-11-20-2757,N
2025-11-20T13:19:50,298.75,231,00700.HK-2025-11-20-2758,N
2025-11-20T13:19:55,298.676,124,00700.HK-2025-11-20-2759,N
2025-11-20T13:20:00,298.632,166,00700.HK-2025-11-20-2760,N
2025-11-20T13:20:05,298.677,169,00700.HK-2025-11-20-2761,N
2025-11-20T13:20:10,298.626,169,00700.HK-2025-11-20-2762,N
2025-11-20T13:20:15,298.692,200,00700.HK-2025-11-20-2763,N
2025-11-20T13:20:20,298.682,194,00700.HK-2025-11-20-2764,N
2025-11-20T13:20:25,298.759,162,00700.HK-2025-11-20-2765,N
2025-11-20T13:20:30,298.838,210,00700.HK-2025-11-20-2766,N
2025-11-20T13:20:35,298.828,325,00700.HK-2025-11-20-2767,N
2025-11-20T13:20:40,298.765,182,00700.HK-2025-11-20-2768,N
2025-11-20T13:20:45,298.691,247,00700.HK-2025-11-20-2769,N
2025-11-20T13:20:50,298.792,283,00700.HK-2025-11-20-2770,N
2025-11-20T13:20:55,298.865,190,00700.HK-2025-11-20-2771,N
2025-11-20T13:21:00,298.843,116,00700.HK-2025-11-20-2772,N
2025-11-20T13:21:05,298.965,223,00700.HK-2025-11-20-2773,N
2025-11-20T13:21:10,298.936,266,00700.HK-2025-11-20-2774,N
2025-11-20T13:21:15,298.878,220,00700.HK-2025-11-20-2775,N
2025-11-20T13:21:20,298.867,231,00700.HK-2025-11-20-2776,N
2025-11-20T13:21:25,298.863,127,00700.HK-2025-11-20-2777,N
2025-11-20T13:21:30,298.868,252,00700.HK-2025-11-20-2778,N
2025-11-20T13:21:35,298.866,238,00700.HK-2025-11-20-2779,N
2025-11-20T13:21:40,298.804,198,00700.HK-2025-11-20-2780,N
2025-11-20T13:21:45,298.766,237,00700.HK-2025-11-20-2781,N
2025-11-20T13:21:50,298.768,234,00700.HK-2025-11-20-2782,N
2025-11-20T13:21:55,298.833,234,00700.HK-2025-11-20-2783,N
2025-11-20T13:22:00,298.85,150,00700.HK-2025-11-20-2784,N
2025-11-20T13:22:05,298.849,173,00700.HK-2025-11-20-2785,N
2025-11-20T13:22:10,298.829,181,00700.HK-2025-11-20-2786,N
2025-11-20T13:22:15,298.77,102,00700.HK-2025-11-20-2787,N
2025-11-20T13:22:20,298.73,209,00700.HK-2025-11-20-2788,N
2025-11-20T13:22:25,298.65,200,00700.HK-2025-11-20-2789,N
2025-11-20T13:22:30,298.763,251,00700.HK-2025-11-20-2790,N
2025-11-20T13:22:35,298.862,219,00700.HK-2025-11-20-2791,N
2025-11-20T13:22:40,298.931,163,00700.HK-2025-11-20-2792,N
2025-11-20T13:22:45,298.893,63,00700.HK-2025-11-20-2793,N
2025-11-20T13:22:50,298.964,277,00700.HK-2025-11-20-2794,N
2025-11-20T13:22:55,298.931,187,00700.HK-2025-11-20-2795,N
2025-11-20T13:23:00,298.886,219,00700.HK-2025-11-20-2796,N
2025-11-20T13:23:05,298.953,112,00700.HK-2025-11-20-2797,N
2025-11-20T13:23:10,298.977,186,00700.HK-2025-11-20-2798,N
2025-11-20T13:23:15,298.984,222,00700.HK-2025-11-20-2799,N
2025-11-20T13:23:20,298.973,194,00700.HK-2025-11-20-2800,N
2025-11-20T13:23:25,298.96,248,00700.HK-2025-11-20-2801,N
2025-11-20T13:23:30,298.985,211,00700.HK-2025-11-20-2802,N
2025-11-20T13:23:35,298.909,181,00700.HK-2025-11-20-2803,N
2025-11-20T13:23:40,298.963,201,00700.HK-2025-11-20-2804,N
2025-11-20T13:23:45,299.002,288,00700.HK-2025-11-20-2805,N
2025-11-20T13:23:50,299.064,204,00700.HK-2025-11-20-2806,N
2025-11-20T13:23:55,299.034,72,00700.HK-2025-11-20-2807,N
2025-11-20T13:24:00,299.024,183,00700.HK-2025-11-20-2808,N
2025-11-20T13:24:05,299.047,192,00700.HK-2025-11-20-2809,N
2025-11-20T13:24:10,299.028,111,00700.HK-2025-11-20-2810,N
2025-11-20T13:24:15,298.972,223,00700.HK-2025-11-20-2811,N
2025-11-20T13:24:20,299.074,195,00700.HK-2025-11-20-2812,N
2025-11-20T13:24:25,299.094,247,00700.HK-2025-11-20-2813,N
2025-11-20T13:24:30,299.045,218,00700.HK-2025-11-20-2814,N
2025-11-20T13:24:35,299.001,243,00700.HK-2025-11-20-2815,N
2025-11-20T13:24:40,299.01,214,00700.HK-2025-11-20-2816,N
2025-11-20T13:24:45,298.963,235,00700.HK-2025-11-20-2817,N
2025-11-20T13:24:50,299.088,149,00700.HK-2025-11-20-2818,N
2025-11-20T13:24:55,299.068,211,00700.HK-2025-11-20-2819,N
2025-11-20T13:25:00,299.115,172,00700.HK-2025-11-20-2820,N
2025-11-20T13:25:05,298.945,267,00700.HK-2025-11-20-2821,N
2025-11-20T13:25:10,298.991,112,00700.HK-2025-11-20-2822,N
2025-11-20T13:25:15,298.954,278,00700.HK-2025-11-20-2823,N
2025-11-20T13:25:20,299.041,246,00700.HK-2025-11-20-2824,N
2025-11-20T13:25:25,299.03,204,00700.HK-2025-11-20-2825,N
2025-11-20T13:25:30,299.023,256,00700.HK-2025-11-20-2826,N
2025-11-20T13:25:35,298.97,159,00700.HK-2025-11-20-2827,N
2025-11-20T13:25:40,299.031,197,00700.HK-2025-11-20-2828,N
2025-11-20T13:25:45,299.113,166,00700.HK-2025-11-20-2829,N
2025-11-20T13:25:50,299.11,153,00700.HK-2025-11-20-2830,N
2025-11-20T13:25:55,299.11,126,00700.HK-2025-11-20-2831,N
2025-11-20T13:26:00,299.081,128,00700.HK-2025-11-20-2832,N
2025-11-20T13:26:05,299.123,235,00700.HK-2025-11-20-2833,N
2025-11-20T13:26:10,299.019,266,00700.HK-2025-11-20-2834,N
2025-11-20T13:26:15,299.168,202,00700.HK-2025-11-20-2835,N
2025-11-20T13:26:20,299.13,341,00700.HK-2025-11-20-2836,N
2025-11-20T13:26:25,299.051,201,00700.HK-2025-11-20-2837,N
2025-11-20T13:26:30,299.062,267,00700.HK-2025-11-20-2838,N
2025-11-20T13:26:35,299.083,175,00700.HK-2025-11-20-2839,N
2025-11-20T13:26:40,299.026,182,00700.HK-2025-11-20-2840,N
2025-11-20T13:26:45,298.966,202,00700.HK-2025-11-20-2841,N
2025-11-20T13:26:50,298.932,125,00700.HK-2025-11-20-2842,N
2025-11-20T13:26:55,299.008,175,00700.HK-2025-11-20-2843,N
2025-11-20T13:27:00,298.932,191,00700.HK-2025-11-20-2844,N
2025-11-20T13:27:05,298.936,112,00700.HK-2025-11-20-2845,N
2025-11-20T13:27:10,298.956,147,00700.HK-2025-11-20-2846,N
2025-11-20T13:27:15,299.058,226,00700.HK-2025-11-20-2847,N
2025-11-20T13:27:20,299.034,162,00700.HK-2025-11-20-2848,N
2025-11-20T13:27:25,299.028,230,00700.HK-2025-11-20-2849,N
2025-11-20T13:27:30,299.026,189,00700.HK-2025-11-20-2850,N
2025-11-20T13:27:35,299.03,169,00700.HK-2025-11-20-2851,N
2025-11-20T13:27:40,299.009,95,00700.HK-2025-11-20-2852,N
2025-11-20T13:27:45,299.067,214,00700.HK-2025-11-20-2853,N
2025-11-20T13:27:50,299.021,294,00700.HK-2025-11-20-2854,N
2025-11-20T13:27:55,299.026,148,00700.HK-2025-11-20-2855,N
2025-11-20T13:28:00,299.078,219,00700.HK-2025-11-20-2856,N
2025-11-20T13:28:05,299.101,178,00700.HK-2025-11-20-2857,N
2025-11-20T13:28:10,299.128,186,00700.HK-2025-11-20-2858,N
2025-11-20T13:28:15,299.161,104,00700.HK-2025-11-20-2859,N
2025-11-20T13:28:20,299.135,286,00700.HK-2025-11-20-2860,N
2025-11-20T13:28:25,299.09,169,00700.HK-2025-11-20-2861,N
2025-11-20T13:28:30,299.063,139,00700.HK-2025-11-20-2862,N
2025-11-20T13:28:35,298.931,188,00700.HK-2025-11-20-2863,N
2025-11-20T13:28:40,298.939,197,00700.HK-2025-11-20-2864,N
2025-11-20T13:28:45,298.93,202,00700.HK-2025-11-20-2865,N
2025-11-20T13:28:50,298.991,190,00700.HK-2025-11-20-2866,N
2025-11-20T13:28:55,298.957,185,00700.HK-2025-11-20-2867,N
2025-11-20T13:29:00,298.992,270,00700.HK-2025-11-20-2868,N
2025-11-20T13:29:05,298.954,204,00700.HK-2025-11-20-2869,N
2025-11-20T13:29:10,298.974,150,00700.HK-2025-11-20-2870,N
2025-11-20T13:29:15,298.975,126,00700.HK-2025-11-20-2871,N
2025-11-20T13:29:20,298.87,218,00700.HK-2025-11-20-2872,N
2025-11-20T13:29:25,298.847,210,00700.HK-2025-11-20-2873,N
2025-11-20T13:29:30,298.846,151,00700.HK-2025-11-20-2874,N
2025-11-20T13:29:35,298.843,138,00700.HK-2025-11-20-2875,N
2025-11-20T13:29:40,298.926,132,00700.HK-2025-11-20-2876,N
2025-11-20T13:29:45,298.914,147,00700.HK-2025-11-20-2877,N
2025-11-20T13:29:50,298.948,183,00700.HK-2025-11-20-2878,N
2025-11-20T13:29:55,298.917,242,00700.HK-2025-11-20-2879,N
2025-11-20T13:30:00,298.919,225,00700.HK-2025-11-20-2880,N
2025-11-20T13:30:05,298.861,129,00700.HK-2025-11-20-2881,N
2025-11-20T13:30:10,298.867,184,00700.HK-2025-11-20-2882,N
2025-11-20T13:30:15,298.904,196,00700.HK-2025-11-20-2883,N
2025-11-20T13:30:20,298.917,118,00700.HK-2025-11-20-2884,N
2025-11-20T13:30:25,299.03,191,00700.HK-2025-11-20-2885,N
2025-11-20T13:30:30,299.071,158,00700.HK-2025-11-20-2886,N
2025-11-20T13:30:35,299.09,134,00700.HK-2025-11-20-2887,N
2025-11-20T13:30:40,299.117,182,00700.HK-2025-11-20-2888,N
2025-11-20T13:30:45,299.119,234,00700.HK-2025-11-20-2889,N
2025-11-20T13:30:50,299.045,165,00700.HK-2025-11-20-2890,N
2025-11-20T13:30:55,299.072,304,00700.HK-2025-11-20-2891,N
2025-11-20T13:31:00,299.064,229,00700.HK-2025-11-20-2892,N
2025-11-20T13:31:05,299.057,297,00700.HK-2025-11-20-2893,N
2025-11-20T13:31:10,298.953,204,00700.HK-2025-11-20-2894,N
2025-11-20T13:31:15,298.856,74,00700.HK-2025-11-20-2895,N
2025-11-20T13:31:20,298.874,206,00700.HK-2025-11-20-2896,N
2025-11-20T13:31:25,298.857,194,00700.HK-2025-11-20-2897,N
2025-11-20T13:31:30,299.042,187,00700.HK-2025-11-20-2898,N
2025-11-20T13:31:35,299.072,167,00700.HK-2025-11-20-2899,N
2025-11-20T13:31:40,299.09,188,00700.HK-2025-11-20-2900,N
2025-11-20T13:31:45,299.065,290,00700.HK-2025-11-20-2901,N
2025-11-20T13:31:50,299.136,206,00700.HK-2025-11-20-2902,N
2025-11-20T13:31:55,298.998,181,00700.HK-2025-11-20-2903,N
2025-11-20T13:32:00,299.16,188,00700.HK-2025-11-20-2904,N
2025-11-20T13:32:05,299.226,272,00700.HK-2025-11-20-2905,N
2025-11-20T13:32:10,299.239,157,00700.HK-2025-11-20-2906,N
2025-11-20T13:32:15,299.093,234,00700.HK-2025-11-20-2907,N
2025-11-20T13:32:20,299.044,208,00700.HK-2025-11-20-2908,N
2025-11-20T13:32:25,298.969,186,00700.HK-2025-11-20-2909,N
2025-11-20T13:32:30,298.971,213,00700.HK-2025-11-20-2910,N
2025-11-20T13:32:35,298.905,259,00700.HK-2025-11-20-2911,N
2025-11-20T13:32:40,298.869,116,00700.HK-2025-11-20-2912,N
2025-11-20T13:32:45,298.863,201,00700.HK-2025-11-20-2913,N
2025-11-20T13:32:50,298.872,268,00700.HK-2025-11-20-2914,N
2025-11-20T13:32:55,298.858,194,00700.HK-2025-11-20-2915,N
2025-11-20T13:33:00,298.792,241,00700.HK-2025-11-20-2916,N
2025-11-20T13:33:05,298.803,178,00700.HK-2025-11-20-2917,N
2025-11-20T13:33:10,298.689,272,00700.HK-2025-11-20-2918,N
2025-11-20T13:33:15,298.616,170,00700.HK-2025-11-20-2919,N
2025-11-20T13:33:20,298.637,140,00700.HK-2025-11-20-2920,N
2025-11-20T13:33:25,298.548,93,00700.HK-2025-11-20-2921,N
2025-11-20T13:33:30,298.591,172,00700.HK-2025-11-20-2922,N
2025-11-20T13:33:35,298.766,150,00700.HK-2025-11-20-2923,N
2025-11-20T13:33:40,298.711,171,00700.HK-2025-11-20-2924,N
2025-11-20T13:33:45,298.725,176,00700.HK-2025-11-20-2925,N
2025-11-20T13:33:50,298.762,151,00700.HK-2025-11-20-2926,N
2025-11-20T13:33:55,298.679,110,00700.HK-2025-11-20-2927,N
2025-11-20T13:34:00,298.547,174,00700.HK-2025-11-20-2928,N
2025-11-20T13:34:05,298.529,168,00700.HK-2025-11-20-2929,N
2025-11-20T13:34:10,298.603,261,00700.HK-2025-11-20-2930,N
2025-11-20T13:34:15,298.583,110,00700.HK-2025-11-20-2931,N
2025-11-20T13:34:20,298.549,170,00700.HK-2025-11-20-2932,N
2025-11-20T13:34:25,298.51,165,00700.HK-2025-11-20-2933,N
2025-11-20T13:34:30,298.471,180,00700.HK-2025-11-20-2934,N
2025-11-20T13:34:35,298.433,210,00700.HK-2025-11-20-2935,N
2025-11-20T13:34:40,298.454,154,00700.HK-2025-11-20-2936,N
2025-11-20T13:34:45,298.53,150,00700.HK-2025-11-20-2937,N
2025-11-20T13:34:50,298.434,219,00700.HK-2025-11-20-2938,N
2025-11-20T13:34:55,298.385,216,00700.HK-2025-11-20-2939,N
2025-11-20T13:35:00,298.241,269,00700.HK-2025-11-20-2940,N
2025-11-20T13:35:05,298.282,124,00700.HK-2025-11-20-2941,N
2025-11-20T13:35:10,298.193,283,00700.HK-2025-11-20-2942,N
2025-11-20T13:35:15,298.149,158,00700.HK-2025-11-20-2943,N
2025-11-20T13:35:20,298.014,182,00700.HK-2025-11-20-2944,N
2025-11-20T13:35:25,298.001,235,00700.HK-2025-11-20-2945,N
2025-11-20T13:35:30,297.917,123,00700.HK-2025-11-20-2946,N
2025-11-20T13:35:35,297.944,250,00700.HK-2025-11-20-2947,N
2025-11-20T13:35:40,297.851,254,00700.HK-2025-11-20-2948,N
2025-11-20T13:35:45,297.853,254,00700.HK-2025-11-20-2949,N
2025-11-20T13:35:50,297.849,73,00700.HK-2025-11-20-2950,N
2025-11-20T13:35:55,297.84,253,00700.HK-2025-11-20-2951,N
2025-11-20T13:36:00,297.786,180,00700.HK-2025-11-20-2952,N
2025-11-20T13:36:05,297.776,55,00700.HK-2025-11-20-2953,N
2025-11-20T13:36:10,297.875,154,00700.HK-2025-11-20-2954,N
2025-11-20T13:36:15,297.905,195,00700.HK-2025-11-20-2955,N
2025-11-20T13:36:20,297.98,220,00700.HK-2025-11-20-2956,N
2025-11-20T13:36:25,297.966,155,00700.HK-2025-11-20-2957,N
2025-11-20T13:36:30,298.014,106,00700.HK-2025-11-20-2958,N
2025-11-20T13:36:35,298.052,145,00700.HK-2025-11-20-2959,N
2025-11-20T13:36:40,298.127,208,00700.HK-2025-11-20-2960,N
2025-11-20T13:36:45,298.166,204,00700.HK-2025-11-20-2961,N
2025-11-20T13:36:50,298.061,156,00700.HK-2025-11-20-2962,N
2025-11-20T13:36:55,298.101,208,00700.HK-2025-11-20-2963,N
2025-11-20T13:37:00,298.171,220,00700.HK-2025-11-20-2964,N
2025-11-20T13:37:05,298.114,160,00700.HK-2025-11-20-2965,N
2025-11-20T13:37:10,298.12,84,00700.HK-2025-11-20-2966,N
2025-11-20T13:37:15,298.22,222,00700.HK-2025-11-20-2967,N
2025-11-20T13:37:20,298.293,120,00700.HK-2025-11-20-2968,N
2025-11-20T13:37:25,298.367,311,00700.HK-2025-11-20-2969,N
2025-11-20T13:37:30,298.288,238,00700.HK-2025-11-20-2970,N
2025-11-20T13:37:35,298.288,122,00700.HK-2025-11-20-2971,N
2025-11-20T13:37:40,298.318,241,00700.HK-2025-11-20-2972,N
2025-11-20T13:37:45,298.282,258,00700.HK-2025-11-20-2973,N
2025-11-20T13:37:50,298.183,125,00700.HK-2025-11-20-2974,N
2025-11-20T13:37:55,298.191,201,00700.HK-2025-11-20-2975,N
2025-11-20T13:38:00,298.148,240,00700.HK-2025-11-20-2976,N
2025-11-20T13:38:05,298.18,242,00700.HK-2025-11-20-2977,N
2025-11-20T13:38:10,298.172,230,00700.HK-2025-11-20-2978,N
2025-11-20T13:38:15,298.146,302,00700.HK-2025-11-20-2979,N
2025-11-20T13:38:20,298.097,305,00700.HK-2025-11-20-2980,N
2025-11-20T13:38:25,298.099,131,00700.HK-2025-11-20-2981,N
2025-11-20T13:38:30,298.181,206,00700.HK-2025-11-20-2982,N
2025-11-20T13:38:35,298.232,261,00700.HK-2025-11-20-2983,N
2025-11-20T13:38:40,298.252,170,00700.HK-2025-11-20-2984,N
2025-11-20T13:38:45,298.31,200,00700.HK-2025-11-20-2985,N
2025-11-20T13:38:50,298.351,92,00700.HK-2025-11-20-2986,N
2025-11-20T13:38:55,298.378,168,00700.HK-2025-11-20-2987,N
2025-11-20T13:39:00,298.476,231,00700.HK-2025-11-20-2988,N
2025-11-20T13:39:05,298.491,224,00700.HK-2025-11-20-2989,N
2025-11-20T13:39:10,298.431,281,00700.HK-2025-11-20-2990,N
2025-11-20T13:39:15,298.55,219,00700.HK-2025-11-20-2991,N
2025-11-20T13:39:20,298.645,171,00700.HK-2025-11-20-2992,N
2025-11-20T13:39:25,298.597,202,00700.HK-2025-11-20-2993,N
2025-11-20T13:39:30,298.623,180,00700.HK-2025-11-20-2994,N
2025-11-20T13:39:35,298.655,215,00700.HK-2025-11-20-2995,N
2025-11-20T13:39:40,298.596,225,00700.HK-2025-11-20-2996,N
2025-11-20T13:39:45,298.647,208,00700.HK-2025-11-20-2997,N
2025-11-20T13:39:50,298.716,139,00700.HK-2025-11-20-2998,N
2025-11-20T13:39:55,298.744,141,00700.HK-2025-11-20-2999,N
