ts_exchange,price,size,trade_id,cond
2025-11-19T09:30:00,299.933,168,00700.HK-2025-11-19-0,N
2025-11-19T09:30:05,299.877,172,00700.HK-2025-11-19-1,N
2025-11-19T09:30:10,299.864,241,00700.HK-2025-11-19-2,N
2025-11-19T09:30:15,299.845,120,00700.HK-2025-11-19-3,N
2025-11-19T09:30:20,299.913,158,00700.HK-2025-11-19-4,N
2025-11-19T09:30:25,299.909,222,00700.HK-2025-11-19-5,N
2025-11-19T09:30:30,299.921,254,00700.HK-2025-11-19-6,N
2025-11-19T09:30:35,299.95,156,00700.HK-2025-11-19-7,N
2025-11-19T09:30:40,300.081,209,00700.HK-2025-11-19-8,N
2025-11-19T09:30:45,300.072,248,00700.HK-2025-11-19-9,N
2025-11-19T09:30:50,300.087,219,00700.HK-2025-11-19-10,N
2025-11-19T09:30:55,300.236,186,00700.HK-2025-11-19-11,N
2025-11-19T09:31:00,300.217,205,00700.HK-2025-11-19-12,N
2025-11-19T09:31:05,300.282,124,00700.HK-2025-11-19-13,N
2025-11-19T09:31:10,300.164,170,00700.HK-2025-11-19-14,N
2025-11-19T09:31:15,300.066,178,00700.HK-2025-11-19-15,N
2025-11-19T09:31:20,300.096,155,00700.HK-2025-11-19-16,N
2025-11-19T09:31:25,300.01,203,00700.HK-2025-11-19-17,N
2025-11-19T09:31:30,300.062,115,00700.HK-2025-11-19-18,N
2025-11-19T09:31:35,300.111,240,00700.HK-2025-11-19-19,N
2025-11-19T09:31:40,300.168,260,00700.HK-2025-11-19-20,N
2025-11-19T09:31:45,300.301,182,00700.HK-2025-11-19-21,N
2025-11-19T09:31:50,300.307,179,00700.HK-2025-11-19-22,N
2025-11-19T09:31:55,300.307,276,00700.HK-2025-11-19-23,N
2025-11-19T09:32:00,300.226,156,00700.HK-2025-11-19-24,N
2025-11-19T09:32:05,300.309,251,00700.HK-2025-11-19-25,N
2025-11-19T09:32:10,300.287,242,00700.HK-2025-11-19-26,N
2025-11-19T09:32:15,300.308,275,00700.HK-2025-11-19-27,N
2025-11-19T09:32:20,300.312,251,00700.HK-2025-11-19-28,N
2025-11-19T09:32:25,300.471,229,00700.HK-2025-11-19-29,N
2025-11-19T09:32:30,300.474,236,00700.HK-2025-11-19-30,N
2025-11-19T09:32:35,300.452,319,00700.HK-2025-11-19-31,N
2025-11-19T09:32:40,300.463,186,00700.HK-2025-11-19-32,N
2025-11-19T09:32:45,300.413,254,00700.HK-2025-11-19-33,N
2025-11-19T09:32:50,300.465,175,00700.HK-2025-11-19-34,N
2025-11-19T09:32:55,300.499,124,00700.HK-2025-11-19-35,N
2025-11-19T09:33:00,300.51,222,00700.HK-2025-11-19-36,N
2025-11-19T09:33:05,300.613,161,00700.HK-2025-11-19-37,N
2025-11-19T09:33:10,300.536,155,00700.HK-2025-11-19-38,N
2025-11-19T09:33:15,300.456,266,00700.HK-2025-11-19-39,N
2025-11-19T09:33:20,300.549,216,00700.HK-2025-11-19-40,N
2025-11-19T09:33:25,300.622,206,00700.HK-2025-11-19-41,N
2025-11-19T09:33:30,300.617,183,00700.HK-2025-11-19-42,N
2025-11-19T09:33:35,300.598,122,00700.HK-2025-11-19-43,N
2025-11-19T09:33:40,300.614,197,00700.HK-2025-11-19-44,N
2025-11-19T09:33:45,300.659,204,00700.HK-2025-11-19-45,N
2025-11-19T09:33:50,300.649,156,00700.HK-2025-11-19-46,N
2025-11-19T09:33:55,300.653,236,00700.HK-2025-11-19-47,N
2025-11-19T09:34:00,300.585,204,00700.HK-2025-11-19-48,N
2025-11-19T09:34:05,300.599,164,00700.HK-2025-11-19-49,N
2025-11-19T09:34:10,300.563,211,00700.HK-2025-11-19-50,N
2025-11-19T09:34:15,300.495,217,00700.HK-2025-11-19-51,N
2025-11-19T09:34:20,300.441,253,00700.HK-2025-11-19-52,N
2025-11-19T09:34:25,300.582,156,00700.HK-2025-11-19-53,N
2025-11-19T09:34:30,300.614,163,00700.HK-2025-11-19-54,N
2025-11-19T09:34:35,300.676,136,00700.HK-2025-11-19-55,N
2025-11-19T09:34:40,300.705,156,00700.HK-2025-11-19-56,N
2025-11-19T09:34:45,300.693,148,00700.HK-2025-11-19-57,N
2025-11-19T09:34:50,300.742,158,00700.HK-2025-11-19-58,N
2025-11-19T09:34:55,300.776,182,00700.HK-2025-11-19-59,N
2025-11-19T09:35:00,300.769,207,00700.HK-2025-11-19-60,N
2025-11-19T09:35:05,300.723,210,00700.HK-2025-11-19-61,N
2025-11-19T09:35:10,300.815,161,00700.HK-2025-11-19-62,N
2025-11-19T09:35:15,300.885,274,00700.HK-2025-11-19-63,N
2025-11-19T09:35:20,300.836,127,00700.HK-2025-11-19-64,N
2025-11-19T09:35:25,300.854,172,00700.HK-2025-11-19-65,N
2025-11-19T09:35:30,300.967,201,00700.HK-2025-11-19-66,N
2025-11-19T09:35:35,300.919,142,00700.HK-2025-11-19-67,N
2025-11-19T09:35:40,300.984,171,00700.HK-2025-11-19-68,N
2025-11-19T09:35:45,300.987,247,00700.HK-2025-11-19-69,N
2025-11-19T09:35:50,300.958,197,00700.HK-2025-11-19-70,N
2025-11-19T09:35:55,300.957,234,00700.HK-2025-11-19-71,N
2025-11-19T09:36:00,300.992,188,00700.HK-2025-11-19-72,N
2025-11-19T09:36:05,300.996,181,00700.HK-2025-11-19-73,N
2025-11-19T09:36:10,300.907,212,00700.HK-2025-11-19-74,N
2025-11-19T09:36:15,301.021,155,00700.HK-2025-11-19-75,N
2025-11-19T09:36:20,300.974,156,00700.HK-2025-11-19-76,N
2025-11-19T09:36:25,301.018,222,00700.HK-2025-11-19-77,N
2025-11-19T09:36:30,301.008,154,00700.HK-2025-11-19-78,N
2025-11-19T09:36:35,301.014,121,00700.HK-2025-11-19-79,N
2025-11-19T09:36:40,301.023,243,00700.HK-2025-11-19-80,N
2025-11-19T09:36:45,300.947,123,00700.HK-2025-11-19-81,N
2025-11-19T09:36:50,301.042,169,00700.HK-2025-11-19-82,N
2025-11-19T09:36:55,301.111,192,00700.HK-2025-11-19-83,N
2025-11-19T09:37:00,301.101,221,00700.HK-2025-11-19-84,N
2025-11-19T09:37:05,301.048,206,00700.HK-2025-11-19-85,N
2025-11-19T09:37:10,301.025,133,00700.HK-2025-11-19-86,N
2025-11-19T09:37:15,301.045,186,00700.HK-2025-11-19-87,N
2025-11-19T09:37:20,301.036,139,00700.HK-2025-11-19-88,N
2025-11-19T09:37:25,301.132,243,00700.HK-2025-11-19-89,N
2025-11-19T09:37:30,301.19,184,00700.HK-2025-11-19-90,N
2025-11-19T09:37:35,301.085,297,00700.HK-2025-11-19-91,N
2025-11-19T09:37:40,301.082,162,00700.HK-2025-11-19-92,N
2025-11-19T09:37:45,301.107,258,00700.HK-2025-11-19-93,N
2025-11-19T09:37:50,301.105,263,00700.HK-2025-11-19-94,N
2025-11-19T09:37:55,301.171,146,00700.HK-2025-11-19-95,N
2025-11-19T09:38:00,301.13,247,00700.HK-2025-11-19-96,N
2025-11-19T09:38:05,300.967,192,00700.HK-2025-11-19-97,N
2025-11-19T09:38:10,300.881,176,00700.HK-2025-11-19-98,N
2025-11-19T09:38:15,300.863,182,00700.HK-2025-11-19-99,N
2025-11-19T09:38:20,300.829,145,00700.HK-2025-11-19-100,N
2025-11-19T09:38:25,300.967,293,00700.HK-2025-11-19-101,N
2025-11-19T09:38:30,300.897,279,00700.HK-2025-11-19-102,N
2025-11-19T09:38:35,300.873,206,00700.HK-2025-11-19-103,N
2025-11-19T09:38:40,300.869,167,00700.HK-2025-11-19-104,N
2025-11-19T09:38:45,300.929,206,00700.HK-2025-11-19-105,N
2025-11-19T09:38:50,300.9,134,00700.HK-2025-11-19-106,N
2025-11-19T09:38:55,300.846,117,00700.HK-2025-11-19-107,N
2025-11-19T09:39:00,300.847,140,00700.HK-2025-11-19-108,N
2025-11-19T09:39:05,300.831,268,00700.HK-2025-11-19-109,N
2025-11-19T09:39:10,300.903,198,00700.HK-2025-11-19-110,N
2025-11-19T09:39:15,300.898,293,00700.HK-2025-11-19-111,N
2025-11-19T09:39:20,300.929,183,00700.HK-2025-11-19-112,N
2025-11-19T09:39:25,300.843,219,00700.HK-2025-11-19-113,N
2025-11-19T09:39:30,300.893,168,00700.HK-2025-11-19-114,N
2025-11-19T09:39:35,300.911,181,00700.HK-2025-11-19-115,N
2025-11-19T09:39:40,300.9,75,00700.HK-2025-11-19-116,N
2025-11-19T09:39:45,300.886,248,00700.HK-2025-11-19-117,N
2025-11-19T09:39:50,300.848,202,00700.HK-2025-11-19-118,N
2025-11-19T09:39:55,300.803,218,00700.HK-2025-11-19-119,N
2025-11-19T09:40:00,300.79,153,00700.HK-2025-11-19-120,N
2025-11-19T09:40:05,300.87,246,00700.HK-2025-11-19-121,N
2025-11-19T09:40:10,300.834,224,00700.HK-2025-11-19-122,N
2025-11-19T09:40:15,300.866,232,00700.HK-2025-11-19-123,N
2025-11-19T09:40:20,300.764,250,00700.HK-2025-11-19-124,N
2025-11-19T09:40:25,300.73,182,00700.HK-2025-11-19-125,N
2025-11-19T09:40:30,300.888,215,00700.HK-2025-11-19-126,N
2025-11-19T09:40:35,300.865,89,00700.HK-2025-11-19-127,N
2025-11-19T09:40:40,300.949,132,00700.HK-2025-11-19-128,N
2025-11-19T09:40:45,300.888,183,00700.HK-2025-11-19-129,N
2025-11-19T09:40:50,300.974,238,00700.HK-2025-11-19-130,N
2025-11-19T09:40:55,300.964,215,00700.HK-2025-11-19-131,N
2025-11-19T09:41:00,300.928,206,00700.HK-2025-11-19-132,N
2025-11-19T09:41:05,300.932,248,00700.HK-2025-11-19-133,N
2025-11-19T09:41:10,300.991,224,00700.HK-2025-11-19-134,N
2025-11-19T09:41:15,300.969,237,00700.HK-2025-11-19-135,N
2025-11-19T09:41:20,300.963,145,00700.HK-2025-11-19-136,N
2025-11-19T09:41:25,300.939,204,00700.HK-2025-11-19-137,N
2025-11-19T09:41:30,300.994,190,00700.HK-2025-11-19-138,N
2025-11-19T09:41:35,300.921,202,00700.HK-2025-11-19-139,N
2025-11-19T09:41:40,300.928,209,00700.HK-2025-11-19-140,N
2025-11-19T09:41:45,300.983,250,00700.HK-2025-11-19-141,N
2025-11-19T09:41:50,300.947,169,00700.HK-2025-11-19-142,N
2025-11-19T09:41:55,300.885,234,00700.HK-2025-11-19-143,N
2025-11-19T09:42:00,300.972,184,00700.HK-2025-11-19-144,N
2025-11-19T09:42:05,300.957,273,00700.HK-2025-11-19-145,N
2025-11-19T09:42:10,300.988,221,00700.HK-2025-11-19-146,N
2025-11-19T09:42:15,300.916,233,00700.HK-2025-11-19-147,N
2025-11-19T09:42:20,300.86,143,00700.HK-2025-11-19-148,N
2025-11-19T09:42:25,300.839,170,00700.HK-2025-11-19-149,N
2025-11-19T09:42:30,300.826,127,00700.HK-2025-11-19-150,N
2025-11-19T09:42:35,300.884,256,00700.HK-2025-11-19-151,N
2025-11-19T09:42:40,300.767,248,00700.HK-2025-11-19-152,N
2025-11-19T09:42:45,300.718,242,00700.HK-2025-11-19-153,N
2025-11-19T09:42:50,300.714,201,00700.HK-2025-11-19-154,N
2025-11-19T09:42:55,300.703,260,00700.HK-2025-11-19-155,N
2025-11-19T09:43:00,300.628,230,00700.HK-2025-11-19-156,N
2025-11-19T09:43:05,300.694,235,00700.HK-2025-11-19-157,N
2025-11-19T09:43:10,300.834,173,00700.HK-2025-11-19-158,N
2025-11-19T09:43:15,300.892,194,00700.HK-2025-11-19-159,N
2025-11-19T09:43:20,300.966,199,00700.HK-2025-11-19-160,N
2025-11-19T09:43:25,300.943,265,00700.HK-2025-11-19-161,N
2025-11-19T09:43:30,300.913,129,00700.HK-2025-11-19-162,N
2025-11-19T09:43:35,300.882,230,00700.HK-2025-11-19-163,N
2025-11-19T09:43:40,300.966,205,00700.HK-2025-11-19-164,N
2025-11-19T09:43:45,301.045,132,00700.HK-2025-11-19-165,N
2025-11-19T09:43:50,301.018,185,00700.HK-2025-11-19-166,N
2025-11-19T09:43:55,301.011,204,00700.HK-2025-11-19-167,N
2025-11-19T09:44:00,301.053,177,00700.HK-2025-11-19-168,N
2025-11-19T09:44:05,301.061,197,00700.HK-2025-11-19-169,N
2025-11-19T09:44:10,301.006,194,00700.HK-2025-11-19-170,N
2025-11-19T09:44:15,300.997,191,00700.HK-2025-11-19-171,N
2025-11-19T09:44:20,300.999,203,00700.HK-2025-11-19-172,N
2025-11-19T09:44:25,300.973,263,00700.HK-2025-11-19-173,N
2025-11-19T09:44:30,300.902,163,00700.HK-2025-11-19-174,N
2025-11-19T09:44:35,301.07,148,00700.HK-2025-11-19-175,N
2025-11-19T09:44:40,300.988,236,00700.HK-2025-11-19-176,N
2025-11-19T09:44:45,300.863,188,00700.HK-2025-11-19-177,N
2025-11-19T09:44:50,300.992,122,00700.HK-2025-11-19-178,N
2025-11-19T09:44:55,300.873,125,00700.HK-2025-11-19-179,N
2025-11-19T09:45:00,300.927,256,00700.HK-2025-11-19-180,N
2025-11-19T09:45:05,300.896,234,00700.HK-2025-11-19-181,N
2025-11-19T09:45:10,300.98,289,00700.HK-2025-11-19-182,N
2025-11-19T09:45:15,300.965,84,00700.HK-2025-11-19-183,N
2025-11-19T09:45:20,300.916,178,00700.HK-2025-11-19-184,N
2025-11-19T09:45:25,300.9,190,00700.HK-2025-11-19-185,N
2025-11-19T09:45:30,300.967,263,00700.HK-2025-11-19-186,N
2025-11-19T09:45:35,300.957,254,00700.HK-2025-11-19-187,N
2025-11-19T09:45:40,300.979,203,00700.HK-2025-11-19-188,N
2025-11-19T09:45:45,301.033,203,00700.HK-2025-11-19-189,N
2025-11-19T09:45:50,301.157,128,00700.HK-2025-11-19-190,N
2025-11-19T09:45:55,301.126,193,00700.HK-2025-11-19-191,N
2025-11-19T09:46:00,301.152,263,00700.HK-2025-11-19-192,N
2025-11-19T09:46:05,301.151,128,00700.HK-2025-11-19-193,N
2025-11-19T09:46:10,301.202,237,00700.HK-2025-11-19-194,N
2025-11-19T09:46:15,301.085,199,00700.HK-2025-11-19-195,N
2025-11-19T09:46:20,300.989,166,00700.HK-2025-11-19-196,N
2025-11-19T09:46:25,300.935,240,00700.HK-2025-11-19-197,N
2025-11-19T09:46:30,300.942,135,00700.HK-2025-11-19-198,N
2025-11-19T09:46:35,300.995,128,00700.HK-2025-11-19-199,N
2025-11-19T09:46:40,301.015,159,00700.HK-2025-11-19-200,N
2025-11-19T09:46:45,300.993,225,00700.HK-2025-11-19-201,N
2025-11-19T09:46:50,301.024,266,00700.HK-2025-11-19-202,N
2025-11-19T09:46:55,301.019,215,00700.HK-2025-11-19-203,N
2025-11-19T09:47:00,300.993,209,00700.HK-2025-11-19-204,N
2025-11-19T09:47:05,301.019,195,00700.HK-2025-11-19-205,N
2025-11-19T09:47:10,300.91,216,00700.HK-2025-11-19-206,N
2025-11-19T09:47:15,300.932,165,00700.HK-2025-11-19-207,N
2025-11-19T09:47:20,300.855,273,00700.HK-2025-11-19-208,N
2025-11-19T09:47:25,300.885,188,00700.HK-2025-11-19-209,N
2025-11-19T09:47:30,300.816,158,00700.HK-2025-11-19-210,N
2025-11-19T09:47:35,300.895,206,00700.HK-2025-11-19-211,N
2025-11-19T09:47:40,300.862,225,00700.HK-2025-11-19-212,N
2025-11-19T09:47:45,300.813,275,00700.HK-2025-11-19-213,N
2025-11-19T09:47:50,300.894,176,00700.HK-2025-11-19-214,N
2025-11-19T09:47:55,300.856,69,00700.HK-2025-11-19-215,N
2025-11-19T09:48:00,300.767,133,00700.HK-2025-11-19-216,N
2025-11-19T09:48:05,300.775,183,00700.HK-2025-11-19-217,N
2025-11-19T09:48:10,300.694,185,00700.HK-2025-11-19-218,N
2025-11-19T09:48:15,300.725,226,00700.HK-2025-11-19-219,N
2025-11-19T09:48:20,300.61,193,00700.HK-2025-11-19-220,N
2025-11-19T09:48:25,300.527,245,00700.HK-2025-11-19-221,N
2025-11-19T09:48:30,300.574,155,00700.HK-2025-11-19-222,N
2025-11-19T09:48:35,300.528,176,00700.HK-2025-11-19-223,N
2025-11-19T09:48:40,300.393,216,00700.HK-2025-11-19-224,N
2025-11-19T09:48:45,300.376,248,00700.HK-2025-11-19-225,N
2025-11-19T09:48:50,300.31,169,00700.HK-2025-11-19-226,N
2025-11-19T09:48:55,300.22,149,00700.HK-2025-11-19-227,N
2025-11-19T09:49:00,300.149,249,00700.HK-2025-11-19-228,N
2025-11-19T09:49:05,300.107,206,00700.HK-2025-11-19-229,N
2025-11-19T09:49:10,300.084,136,00700.HK-2025-11-19-230,N
2025-11-19T09:49:15,300.074,229,00700.HK-2025-11-19-231,N
2025-11-19T09:49:20,300.002,240,00700.HK-2025-11-19-232,N
2025-11-19T09:49:25,299.951,175,00700.HK-2025-11-19-233,N
2025-11-19T09:49:30,299.982,166,00700.HK-2025-11-19-234,N
2025-11-19T09:49:35,299.985,184,00700.HK-2025-11-19-235,N
2025-11-19T09:49:40,299.992,80,00700.HK-2025-11-19-236,N
2025-11-19T09:49:45,299.883,230,00700.HK-2025-11-19-237,N
2025-11-19T09:49:50,299.945,154,00700.HK-2025-11-19-238,N
2025-11-19T09:49:55,299.93,214,00700.HK-2025-11-19-239,N
2025-11-19T09:50:00,299.972,98,00700.HK-2025-11-19-240,N
2025-11-19T09:50:05,299.919,183,00700.HK-2025-11-19-241,N
2025-11-19T09:50:10,299.961,324,00700.HK-2025-11-19-242,N
2025-11-19T09:50:15,299.947,129,00700.HK-2025-11-19-243,N
2025-11-19T09:50:20,299.971,266,00700.HK-2025-11-19-244,N
2025-11-19T09:50:25,299.978,154,00700.HK-2025-11-19-245,N
2025-11-19T09:50:30,300.035,233,00700.HK-2025-11-19-246,N
2025-11-19T09:50:35,299.974,219,00700.HK-2025-11-19-247,N
2025-11-19T09:50:40,300.033,259,00700.HK-2025-11-19-248,N
2025-11-19T09:50:45,300.03,182,00700.HK-2025-11-19-249,N
2025-11-19T09:50:50,300.103,139,00700.HK-2025-11-19-250,N
2025-11-19T09:50:55,300.129,131,00700.HK-2025-11-19-251,N
2025-11-19T09:51:00,300.193,187,00700.HK-2025-11-19-252,N
2025-11-19T09:51:05,300.27,224,00700.HK-2025-11-19-253,N
2025-11-19T09:51:10,300.196,271,00700.HK-2025-11-19-254,N
2025-11-19T09:51:15,300.289,244,00700.HK-2025-11-19-255,N
2025-11-19T09:51:20,300.244,184,00700.HK-2025-11-19-256,N
2025-11-19T09:51:25,300.252,164,00700.HK-2025-11-19-257,N
2025-11-19T09:51:30,300.354,207,00700.HK-2025-11-19-258,N
2025-11-19T09:51:35,300.191,216,00700.HK-2025-11-19-259,N
2025-11-19T09:51:40,300.171,196,00700.HK-2025-11-19-260,N
2025-11-19T09:51:45,300.148,240,00700.HK-2025-11-19-261,N
2025-11-19T09:51:50,300.216,214,00700.HK-2025-11-19-262,N
2025-11-19T09:51:55,300.195,197,00700.HK-2025-11-19-263,N
2025-11-19T09:52:00,300.196,159,00700.HK-2025-11-19-264,N
2025-11-19T09:52:05,300.231,223,00700.HK-2025-11-19-265,N
2025-11-19T09:52:10,300.324,262,00700.HK-2025-11-19-266,N
2025-11-19T09:52:15,300.283,241,00700.HK-2025-11-19-267,N
2025-11-19T09:52:20,300.225,234,00700.HK-2025-11-19-268,N
2025-11-19T09:52:25,300.194,148,00700.HK-2025-11-19-269,N
2025-11-19T09:52:30,300.211,66,00700.HK-2025-11-19-270,N
2025-11-19T09:52:35,300.106,191,00700.HK-2025-11-19-271,N
2025-11-19T09:52:40,300.111,181,00700.HK-2025-11-19-272,N
2025-11-19T09:52:45,300.016,159,00700.HK-2025-11-19-273,N
2025-11-19T09:52:50,300.04,229,00700.HK-2025-11-19-274,N
2025-11-19T09:52:55,300.039,257,00700.HK-2025-11-19-275,N
2025-11-19T09:53:00,300.063,162,00700.HK-2025-11-19-276,N
2025-11-19T09:53:05,300.046,129,00700.HK-2025-11-19-277,N
2025-11-19T09:53:10,300.039,255,00700.HK-2025-11-19-278,N
2025-11-19T09:53:15,300.08,270,00700.HK-2025-11-19-279,N
2025-11-19T09:53:20,300.062,267,00700.HK-2025-11-19-280,N
2025-11-19T09:53:25,300.051,273,00700.HK-2025-11-19-281,N
2025-11-19T09:53:30,300.049,235,00700.HK-2025-11-19-282,N
2025-11-19T09:53:35,300.138,190,00700.HK-2025-11-19-283,N
2025-11-19T09:53:40,300.151,264,00700.HK-2025-11-19-284,N
2025-11-19T09:53:45,300.143,133,00700.HK-2025-11-19-285,N
2025-11-19T09:53:50,300.272,176,00700.HK-2025-11-19-286,N
2025-11-19T09:53:55,300.281,257,00700.HK-2025-11-19-287,N
2025-11-19T09:54:00,300.245,149,00700.HK-2025-11-19-288,N
2025-11-19T09:54:05,300.26,110,00700.HK-2025-11-19-289,N
2025-11-19T09:54:10,300.243,212,00700.HK-2025-11-19-290,N
2025-11-19T09:54:15,300.226,122,00700.HK-2025-11-19-291,N
2025-11-19T09:54:20,300.322,205,00700.HK-2025-11-19-292,N
2025-11-19T09:54:25,300.408,186,00700.HK-2025-11-19-293,N
2025-11-19T09:54:30,300.355,213,00700.HK-2025-11-19-294,N
2025-11-19T09:54:35,300.342,141,00700.HK-2025-11-19-295,N
2025-11-19T09:54:40,300.43,168,00700.HK-2025-11-19-296,N
2025-11-19T09:54:45,300.32,266,00700.HK-2025-11-19-297,N
2025-11-19T09:54:50,300.29,169,00700.HK-2025-11-19-298,N
2025-11-19T09:54:55,300.184,287,00700.HK-2025-11-19-299,N
2025-11-19T09:55:00,300.106,202,00700.HK-2025-11-19-300,N
2025-11-19T09:55:05,300.161,221,00700.HK-2025-11-19-301,N
2025-11-19T09:55:10,300.157,114,00700.HK-2025-11-19-302,N
2025-11-19T09:55:15,300.109,209,00700.HK-2025-11-19-303,N
2025-11-19T09:55:20,300.061,210,00700.HK-2025-11-19-304,N
2025-11-19T09:55:25,300.102,248,00700.HK-2025-11-19-305,N
2025-11-19T09:55:30,300.029,309,00700.HK-2025-11-19-306,N
2025-11-19T09:55:35,300.075,199,00700.HK-2025-11-19-307,N
2025-11-19T09:55:40,300.14,318,00700.HK-2025-11-19-308,N
2025-11-19T09:55:45,300.054,188,00700.HK-2025-11-19-309,N
2025-11-19T09:55:50,299.911,209,00700.HK-2025-11-19-310,N
2025-11-19T09:55:55,299.933,198,00700.HK-2025-11-19-311,N
2025-11-19T09:56:00,299.894,97,00700.HK-2025-11-19-312,N
2025-11-19T09:56:05,299.916,272,00700.HK-2025-11-19-313,N
2025-11-19T09:56:10,299.881,222,00700.HK-2025-11-19-314,N
2025-11-19T09:56:15,299.787,222,00700.HK-2025-11-19-315,N
2025-11-19T09:56:20,299.763,161,00700.HK-2025-11-19-316,N
2025-11-19T09:56:25,299.718,180,00700.HK-2025-11-19-317,N
2025-11-19T09:56:30,299.74,134,00700.HK-2025-11-19-318,N
2025-11-19T09:56:35,299.717,197,00700.HK-2025-11-19-319,N
2025-11-19T09:56:40,299.651,289,00700.HK-2025-11-19-320,N
2025-11-19T09:56:45,299.6,166,00700.HK-2025-11-19-321,N
2025-11-19T09:56:50,299.541,289,00700.HK-2025-11-19-322,N
2025-11-19T09:56:55,299.574,153,00700.HK-2025-11-19-323,N
2025-11-19T09:57:00,299.64,210,00700.HK-2025-11-19-324,N
2025-11-19T09:57:05,299.656,182,00700.HK-2025-11-19-325,N
2025-11-19T09:57:10,299.611,216,00700.HK-2025-11-19-326,N
2025-11-19T09:57:15,299.578,290,00700.HK-2025-11-19-327,N
2025-11-19T09:57:20,299.502,276,00700.HK-2025-11-19-328,N
2025-11-19T09:57:25,299.496,214,00700.HK-2025-11-19-329,N
2025-11-19T09:57:30,299.545,168,00700.HK-2025-11-19-330,N
2025-11-19T09:57:35,299.597,64,00700.HK-2025-11-19-331,N
2025-11-19T09:57:40,299.554,153,00700.HK-2025-11-19-332,N
2025-11-19T09:57:45,299.479,189,00700.HK-2025-11-19-333,N
2025-11-19T09:57:50,299.502,235,00700.HK-2025-11-19-334,N
2025-11-19T09:57:55,299.517,166,00700.HK-2025-11-19-335,N
2025-11-19T09:58:00,299.539,206,00700.HK-2025-11-19-336,N
2025-11-19T09:58:05,299.595,238,00700.HK-2025-11-19-337,N
2025-11-19T09:58:10,299.597,155,00700.HK-2025-11-19-338,N
2025-11-19T09:58:15,299.557,172,00700.HK-2025-11-19-339,N
2025-11-19T09:58:20,299.538,213,00700.HK-2025-11-19-340,N
2025-11-19T09:58:25,299.581,197,00700.HK-2025-11-19-341,N
2025-11-19T09:58:30,299.582,207,00700.HK-2025-11-19-342,N
2025-11-19T09:58:35,299.551,153,00700.HK-2025-11-19-343,N
2025-11-19T09:58:40,299.446,165,00700.HK-2025-11-19-344,N
2025-11-19T09:58:45,299.475,164,00700.HK-2025-11-19-345,N
2025-11-19T09:58:50,299.46,223,00700.HK-2025-11-19-346,N
2025-11-19T09:58:55,299.492,146,00700.HK-2025-11-19-347,N
2025-11-19T09:59:00,299.551,256,00700.HK-2025-11-19-348,N
2025-11-19T09:59:05,299.484,158,00700.HK-2025-11-19-349,N
2025-11-19T09:59:10,299.555,192,00700.HK-2025-11-19-350,N
2025-11-19T09:59:15,299.422,130,00700.HK-2025-11-19-351,N
2025-11-19T09:59:20,299.407,141,00700.HK-2025-11-19-352,N
2025-11-19T09:59:25,299.382,201,00700.HK-2025-11-19-353,N
2025-11-19T09:59:30,299.47,185,00700.HK-2025-11-19-354,N
2025-11-19T09:59:35,299.534,271,00700.HK-2025-11-19-355,N
2025-11-19T09:59:40,299.62,214,00700.HK-2025-11-19-356,N
2025-11-19T09:59:45,299.502,223,00700.HK-2025-11-19-357,N
2025-11-19T09:59:50,299.565,195,00700.HK-2025-11-19-358,N
2025-11-19T09:59:55,299.67,242,00700.HK-2025-11-19-359,N
2025-11-19T10:00:00,299.704,254,00700.HK-2025-11-19-360,N
2025-11-19T10:00:05,299.724,75,00700.HK-2025-11-19-361,N
2025-11-19T10:00:10,299.694,259,00700.HK-2025-11-19-362,N
2025-11-19T10:00:15,299.645,188,00700.HK-2025-11-19-363,N
2025-11-19T10:00:20,299.583,289,00700.HK-2025-11-19-364,N
2025-11-19T10:00:25,299.683,155,00700.HK-2025-11-19-365,N
2025-11-19T10:00:30,299.692,165,00700.HK-2025-11-19-366,N
2025-11-19T10:00:35,299.729,225,00700.HK-2025-11-19-367,N
2025-11-19T10:00:40,299.778,216,00700.HK-2025-11-19-368,N
2025-11-19T10:00:45,299.954,148,00700.HK-2025-11-19-369,N
2025-11-19T10:00:50,299.851,180,00700.HK-2025-11-19-370,N
2025-11-19T10:00:55,299.757,125,00700.HK-2025-11-19-371,N
2025-11-19T10:01:00,299.697,153,00700.HK-2025-11-19-372,N
2025-11-19T10:01:05,299.64,225,00700.HK-2025-11-19-373,N
2025-11-19T10:01:10,299.61,191,00700.HK-2025-11-19-374,N
2025-11-19T10:01:15,299.663,161,00700.HK-2025-11-19-375,N
2025-11-19T10:01:20,299.647,218,00700.HK-2025-11-19-376,N
2025-11-19T10:01:25,299.531,80,00700.HK-2025-11-19-377,N
2025-11-19T10:01:30,299.552,224,00700.HK-2025-11-19-378,N
2025-11-19T10:01:35,299.675,207,00700.HK-2025-11-19-379,N
2025-11-19T10:01:40,299.724,190,00700.HK-2025-11-19-380,N
2025-11-19T10:01:45,299.742,283,00700.HK-2025-11-19-381,N
2025-11-19T10:01:50,299.615,220,00700.HK-2025-11-19-382,N
2025-11-19T10:01:55,299.743,214,00700.HK-2025-11-19-383,N
2025-11-19T10:02:00,299.842,168,00700.HK-2025-11-19-384,N
2025-11-19T10:02:05,299.84,201,00700.HK-2025-11-19-385,N
2025-11-19T10:02:10,299.707,141,00700.HK-2025-11-19-386,N
2025-11-19T10:02:15,299.641,241,00700.HK-2025-11-19-387,N
2025-11-19T10:02:20,299.693,216,00700.HK-2025-11-19-388,N
2025-11-19T10:02:25,299.743,191,00700.HK-2025-11-19-389,N
2025-11-19T10:02:30,299.815,200,00700.HK-2025-11-19-390,N
2025-11-19T10:02:35,299.818,186,00700.HK-2025-11-19-391,N
2025-11-19T10:02:40,299.859,178,00700.HK-2025-11-19-392,N
2025-11-19T10:02:45,299.918,143,00700.HK-2025-11-19-393,N
2025-11-19T10:02:50,299.852,234,00700.HK-2025-11-19-394,N
2025-11-19T10:02:55,299.847,177,00700.HK-2025-11-19-395,N
2025-11-19T10:03:00,299.9,169,00700.HK-2025-11-19-396,N
2025-11-19T10:03:05,299.888,269,00700.HK-2025-11-19-397,N
2025-11-19T10:03:10,299.98,278,00700.HK-2025-11-19-398,N
2025-11-19T10:03:15,299.964,261,00700.HK-2025-11-19-399,N
2025-11-19T10:03:20,299.907,154,00700.HK-2025-11-19-400,N
2025-11-19T10:03:25,299.766,283,00700.HK-2025-11-19-401,N
2025-11-19T10:03:30,299.714,193,00700.HK-2025-11-19-402,N
2025-11-19T10:03:35,299.659,234,00700.HK-2025-11-19-403,N
2025-11-19T10:03:40,299.637,134,00700.HK-2025-11-19-404,N
2025-11-19T10:03:45,299.663,128,00700.HK-2025-11-19-405,N
2025-11-19T10:03:50,299.613,94,00700.HK-2025-11-19-406,N
2025-11-19T10:03:55,299.528,208,00700.HK-2025-11-19-407,N
2025-11-19T10:04:00,299.41,125,00700.HK-2025-11-19-408,N
2025-11-19T10:04:05,299.41,172,00700.HK-2025-11-19-409,N
2025-11-19T10:04:10,299.529,291,00700.HK-2025-11-19-410,N
2025-11-19T10:04:15,299.477,227,00700.HK-2025-11-19-411,N
2025-11-19T10:04:20,299.522,170,00700.HK-2025-11-19-412,N
2025-11-19T10:04:25,299.432,199,00700.HK-2025-11-19-413,N
2025-11-19T10:04:30,299.422,178,00700.HK-2025-11-19-414,N
2025-11-19T10:04:35,299.449,162,00700.HK-2025-11-19-415,N
2025-11-19T10:04:40,299.38,205,00700.HK-2025-11-19-416,N
2025-11-19T10:04:45,299.403,141,00700.HK-2025-11-19-417,N
2025-11-19T10:04:50,299.458,111,00700.HK-2025-11-19-418,N
2025-11-19T10:04:55,299.424,187,00700.HK-2025-11-19-419,N
2025-11-19T10:05:00,299.386,171,00700.HK-2025-11-19-420,N
2025-11-19T10:05:05,299.498,157,00700.HK-2025-11-19-421,N
2025-11-19T10:05:10,299.644,221,00700.HK-2025-11-19-422,N
2025-11-19T10:05:15,299.649,223,00700.HK-2025-11-19-423,N
2025-11-19T10:05:20,299.801,150,00700.HK-2025-11-19-424,N
2025-11-19T10:05:25,299.734,162,00700.HK-2025-11-19-425,N
2025-11-19T10:05:30,299.736,113,00700.HK-2025-11-19-426,N
2025-11-19T10:05:35,299.737,284,00700.HK-2025-11-19-427,N
2025-11-19T10:05:40,299.746,185,00700.HK-2025-11-19-428,N
2025-11-19T10:05:45,299.709,244,00700.HK-2025-11-19-429,N
2025-11-19T10:05:50,299.66,292,00700.HK-2025-11-19-430,N
2025-11-19T10:05:55,299.775,212,00700.HK-2025-11-19-431,N
2025-11-19T10:06:00,299.775,251,00700.HK-2025-11-19-432,N
2025-11-19T10:06:05,299.84,159,00700.HK-2025-11-19-433,N
2025-11-19T10:06:10,299.809,133,00700.HK-2025-11-19-434,N
2025-11-19T10:06:15,299.833,233,00700.HK-2025-11-19-435,N
2025-11-19T10:06:20,299.752,177,00700.HK-2025-11-19-436,N
2025-11-19T10:06:25,299.672,155,00700.HK-2025-11-19-437,N
2025-11-19T10:06:30,299.705,163,00700.HK-2025-11-19-438,N
2025-11-19T10:06:35,299.687,118,00700.HK-2025-11-19-439,N
2025-11-19T10:06:40,299.698,197,00700.HK-2025-11-19-440,N
2025-11-19T10:06:45,299.654,190,00700.HK-2025-11-19-441,N
2025-11-19T10:06:50,299.665,159,00700.HK-2025-11-19-442,N
2025-11-19T10:06:55,299.576,290,00700.HK-2025-11-19-443,N
2025-11-19T10:07:00,299.538,195,00700.HK-2025-11-19-444,N
2025-11-19T10:07:05,299.599,376,00700.HK-2025-11-19-445,N
2025-11-19T10:07:10,299.524,222,00700.HK-2025-11-19-446,N
2025-11-19T10:07:15,299.482,173,00700.HK-2025-11-19-447,N
2025-11-19T10:07:20,299.439,143,00700.HK-2025-11-19-448,N
2025-11-19T10:07:25,299.436,126,00700.HK-2025-11-19-449,N
2025-11-19T10:07:30,299.493,202,00700.HK-2025-11-19-450,N
2025-11-19T10:07:35,299.518,176,00700.HK-2025-11-19-451,N
2025-11-19T10:07:40,299.496,214,00700.HK-2025-11-19-452,N
2025-11-19T10:07:45,299.427,182,00700.HK-2025-11-19-453,N
2025-11-19T10:07:50,299.375,155,00700.HK-2025-11-19-454,N
2025-11-19T10:07:55,299.249,266,00700.HK-2025-11-19-455,N
2025-11-19T10:08:00,299.208,258,00700.HK-2025-11-19-456,N
2025-11-19T10:08:05,299.272,135,00700.HK-2025-11-19-457,N
2025-11-19T10:08:10,299.207,328,00700.HK-2025-11-19-458,N
2025-11-19T10:08:15,299.311,198,00700.HK-2025-11-19-459,N
2025-11-19T10:08:20,299.327,168,00700.HK-2025-11-19-460,N
2025-11-19T10:08:25,299.353,164,00700.HK-2025-11-19-461,N
2025-11-19T10:08:30,299.231,133,00700.HK-2025-11-19-462,N
2025-11-19T10:08:35,299.232,143,00700.HK-2025-11-19-463,N
2025-11-19T10:08:40,299.228,146,00700.HK-2025-11-19-464,N
2025-11-19T10:08:45,299.181,242,00700.HK-2025-11-19-465,N
2025-11-19T10:08:50,299.196,199,00700.HK-2025-11-19-466,N
2025-11-19T10:08:55,299.249,224,00700.HK-2025-11-19-467,N
2025-11-19T10:09:00,299.335,177,00700.HK-2025-11-19-468,N
2025-11-19T10:09:05,299.31,134,00700.HK-2025-11-19-469,N
2025-11-19T10:09:10,299.284,248,00700.HK-2025-11-19-470,N
2025-11-19T10:09:15,299.362,248,00700.HK-2025-11-19-471,N
2025-11-19T10:09:20,299.254,254,00700.HK-2025-11-19-472,N
2025-11-19T10:09:25,299.144,244,00700.HK-2025-11-19-473,N
2025-11-19T10:09:30,299.122,235,00700.HK-2025-11-19-474,N
2025-11-19T10:09:35,299.043,258,00700.HK-2025-11-19-475,N
2025-11-19T10:09:40,298.955,166,00700.HK-2025-11-19-476,N
2025-11-19T10:09:45,298.895,112,00700.HK-2025-11-19-477,N
2025-11-19T10:09:50,298.901,290,00700.HK-2025-11-19-478,N
2025-11-19T10:09:55,299.06,204,00700.HK-2025-11-19-479,N
2025-11-19T10:10:00,299.127,211,00700.HK-2025-11-19-480,N
2025-11-19T10:10:05,299.157,182,00700.HK-2025-11-19-481,N
2025-11-19T10:10:10,299.169,226,00700.HK-2025-11-19-482,N
2025-11-19T10:10:15,299.134,196,00700.HK-2025-11-19-483,N
2025-11-19T10:10:20,299.131,241,00700.HK-2025-11-19-484,N
2025-11-19T10:10:25,299.067,197,00700.HK-2025-11-19-485,N
2025-11-19T10:10:30,299.181,258,00700.HK-2025-11-19-486,N
2025-11-19T10:10:35,299.262,201,00700.HK-2025-11-19-487,N
2025-11-19T10:10:40,299.281,250,00700.HK-2025-11-19-488,N
2025-11-19T10:10:45,299.375,102,00700.HK-2025-11-19-489,N
2025-11-19T10:10:50,299.296,265,00700.HK-2025-11-19-490,N
2025-11-19T10:10:55,299.279,166,00700.HK-2025-11-19-491,N
2025-11-19T10:11:00,299.204,172,00700.HK-2025-11-19-492,N
2025-11-19T10:11:05,299.12,304,00700.HK-2025-11-19-493,N
2025-11-19T10:11:10,299.119,197,00700.HK-2025-11-19-494,N
2025-11-19T10:11:15,299.154,248,00700.HK-2025-11-19-495,N
2025-11-19T10:11:20,299.211,253,00700.HK-2025-11-19-496,N
2025-11-19T10:11:25,299.173,185,00700.HK-2025-11-19-497,N
2025-11-19T10:11:30,299.219,173,00700.HK-2025-11-19-498,N
2025-11-19T10:11:35,299.219,219,00700.HK-2025-11-19-499,N
2025-11-19T10:11:40,299.266,111,00700.HK-2025-11-19-500,N
2025-11-19T10:11:45,299.308,188,00700.HK-2025-11-19-501,N
2025-11-19T10:11:50,299.351,238,00700.HK-2025-11-19-502,N
2025-11-19T10:11:55,299.447,267,00700.HK-2025-11-19-503,N
2025-11-19T10:12:00,299.528,272,00700.HK-2025-11-19-504,N
2025-11-19T10:12:05,299.545,201,00700.HK-2025-11-19-505,N
2025-11-19T10:12:10,299.597,236,00700.HK-2025-11-19-506,N
2025-11-19T10:12:15,299.579,220,00700.HK-2025-11-19-507,N
2025-11-19T10:12:20,299.577,157,00700.HK-2025-11-19-508,N
2025-11-19T10:12:25,299.654,202,00700.HK-2025-11-19-509,N
2025-11-19T10:12:30,299.777,118,00700.HK-2025-11-19-510,N
2025-11-19T10:12:35,299.744,201,00700.HK-2025-11-19-511,N
2025-11-19T10:12:40,299.812,219,00700.HK-2025-11-19-512,N
2025-11-19T10:12:45,299.83,143,00700.HK-2025-11-19-513,N
2025-11-19T10:12:50,299.761,216,00700.HK-2025-11-19-514,N
2025-11-19T10:12:55,299.679,173,00700.HK-2025-11-19-515,N
2025-11-19T10:13:00,299.709,150,00700.HK-2025-11-19-516,N
2025-11-19T10:13:05,299.805,261,00700.HK-2025-11-19-517,N
2025-11-19T10:13:10,299.711,153,00700.HK-2025-11-19-518,N
2025-11-19T10:13:15,299.574,160,00700.HK-2025-11-19-519,N
2025-11-19T10:13:20,299.62,179,00700.HK-2025-11-19-520,N
2025-11-19T10:13:25,299.648,123,00700.HK-2025-11-19-521,N
2025-11-19T10:13:30,299.696,172,00700.HK-2025-11-19-522,N
2025-11-19T10:13:35,299.696,195,00700.HK-2025-11-19-523,N
2025-11-19T10:13:40,299.62,142,00700.HK-2025-11-19-524,N
2025-11-19T10:13:45,299.678,219,00700.HK-2025-11-19-525,N
2025-11-19T10:13:50,299.741,216,00700.HK-2025-11-19-526,N
2025-11-19T10:13:55,299.75,113,00700.HK-2025-11-19-527,N
2025-11-19T10:14:00,299.733,198,00700.HK-2025-11-19-528,N
2025-11-19T10:14:05,299.85,234,00700.HK-2025-11-19-529,N
2025-11-19T10:14:10,299.943,229,00700.HK-2025-11-19-530,N
2025-11-19T10:14:15,299.9,205,00700.HK-2025-11-19-531,N
2025-11-19T10:14:20,299.914,153,00700.HK-2025-11-19-532,N
2025-11-19T10:14:25,299.891,189,00700.HK-2025-11-19-533,N
2025-11-19T10:14:30,299.987,95,00700.HK-2025-11-19-534,N
2025-11-19T10:14:35,300.06,153,00700.HK-2025-11-19-535,N
2025-11-19T10:14:40,299.977,258,00700.HK-2025-11-19-536,N
2025-11-19T10:14:45,300.021,262,00700.HK-2025-11-19-537,N
2025-11-19T10:14:50,300.069,302,00700.HK-2025-11-19-538,N
2025-11-19T10:14:55,300.103,192,00700.HK-2025-11-19-539,N
2025-11-19T10:15:00,300.123,262,00700.HK-2025-11-19-540,N
2025-11-19T10:15:05,300.077,167,00700.HK-2025-11-19-541,N
2025-11-19T10:15:10,300.058,94,00700.HK-2025-11-19-542,N
2025-11-19T10:15:15,300.066,105,00700.HK-2025-11-19-543,N
2025-11-19T10:15:20,300.07,243,00700.HK-2025-11-19-544,N
2025-11-19T10:15:25,300.041,283,00700.HK-2025-11-19-545,N
2025-11-19T10:15:30,299.953,259,00700.HK-2025-11-19-546,N
2025-11-19T10:15:35,299.994,114,00700.HK-2025-11-19-547,N
2025-11-19T10:15:40,300.156,196,00700.HK-2025-11-19-548,N
2025-11-19T10:15:45,300.104,129,00700.HK-2025-11-19-549,N
2025-11-19T10:15:50,300.091,193,00700.HK-2025-11-19-550,N
2025-11-19T10:15:55,300.097,185,00700.HK-2025-11-19-551,N
2025-11-19T10:16:00,300.135,180,00700.HK-2025-11-19-552,N
2025-11-19T10:16:05,300.019,192,00700.HK-2025-11-19-553,N
2025-11-19T10:16:10,299.876,217,00700.HK-2025-11-19-554,N
2025-11-19T10:16:15,299.818,208,00700.HK-2025-11-19-555,N
2025-11-19T10:16:20,299.897,152,00700.HK-2025-11-19-556,N
2025-11-19T10:16:25,299.96,178,00700.HK-2025-11-19-557,N
2025-11-19T10:16:30,300.065,181,00700.HK-2025-11-19-558,N
2025-11-19T10:16:35,300.015,234,00700.HK-2025-11-19-559,N
2025-11-19T10:16:40,299.989,157,00700.HK-2025-11-19-560,N
2025-11-19T10:16:45,299.96,197,00700.HK-2025-11-19-561,N
2025-11-19T10:16:50,300.041,103,00700.HK-2025-11-19-562,N
2025-11-19T10:16:55,300.042,231,00700.HK-2025-11-19-563,N
2025-11-19T10:17:00,300.054,265,00700.HK-2025-11-19-564,N
2025-11-19T10:17:05,300.049,190,00700.HK-2025-11-19-565,N
2025-11-19T10:17:10,300.085,204,00700.HK-2025-11-19-566,N
2025-11-19T10:17:15,300.061,225,00700.HK-2025-11-19-567,N
2025-11-19T10:17:20,300.022,169,00700.HK-2025-11-19-568,N
2025-11-19T10:17:25,299.99,267,00700.HK-2025-11-19-569,N
2025-11-19T10:17:30,299.797,219,00700.HK-2025-11-19-570,N
2025-11-19T10:17:35,299.799,115,00700.HK-2025-11-19-571,N
2025-11-19T10:17:40,299.818,223,00700.HK-2025-11-19-572,N
2025-11-19T10:17:45,299.853,67,00700.HK-2025-11-19-573,N
2025-11-19T10:17:50,299.935,163,00700.HK-2025-11-19-574,N
2025-11-19T10:17:55,299.976,237,00700.HK-2025-11-19-575,N
2025-11-19T10:18:00,299.924,233,00700.HK-2025-11-19-576,N
2025-11-19T10:18:05,299.901,96,00700.HK-2025-11-19-577,N
2025-11-19T10:18:10,299.971,161,00700.HK-2025-11-19-578,N
2025-11-19T10:18:15,299.919,179,00700.HK-2025-11-19-579,N
2025-11-19T10:18:20,299.936,197,00700.HK-2025-11-19-580,N
2025-11-19T10:18:25,299.969,133,00700.HK-2025-11-19-581,N
2025-11-19T10:18:30,299.924,194,00700.HK-2025-11-19-582,N
2025-11-19T10:18:35,300.038,194,00700.HK-2025-11-19-583,N
2025-11-19T10:18:40,300.103,201,00700.HK-2025-11-19-584,N
2025-11-19T10:18:45,300.074,187,00700.HK-2025-11-19-585,N
2025-11-19T10:18:50,300.064,230,00700.HK-2025-11-19-586,N
2025-11-19T10:18:55,300.146,217,00700.HK-2025-11-19-587,N
2025-11-19T10:19:00,300.218,151,00700.HK-2025-11-19-588,N
2025-11-19T10:19:05,300.193,163,00700.HK-2025-11-19-589,N
2025-11-19T10:19:10,300.212,182,00700.HK-2025-11-19-590,N
2025-11-19T10:19:15,300.255,153,00700.HK-2025-11-19-591,N
2025-11-19T10:19:20,300.258,234,00700.HK-2025-11-19-592,N
2025-11-19T10:19:25,300.134,306,00700.HK-2025-11-19-593,N
2025-11-19T10:19:30,300.117,98,00700.HK-2025-11-19-594,N
2025-11-19T10:19:35,300.126,201,00700.HK-2025-11-19-595,N
2025-11-19T10:19:40,300.122,249,00700.HK-2025-11-19-596,N
2025-11-19T10:19:45,300.166,214,00700.HK-2025-11-19-597,N
2025-11-19T10:19:50,300.193,194,00700.HK-2025-11-19-598,N
2025-11-19T10:19:55,300.3,126,00700.HK-2025-11-19-599,N
2025-11-19T10:20:00,300.308,203,00700.HK-2025-11-19-600,N
2025-11-19T10:20:05,300.357,157,00700.HK-2025-11-19-601,N
2025-11-19T10:20:10,300.253,207,00700.HK-2025-11-19-602,N
2025-11-19T10:20:15,300.269,274,00700.HK-2025-11-19-603,N
2025-11-19T10:20:20,300.193,257,00700.HK-2025-11-19-604,N
2025-11-19T10:20:25,300.335,181,00700.HK-2025-11-19-605,N
2025-11-19T10:20:30,300.258,179,00700.HK-2025-11-19-606,N
2025-11-19T10:20:35,300.259,228,00700.HK-2025-11-19-607,N
2025-11-19T10:20:40,300.223,277,00700.HK-2025-11-19-608,N
2025-11-19T10:20:45,300.156,113,00700.HK-2025-11-19-609,N
2025-11-19T10:20:50,300.223,86,00700.HK-2025-11-19-610,N
2025-11-19T10:20:55,300.21,355,00700.HK-2025-11-19-611,N
2025-11-19T10:21:00,300.21,143,00700.HK-2025-11-19-612,N
2025-11-19T10:21:05,300.206,197,00700.HK-2025-11-19-613,N
2025-11-19T10:21:10,300.216,233,00700.HK-2025-11-19-614,N
2025-11-19T10:21:15,300.153,284,00700.HK-2025-11-19-615,N
2025-11-19T10:21:20,300.168,236,00700.HK-2025-11-19-616,N
2025-11-19T10:21:25,300.13,264,00700.HK-2025-11-19-617,N
2025-11-19T10:21:30,300.115,213,00700.HK-2025-11-19-618,N
2025-11-19T10:21:35,300.059,150,00700.HK-2025-11-19-619,N
2025-11-19T10:21:40,300.1,177,00700.HK-2025-11-19-620,N
2025-11-19T10:21:45,300.049,167,00700.HK-2025-11-19-621,N
2025-11-19T10:21:50,300.091,168,00700.HK-2025-11-19-622,N
2025-11-19T10:21:55,300.084,200,00700.HK-2025-11-19-623,N
2025-11-19T10:22:00,299.969,126,00700.HK-2025-11-19-624,N
2025-11-19T10:22:05,299.989,163,00700.HK-2025-11-19-625,N
2025-11-19T10:22:10,300.052,248,00700.HK-2025-11-19-626,N
2025-11-19T10:22:15,300.096,290,00700.HK-2025-11-19-627,N
2025-11-19T10:22:20,300.091,232,00700.HK-2025-11-19-628,N
2025-11-19T10:22:25,300.055,322,00700.HK-2025-11-19-629,N
2025-11-19T10:22:30,300.175,200,00700.HK-2025-11-19-630,N
2025-11-19T10:22:35,300.198,267,00700.HK-2025-11-19-631,N
2025-11-19T10:22:40,300.189,167,00700.HK-2025-11-19-632,N
2025-11-19T10:22:45,300.241,203,00700.HK-2025-11-19-633,N
2025-11-19T10:22:50,300.252,158,00700.HK-2025-11-19-634,N
2025-11-19T10:22:55,300.149,211,00700.HK-2025-11-19-635,N
2025-11-19T10:23:00,300.204,188,00700.HK-2025-11-19-636,N
2025-11-19T10:23:05,300.29,164,00700.HK-2025-11-19-637,N
2025-11-19T10:23:10,300.226,196,00700.HK-2025-11-19-638,N
2025-11-19T10:23:15,300.221,238,00700.HK-2025-11-19-639,N
2025-11-19T10:23:20,300.175,268,00700.HK-2025-11-19-640,N
2025-11-19T10:23:25,300.293,198,00700.HK-2025-11-19-641,N
2025-11-19T10:23:30,300.368,147,00700.HK-2025-11-19-642,N
2025-11-19T10:23:35,300.433,252,00700.HK-2025-11-19-643,N
2025-11-19T10:23:40,300.485,199,00700.HK-2025-11-19-644,N
2025-11-19T10:23:45,300.307,167,00700.HK-2025-11-19-645,N
2025-11-19T10:23:50,300.269,151,00700.HK-2025-11-19-646,N
2025-11-19T10:23:55,300.277,179,00700.HK-2025-11-19-647,N
2025-11-19T10:24:00,300.227,147,00700.HK-2025-11-19-648,N
2025-11-19T10:24:05,300.184,256,00700.HK-2025-11-19-649,N
2025-11-19T10:24:10,300.145,174,00700.HK-2025-11-19-650,N
2025-11-19T10:24:15,300.117,216,00700.HK-2025-11-19-651,N
2025-11-19T10:24:20,300.145,47,00700.HK-2025-11-19-652,N
2025-11-19T10:24:25,300.206,271,00700.HK-2025-11-19-653,N
2025-11-19T10:24:30,300.143,151,00700.HK-2025-11-19-654,N
2025-11-19T10:24:35,300.116,162,00700.HK-2025-11-19-655,N
2025-11-19T10:24:40,300.129,102,00700.HK-2025-11-19-656,N
2025-11-19T10:24:45,300.062,276,00700.HK-2025-11-19-657,N
2025-11-19T10:24:50,300.006,262,00700.HK-2025-11-19-658,N
2025-11-19T10:24:55,300.028,109,00700.HK-2025-11-19-659,N
2025-11-19T10:25:00,300.066,194,00700.HK-2025-11-19-660,N
2025-11-19T10:25:05,300.039,212,00700.HK-2025-11-19-661,N
2025-11-19T10:25:10,300.067,235,00700.HK-2025-11-19-662,N
2025-11-19T10:25:15,300.138,220,00700.HK-2025-11-19-663,N
2025-11-19T10:25:20,300.055,176,00700.HK-2025-11-19-664,N
2025-11-19T10:25:25,300.232,236,00700.HK-2025-11-19-665,N
2025-11-19T10:25:30,300.374,269,00700.HK-2025-11-19-666,N
2025-11-19T10:25:35,300.389,215,00700.HK-2025-11-19-667,N
2025-11-19T10:25:40,300.386,113,00700.HK-2025-11-19-668,N
2025-11-19T10:25:45,300.387,260,00700.HK-2025-11-19-669,N
2025-11-19T10:25:50,300.351,220,00700.HK-2025-11-19-670,N
2025-11-19T10:25:55,300.403,154,00700.HK-2025-11-19-671,N
2025-11-19T10:26:00,300.375,149,00700.HK-2025-11-19-672,N
2025-11-19T10:26:05,300.326,135,00700.HK-2025-11-19-673,N
2025-11-19T10:26:10,300.272,270,00700.HK-2025-11-19-674,N
2025-11-19T10:26:15,300.217,206,00700.HK-2025-11-19-675,N
2025-11-19T10:26:20,300.187,258,00700.HK-2025-11-19-676,N
2025-11-19T10:26:25,300.266,243,00700.HK-2025-11-19-677,N
2025-11-19T10:26:30,300.284,188,00700.HK-2025-11-19-678,N
2025-11-19T10:26:35,300.212,297,00700.HK-2025-11-19-679,N
2025-11-19T10:26:40,300.167,233,00700.HK-2025-11-19-680,N
2025-11-19T10:26:45,300.23,172,00700.HK-2025-11-19-681,N
2025-11-19T10:26:50,300.293,238,00700.HK-2025-11-19-682,N
2025-11-19T10:26:55,300.396,176,00700.HK-2025-11-19-683,N
2025-11-19T10:27:00,300.319,174,00700.HK-2025-11-19-684,N
2025-11-19T10:27:05,300.332,202,00700.HK-2025-11-19-685,N
2025-11-19T10:27:10,300.308,104,00700.HK-2025-11-19-686,N
2025-11-19T10:27:15,300.336,298,00700.HK-2025-11-19-687,N
2025-11-19T10:27:20,300.364,230,00700.HK-2025-11-19-688,N
2025-11-19T10:27:25,300.399,219,00700.HK-2025-11-19-689,N
2025-11-19T10:27:30,300.455,219,00700.HK-2025-11-19-690,N
2025-11-19T10:27:35,300.436,160,00700.HK-2025-11-19-691,N
2025-11-19T10:27:40,300.421,215,00700.HK-2025-11-19-692,N
2025-11-19T10:27:45,300.402,215,00700.HK-2025-11-19-693,N
2025-11-19T10:27:50,300.428,241,00700.HK-2025-11-19-694,N
2025-11-19T10:27:55,300.505,203,00700.HK-2025-11-19-695,N
2025-11-19T10:28:00,300.427,182,00700.HK-2025-11-19-696,N
2025-11-19T10:28:05,300.429,108,00700.HK-2025-11-19-697,N
2025-11-19T10:28:10,300.513,207,00700.HK-2025-11-19-698,N
2025-11-19T10:28:15,300.536,268,00700.HK-2025-11-19-699,N
2025-11-19T10:28:20,300.498,228,00700.HK-2025-11-19-700,N
2025-11-19T10:28:25,300.491,190,00700.HK-2025-11-19-701,N
2025-11-19T10:28:30,300.445,283,00700.HK-2025-11-19-702,N
2025-11-19T10:28:35,300.422,234,00700.HK-2025-11-19-703,N
2025-11-19T10:28:40,300.31,258,00700.HK-2025-11-19-704,N
2025-11-19T10:28:45,300.373,204,00700.HK-2025-11-19-705,N
2025-11-19T10:28:50,300.359,220,00700.HK-2025-11-19-706,N
2025-11-19T10:28:55,300.497,111,00700.HK-2025-11-19-707,N
2025-11-19T10:29:00,300.544,154,00700.HK-2025-11-19-708,N
2025-11-19T10:29:05,300.542,187,00700.HK-2025-11-19-709,N
2025-11-19T10:29:10,300.517,199,00700.HK-2025-11-19-710,N
2025-11-19T10:29:15,300.449,251,00700.HK-2025-11-19-711,N
2025-11-19T10:29:20,300.341,226,00700.HK-2025-11-19-712,N
2025-11-19T10:29:25,300.321,141,00700.HK-2025-11-19-713,N
2025-11-19T10:29:30,300.333,122,00700.HK-2025-11-19-714,N
2025-11-19T10:29:35,300.336,128,00700.HK-2025-11-19-715,N
2025-11-19T10:29:40,300.363,153,00700.HK-2025-11-19-716,N
2025-11-19T10:29:45,300.336,214,00700.HK-2025-11-19-717,N
2025-11-19T10:29:50,300.29,197,00700.HK-2025-11-19-718,N
2025-11-19T10:29:55,300.199,231,00700.HK-2025-11-19-719,N
2025-11-19T10:30:00,300.305,339,00700.HK-2025-11-19-720,N
2025-11-19T10:30:05,300.31,239,00700.HK-2025-11-19-721,N
2025-11-19T10:30:10,300.203,275,00700.HK-2025-11-19-722,N
2025-11-19T10:30:15,300.25,175,00700.HK-2025-11-19-723,N
2025-11-19T10:30:20,300.324,187,00700.HK-2025-11-19-724,N
2025-11-19T10:30:25,300.297,223,00700.HK-2025-11-19-725,N
2025-11-19T10:30:30,300.233,251,00700.HK-2025-11-19-726,N
2025-11-19T10:30:35,300.17,147,00700.HK-2025-11-19-727,N
2025-11-19T10:30:40,300.115,237,00700.HK-2025-11-19-728,N
2025-11-19T10:30:45,300.078,132,00700.HK-2025-11-19-729,N
2025-11-19T10:30:50,300.042,198,00700.HK-2025-11-19-730,N
2025-11-19T10:30:55,299.971,142,00700.HK-2025-11-19-731,N
2025-11-19T10:31:00,300.097,156,00700.HK-2025-11-19-732,N
2025-11-19T10:31:05,300.078,181,00700.HK-2025-11-19-733,N
2025-11-19T10:31:10,300.053,231,00700.HK-2025-11-19-734,N
2025-11-19T10:31:15,300.11,184,00700.HK-2025-11-19-735,N
2025-11-19T10:31:20,300.035,263,00700.HK-2025-11-19-736,N
2025-11-19T10:31:25,300.03,286,00700.HK-2025-11-19-737,N
2025-11-19T10:31:30,299.895,209,00700.HK-2025-11-19-738,N
2025-11-19T10:31:35,300.01,182,00700.HK-2025-11-19-739,N
2025-11-19T10:31:40,299.996,214,00700.HK-2025-11-19-740,N
2025-11-19T10:31:45,299.963,184,00700.HK-2025-11-19-741,N
2025-11-19T10:31:50,299.943,168,00700.HK-2025-11-19-742,N
2025-11-19T10:31:55,300.016,223,00700.HK-2025-11-19-743,N
2025-11-19T10:32:00,300.031,240,00700.HK-2025-11-19-744,N
2025-11-19T10:32:05,300.016,161,00700.HK-2025-11-19-745,N
2025-11-19T10:32:10,299.979,200,00700.HK-2025-11-19-746,N
2025-11-19T10:32:15,299.916,174,00700.HK-2025-11-19-747,N
2025-11-19T10:32:20,299.885,306,00700.HK-2025-11-19-748,N
2025-11-19T10:32:25,299.719,191,00700.HK-2025-11-19-749,N
2025-11-19T10:32:30,299.822,206,00700.HK-2025-11-19-750,N
2025-11-19T10:32:35,299.867,204,00700.HK-2025-11-19-751,N
2025-11-19T10:32:40,299.827,87,00700.HK-2025-11-19-752,N
2025-11-19T10:32:45,299.839,161,00700.HK-2025-11-19-753,N
2025-11-19T10:32:50,299.791,175,00700.HK-2025-11-19-754,N
2025-11-19T10:32:55,299.896,320,00700.HK-2025-11-19-755,N
2025-11-19T10:33:00,299.909,176,00700.HK-2025-11-19-756,N
2025-11-19T10:33:05,299.839,223,00700.HK-2025-11-19-757,N
2025-11-19T10:33:10,299.945,187,00700.HK-2025-11-19-758,N
2025-11-19T10:33:15,299.803,233,00700.HK-2025-11-19-759,N
2025-11-19T10:33:20,299.862,120,00700.HK-2025-11-19-760,N
2025-11-19T10:33:25,299.872,222,00700.HK-2025-11-19-761,N
2025-11-19T10:33:30,299.868,160,00700.HK-2025-11-19-762,N
2025-11-19T10:33:35,299.929,179,00700.HK-2025-11-19-763,N
2025-11-19T10:33:40,299.84,97,00700.HK-2025-11-19-764,N
2025-11-19T10:33:45,299.915,230,00700.HK-2025-11-19-765,N
2025-11-19T10:33:50,299.921,177,00700.HK-2025-11-19-766,N
2025-11-19T10:33:55,299.889,146,00700.HK-2025-11-19-767,N
2025-11-19T10:34:00,299.863,93,00700.HK-2025-11-19-768,N
2025-11-19T10:34:05,299.819,184,00700.HK-2025-11-19-769,N
2025-11-19T10:34:10,299.856,198,00700.HK-2025-11-19-770,N
2025-11-19T10:34:15,299.903,267,00700.HK-2025-11-19-771,N
2025-11-19T10:34:20,299.967,223,00700.HK-2025-11-19-772,N
2025-11-19T10:34:25,299.967,150,00700.HK-2025-11-19-773,N
2025-11-19T10:34:30,300.012,283,00700.HK-2025-11-19-774,N
2025-11-19T10:34:35,300.032,295,00700.HK-2025-11-19-775,N
2025-11-19T10:34:40,299.941,142,00700.HK-2025-11-19-776,N
2025-11-19T10:34:45,299.992,213,00700.HK-2025-11-19-777,N
2025-11-19T10:34:50,300.071,199,00700.HK-2025-11-19-778,N
2025-11-19T10:34:55,300.019,189,00700.HK-2025-11-19-779,N
2025-11-19T10:35:00,299.927,143,00700.HK-2025-11-19-780,N
2025-11-19T10:35:05,299.985,243,00700.HK-2025-11-19-781,N
2025-11-19T10:35:10,300.007,113,00700.HK-2025-11-19-782,N
2025-11-19T10:35:15,299.985,138,00700.HK-2025-11-19-783,N
2025-11-19T10:35:20,300.056,170,00700.HK-2025-11-19-784,N
2025-11-19T10:35:25,299.991,201,00700.HK-2025-11-19-785,N
2025-11-19T10:35:30,299.952,274,00700.HK-2025-11-19-786,N
2025-11-19T10:35:35,299.908,130,00700.HK-2025-11-19-787,N
2025-11-19T10:35:40,299.779,198,00700.HK-2025-11-19-788,N
2025-11-19T10:35:45,299.746,128,00700.HK-2025-11-19-789,N
2025-11-19T10:35:50,299.817,233,00700.HK-2025-11-19-790,N
2025-11-19T10:35:55,299.815,268,00700.HK-2025-11-19-791,N
2025-11-19T10:36:00,299.855,158,00700.HK-2025-11-19-792,N
2025-11-19T10:36:05,299.793,240,00700.HK-2025-11-19-793,N
2025-11-19T10:36:10,299.816,208,00700.HK-2025-11-19-794,N
2025-11-19T10:36:15,299.766,230,00700.HK-2025-11-19-795,N
2025-11-19T10:36:20,299.72,194,00700.HK-2025-11-19-796,N
2025-11-19T10:36:25,299.807,166,00700.HK-2025-11-19-797,N
2025-11-19T10:36:30,299.713,147,00700.HK-2025-11-19-798,N
2025-11-19T10:36:35,299.772,212,00700.HK-2025-11-19-799,N
2025-11-19T10:36:40,299.765,174,00700.HK-2025-11-19-800,N
2025-11-19T10:36:45,299.794,157,00700.HK-2025-11-19-801,N
2025-11-19T10:36:50,299.812,163,00700.HK-2025-11-19-802,N
2025-11-19T10:36:55,299.758,168,00700.HK-2025-11-19-803,N
2025-11-19T10:37:00,299.736,197,00700.HK-2025-11-19-804,N
2025-11-19T10:37:05,299.75,15,00700.HK-2025-11-19-805,N
2025-11-19T10:37:10,299.701,180,00700.HK-2025-11-19-806,N
2025-11-19T10:37:15,299.792,145,00700.HK-2025-11-19-807,N
2025-11-19T10:37:20,299.801,274,00700.HK-2025-11-19-808,N
2025-11-19T10:37:25,299.723,219,00700.HK-2025-11-19-809,N
2025-11-19T10:37:30,299.675,174,00700.HK-2025-11-19-810,N
2025-11-19T10:37:35,299.626,163,00700.HK-2025-11-19-811,N
2025-11-19T10:37:40,299.79,242,00700.HK-2025-11-19-812,N
2025-11-19T10:37:45,299.856,224,00700.HK-2025-11-19-813,N
2025-11-19T10:37:50,299.759,219,00700.HK-2025-11-19-814,N
2025-11-19T10:37:55,299.824,157,00700.HK-2025-11-19-815,N
2025-11-19T10:38:00,299.881,235,00700.HK-2025-11-19-816,N
2025-11-19T10:38:05,299.993,179,00700.HK-2025-11-19-817,N
2025-11-19T10:38:10,299.927,181,00700.HK-2025-11-19-818,N
2025-11-19T10:38:15,300.013,108,00700.HK-2025-11-19-819,N
2025-11-19T10:38:20,299.889,204,00700.HK-2025-11-19-820,N
2025-11-19T10:38:25,299.862,200,00700.HK-2025-11-19-821,N
2025-11-19T10:38:30,299.919,172,00700.HK-2025-11-19-822,N
2025-11-19T10:38:35,299.806,302,00700.HK-2025-11-19-823,N
2025-11-19T10:38:40,299.747,147,00700.HK-2025-11-19-824,N
2025-11-19T10:38:45,299.813,180,00700.HK-2025-11-19-825,N
2025-11-19T10:38:50,299.809,224,00700.HK-2025-11-19-826,N
2025-11-19T10:38:55,299.874,183,00700.HK-2025-11-19-827,N
2025-11-19T10:39:00,299.965,93,00700.HK-2025-11-19-828,N
2025-11-19T10:39:05,300.011,158,00700.HK-2025-11-19-829,N
2025-11-19T10:39:10,300.093,207,00700.HK-2025-11-19-830,N
2025-11-19T10:39:15,300.053,233,00700.HK-2025-11-19-831,N
2025-11-19T10:39:20,300.106,232,00700.HK-2025-11-19-832,N
2025-11-19T10:39:25,300.045,175,00700.HK-2025-11-19-833,N
2025-11-19T10:39:30,300.044,197,00700.HK-2025-11-19-834,N
2025-11-19T10:39:35,300.089,99,00700.HK-2025-11-19-835,N
2025-11-19T10:39:40,300.109,185,00700.HK-2025-11-19-836,N
2025-11-19T10:39:45,300.059,162,00700.HK-2025-11-19-837,N
2025-11-19T10:39:50,300.046,19,00700.HK-2025-11-19-838,N
2025-11-19T10:39:55,300.004,156,00700.HK-2025-11-19-839,N
2025-11-19T10:40:00,300.036,159,00700.HK-2025-11-19-840,N
2025-11-19T10:40:05,300.023,277,00700.HK-2025-11-19-841,N
2025-11-19T10:40:10,300.083,245,00700.HK-2025-11-19-842,N
2025-11-19T10:40:15,300.053,227,00700.HK-2025-11-19-843,N
2025-11-19T10:40:20,300.039,190,00700.HK-2025-11-19-844,N
2025-11-19T10:40:25,300.063,170,00700.HK-2025-11-19-845,N
2025-11-19T10:40:30,300.153,191,00700.HK-2025-11-19-846,N
2025-11-19T10:40:35,300.19,272,00700.HK-2025-11-19-847,N
2025-11-19T10:40:40,300.252,129,00700.HK-2025-11-19-848,N
2025-11-19T10:40:45,300.279,242,00700.HK-2025-11-19-849,N
2025-11-19T10:40:50,300.332,144,00700.HK-2025-11-19-850,N
2025-11-19T10:40:55,300.293,249,00700.HK-2025-11-19-851,N
2025-11-19T10:41:00,300.247,185,00700.HK-2025-11-19-852,N
2025-11-19T10:41:05,300.342,197,00700.HK-2025-11-19-853,N
2025-11-19T10:41:10,300.298,156,00700.HK-2025-11-19-854,N
2025-11-19T10:41:15,300.318,133,00700.HK-2025-11-19-855,N
2025-11-19T10:41:20,300.303,216,00700.HK-2025-11-19-856,N
2025-11-19T10:41:25,300.381,233,00700.HK-2025-11-19-857,N
2025-11-19T10:41:30,300.338,258,00700.HK-2025-11-19-858,N
2025-11-19T10:41:35,300.32,138,00700.HK-2025-11-19-859,N
2025-11-19T10:41:40,300.31,271,00700.HK-2025-11-19-860,N
2025-11-19T10:41:45,300.32,200,00700.HK-2025-11-19-861,N
2025-11-19T10:41:50,300.418,128,00700.HK-2025-11-19-862,N
2025-11-19T10:41:55,300.341,119,00700.HK-2025-11-19-863,N
2025-11-19T10:42:00,300.363,208,00700.HK-2025-11-19-864,N
2025-11-19T10:42:05,300.456,212,00700.HK-2025-11-19-865,N
2025-11-19T10:42:10,300.432,200,00700.HK-2025-11-19-866,N
2025-11-19T10:42:15,300.439,116,00700.HK-2025-11-19-867,N
2025-11-19T10:42:20,300.602,225,00700.HK-2025-11-19-868,N
2025-11-19T10:42:25,300.614,230,00700.HK-2025-11-19-869,N
2025-11-19T10:42:30,300.657,192,00700.HK-2025-11-19-870,N
2025-11-19T10:42:35,300.619,229,00700.HK-2025-11-19-871,N
2025-11-19T10:42:40,300.642,159,00700.HK-2025-11-19-872,N
2025-11-19T10:42:45,300.727,214,00700.HK-2025-11-19-873,N
2025-11-19T10:42:50,300.771,269,00700.HK-2025-11-19-874,N
2025-11-19T10:42:55,300.773,215,00700.HK-2025-11-19-875,N
2025-11-19T10:43:00,300.821,163,00700.HK-2025-11-19-876,N
2025-11-19T10:43:05,300.825,206,00700.HK-2025-11-19-877,N
2025-11-19T10:43:10,300.767,315,00700.HK-2025-11-19-878,N
2025-11-19T10:43:15,300.683,135,00700.HK-2025-11-19-879,N
2025-11-19T10:43:20,300.762,235,00700.HK-2025-11-19-880,N
2025-11-19T10:43:25,300.7,230,00700.HK-2025-11-19-881,N
2025-11-19T10:43:30,300.788,198,00700.HK-2025-11-19-882,N
2025-11-19T10:43:35,300.944,113,00700.HK-2025-11-19-883,N
2025-11-19T10:43:40,300.986,258,00700.HK-2025-11-19-884,N
2025-11-19T10:43:45,301.04,189,00700.HK-2025-11-19-885,N
2025-11-19T10:43:50,301.022,222,00700.HK-2025-11-19-886,N
2025-11-19T10:43:55,301.071,230,00700.HK-2025-11-19-887,N
2025-11-19T10:44:00,301.134,149,00700.HK-2025-11-19-888,N
2025-11-19T10:44:05,301.12,152,00700.HK-2025-11-19-889,N
2025-11-19T10:44:10,301.097,250,00700.HK-2025-11-19-890,N
2025-11-19T10:44:15,301.104,330,00700.HK-2025-11-19-891,N
2025-11-19T10:44:20,301.115,202,00700.HK-2025-11-19-892,N
2025-11-19T10:44:25,301.122,168,00700.HK-2025-11-19-893,N
2025-11-19T10:44:30,301.118,256,00700.HK-2025-11-19-894,N
2025-11-19T10:44:35,301.125,160,00700.HK-2025-11-19-895,N
2025-11-19T10:44:40,301.069,177,00700.HK-2025-11-19-896,N
2025-11-19T10:44:45,301.074,259,00700.HK-2025-11-19-897,N
2025-11-19T10:44:50,300.993,184,00700.HK-2025-11-19-898,N
2025-11-19T10:44:55,301.002,108,00700.HK-2025-11-19-899,N
2025-11-19T10:45:00,300.952,166,00700.HK-2025-11-19-900,N
2025-11-19T10:45:05,300.904,209,00700.HK-2025-11-19-901,N
2025-11-19T10:45:10,300.894,172,00700.HK-2025-11-19-902,N
2025-11-19T10:45:15,300.92,286,00700.HK-2025-11-19-903,N
2025-11-19T10:45:20,301.018,103,00700.HK-2025-11-19-904,N
2025-11-19T10:45:25,301.053,191,00700.HK-2025-11-19-905,N
2025-11-19T10:45:30,301.063,180,00700.HK-2025-11-19-906,N
2025-11-19T10:45:35,301.07,207,00700.HK-2025-11-19-907,N
2025-11-19T10:45:40,301.035,155,00700.HK-2025-11-19-908,N
2025-11-19T10:45:45,301.008,211,00700.HK-2025-11-19-909,N
2025-11-19T10:45:50,301.044,242,00700.HK-2025-11-19-910,N
2025-11-19T10:45:55,301.014,214,00700.HK-2025-11-19-911,N
2025-11-19T10:46:00,301.072,258,00700.HK-2025-11-19-912,N
2025-11-19T10:46:05,301.068,188,00700.HK-2025-11-19-913,N
2025-11-19T10:46:10,301.08,142,00700.HK-2025-11-19-914,N
2025-11-19T10:46:15,301.068,237,00700.HK-2025-11-19-915,N
2025-11-19T10:46:20,301.107,186,00700.HK-2025-11-19-916,N
2025-11-19T10:46:25,301.12,158,00700.HK-2025-11-19-917,N
2025-11-19T10:46:30,301.162,196,00700.HK-2025-11-19-918,N
2025-11-19T10:46:35,301.146,181,00700.HK-2025-11-19-919,N
2025-11-19T10:46:40,301.142,177,00700.HK-2025-11-19-920,N
2025-11-19T10:46:45,301.182,180,00700.HK-2025-11-19-921,N
2025-11-19T10:46:50,301.278,273,00700.HK-2025-11-19-922,N
2025-11-19T10:46:55,301.224,203,00700.HK-2025-11-19-923,N
2025-11-19T10:47:00,301.185,183,00700.HK-2025-11-19-924,N
2025-11-19T10:47:05,301.305,184,00700.HK-2025-11-19-925,N
2025-11-19T10:47:10,301.327,227,00700.HK-2025-11-19-926,N
2025-11-19T10:47:15,301.267,157,00700.HK-2025-11-19-927,N
2025-11-19T10:47:20,301.194,155,00700.HK-2025-11-19-928,N
2025-11-19T10:47:25,301.022,227,00700.HK-2025-11-19-929,N
2025-11-19T10:47:30,301.146,207,00700.HK-2025-11-19-930,N
2025-11-19T10:47:35,301.061,167,00700.HK-2025-11-19-931,N
2025-11-19T10:47:40,301.033,149,00700.HK-2025-11-19-932,N
2025-11-19T10:47:45,301.085,240,00700.HK-2025-11-19-933,N
2025-11-19T10:47:50,301.015,236,00700.HK-2025-11-19-934,N
2025-11-19T10:47:55,301.107,295,00700.HK-2025-11-19-935,N
2025-11-19T10:48:00,301.28,154,00700.HK-2025-11-19-936,N
2025-11-19T10:48:05,301.45,182,00700.HK-2025-11-19-937,N
2025-11-19T10:48:10,301.414,216,00700.HK-2025-11-19-938,N
2025-11-19T10:48:15,301.379,219,00700.HK-2025-11-19-939,N
2025-11-19T10:48:20,301.3,188,00700.HK-2025-11-19-940,N
2025-11-19T10:48:25,301.377,197,00700.HK-2025-11-19-941,N
2025-11-19T10:48:30,301.386,223,00700.HK-2025-11-19-942,N
2025-11-19T10:48:35,301.456,117,00700.HK-2025-11-19-943,N
2025-11-19T10:48:40,301.491,186,00700.HK-2025-11-19-944,N
2025-11-19T10:48:45,301.501,252,00700.HK-2025-11-19-945,N
2025-11-19T10:48:50,301.429,149,00700.HK-2025-11-19-946,N
2025-11-19T10:48:55,301.313,172,00700.HK-2025-11-19-947,N
2025-11-19T10:49:00,301.393,193,00700.HK-2025-11-19-948,N
2025-11-19T10:49:05,301.312,175,00700.HK-2025-11-19-949,N
2025-11-19T10:49:10,301.222,143,00700.HK-2025-11-19-950,N
2025-11-19T10:49:15,301.246,141,00700.HK-2025-11-19-951,N
2025-11-19T10:49:20,301.313,196,00700.HK-2025-11-19-952,N
2025-11-19T10:49:25,301.318,186,00700.HK-2025-11-19-953,N
2025-11-19T10:49:30,301.365,239,00700.HK-2025-11-19-954,N
2025-11-19T10:49:35,301.385,228,00700.HK-2025-11-19-955,N
2025-11-19T10:49:40,301.372,227,00700.HK-2025-11-19-956,N
2025-11-19T10:49:45,301.352,200,00700.HK-2025-11-19-957,N
2025-11-19T10:49:50,301.335,177,00700.HK-2025-11-19-958,N
2025-11-19T10:49:55,301.294,223,00700.HK-2025-11-19-959,N
2025-11-19T10:50:00,301.373,258,00700.HK-2025-11-19-960,N
2025-11-19T10:50:05,301.297,264,00700.HK-2025-11-19-961,N
2025-11-19T10:50:10,301.278,230,00700.HK-2025-11-19-962,N
2025-11-19T10:50:15,301.223,207,00700.HK-2025-11-19-963,N
2025-11-19T10:50:20,301.242,125,00700.HK-2025-11-19-964,N
2025-11-19T10:50:25,301.279,267,00700.HK-2025-11-19-965,N
2025-11-19T10:50:30,301.268,268,00700.HK-2025-11-19-966,N
2025-11-19T10:50:35,301.257,242,00700.HK-2025-11-19-967,N
2025-11-19T10:50:40,301.123,320,00700.HK-2025-11-19-968,N
2025-11-19T10:50:45,301.213,185,00700.HK-2025-11-19-969,N
2025-11-19T10:50:50,301.094,214,00700.HK-2025-11-19-970,N
2025-11-19T10:50:55,301.007,222,00700.HK-2025-11-19-971,N
2025-11-19T10:51:00,301.032,152,00700.HK-2025-11-19-972,N
2025-11-19T10:51:05,301.1,240,00700.HK-2025-11-19-973,N
2025-11-19T10:51:10,301.158,200,00700.HK-2025-11-19-974,N
2025-11-19T10:51:15,301.073,248,00700.HK-2025-11-19-975,N
2025-11-19T10:51:20,301.057,130,00700.HK-2025-11-19-976,N
2025-11-19T10:51:25,301.138,304,00700.HK-2025-11-19-977,N
2025-11-19T10:51:30,301.136,307,00700.HK-2025-11-19-978,N
2025-11-19T10:51:35,301.141,180,00700.HK-2025-11-19-979,N
2025-11-19T10:51:40,301.103,281,00700.HK-2025-11-19-980,N
2025-11-19T10:51:45,301.056,236,00700.HK-2025-11-19-981,N
2025-11-19T10:51:50,301.023,176,00700.HK-2025-11-19-982,N
2025-11-19T10:51:55,301.085,180,00700.HK-2025-11-19-983,N
2025-11-19T10:52:00,301.06,256,00700.HK-2025-11-19-984,N
2025-11-19T10:52:05,301.156,232,00700.HK-2025-11-19-985,N
2025-11-19T10:52:10,301.117,174,00700.HK-2025-11-19-986,N
2025-11-19T10:52:15,301.122,216,00700.HK-2025-11-19-987,N
2025-11-19T10:52:20,301.062,236,00700.HK-2025-11-19-988,N
2025-11-19T10:52:25,301.067,114,00700.HK-2025-11-19-989,N
2025-11-19T10:52:30,301.012,174,00700.HK-2025-11-19-990,N
2025-11-19T10:52:35,301.007,294,00700.HK-2025-11-19-991,N
2025-11-19T10:52:40,301.021,157,00700.HK-2025-11-19-992,N
2025-11-19T10:52:45,301.035,182,00700.HK-2025-11-19-993,N
2025-11-19T10:52:50,301.054,229,00700.HK-2025-11-19-994,N
2025-11-19T10:52:55,301.127,198,00700.HK-2025-11-19-995,N
2025-11-19T10:53:00,301.226,245,00700.HK-2025-11-19-996,N
2025-11-19T10:53:05,301.183,310,00700.HK-2025-11-19-997,N
2025-11-19T10:53:10,301.203,158,00700.HK-2025-11-19-998,N
2025-11-19T10:53:15,301.302,303,00700.HK-2025-11-19-999,N
2025-11-19T10:53:20,301.3,174,00700.HK-2025-11-19-1000,N
2025-11-19T10:53:25,301.29,235,00700.HK-2025-11-19-1001,N
2025-11-19T10:53:30,301.367,228,00700.HK-2025-11-19-1002,N
2025-11-19T10:53:35,301.373,274,00700.HK-2025-11-19-1003,N
2025-11-19T10:53:40,301.354,251,00700.HK-2025-11-19-1004,N
2025-11-19T10:53:45,301.337,221,00700.HK-2025-11-19-1005,N
2025-11-19T10:53:50,301.33,197,00700.HK-2025-11-19-1006,N
2025-11-19T10:53:55,301.307,267,00700.HK-2025-11-19-1007,N
2025-11-19T10:54:00,301.263,162,00700.HK-2025-11-19-1008,N
2025-11-19T10:54:05,301.391,248,00700.HK-2025-11-19-1009,N
2025-11-19T10:54:10,301.247,171,00700.HK-2025-11-19-1010,N
2025-11-19T10:54:15,301.138,152,00700.HK-2025-11-19-1011,N
2025-11-19T10:54:20,300.949,193,00700.HK-2025-11-19-1012,N
2025-11-19T10:54:25,300.88,202,00700.HK-2025-11-19-1013,N
2025-11-19T10:54:30,300.783,204,00700.HK-2025-11-19-1014,N
2025-11-19T10:54:35,300.758,275,00700.HK-2025-11-19-1015,N
2025-11-19T10:54:40,300.843,239,00700.HK-2025-11-19-1016,N
2025-11-19T10:54:45,300.823,299,00700.HK-2025-11-19-1017,N
2025-11-19T10:54:50,300.729,129,00700.HK-2025-11-19-1018,N
2025-11-19T10:54:55,300.724,312,00700.HK-2025-11-19-1019,N
2025-11-19T10:55:00,300.712,190,00700.HK-2025-11-19-1020,N
2025-11-19T10:55:05,300.625,247,00700.HK-2025-11-19-1021,N
2025-11-19T10:55:10,300.683,239,00700.HK-2025-11-19-1022,N
2025-11-19T10:55:15,300.645,164,00700.HK-2025-11-19-1023,N
2025-11-19T10:55:20,300.567,204,00700.HK-2025-11-19-1024,N
2025-11-19T10:55:25,300.502,141,00700.HK-2025-11-19-1025,N
2025-11-19T10:55:30,300.477,175,00700.HK-2025-11-19-1026,N
2025-11-19T10:55:35,300.444,223,00700.HK-2025-11-19-1027,N
2025-11-19T10:55:40,300.449,185,00700.HK-2025-11-19-1028,N
2025-11-19T10:55:45,300.46,150,00700.HK-2025-11-19-1029,N
2025-11-19T10:55:50,300.467,207,00700.HK-2025-11-19-1030,N
2025-11-19T10:55:55,300.376,249,00700.HK-2025-11-19-1031,N
2025-11-19T10:56:00,300.323,204,00700.HK-2025-11-19-1032,N
2025-11-19T10:56:05,300.393,246,00700.HK-2025-11-19-1033,N
2025-11-19T10:56:10,300.395,181,00700.HK-2025-11-19-1034,N
2025-11-19T10:56:15,300.452,233,00700.HK-2025-11-19-1035,N
2025-11-19T10:56:20,300.415,160,00700.HK-2025-11-19-1036,N
2025-11-19T10:56:25,300.291,207,00700.HK-2025-11-19-1037,N
2025-11-19T10:56:30,300.286,256,00700.HK-2025-11-19-1038,N
2025-11-19T10:56:35,300.307,266,00700.HK-2025-11-19-1039,N
2025-11-19T10:56:40,300.265,256,00700.HK-2025-11-19-1040,N
2025-11-19T10:56:45,300.233,238,00700.HK-2025-11-19-1041,N
2025-11-19T10:56:50,300.146,211,00700.HK-2025-11-19-1042,N
2025-11-19T10:56:55,300.027,186,00700.HK-2025-11-19-1043,N
2025-11-19T10:57:00,300.053,173,00700.HK-2025-11-19-1044,N
2025-11-19T10:57:05,299.99,242,00700.HK-2025-11-19-1045,N
2025-11-19T10:57:10,299.984,175,00700.HK-2025-11-19-1046,N
2025-11-19T10:57:15,299.986,331,00700.HK-2025-11-19-1047,N
2025-11-19T10:57:20,300.056,258,00700.HK-2025-11-19-1048,N
2025-11-19T10:57:25,300.082,208,00700.HK-2025-11-19-1049,N
2025-11-19T10:57:30,299.938,166,00700.HK-2025-11-19-1050,N
2025-11-19T10:57:35,299.909,106,00700.HK-2025-11-19-1051,N
2025-11-19T10:57:40,299.84,100,00700.HK-2025-11-19-1052,N
2025-11-19T10:57:45,299.837,240,00700.HK-2025-11-19-1053,N
2025-11-19T10:57:50,299.904,220,00700.HK-2025-11-19-1054,N
2025-11-19T10:57:55,299.846,103,00700.HK-2025-11-19-1055,N
2025-11-19T10:58:00,299.741,136,00700.HK-2025-11-19-1056,N
2025-11-19T10:58:05,299.687,192,00700.HK-2025-11-19-1057,N
2025-11-19T10:58:10,299.627,216,00700.HK-2025-11-19-1058,N
2025-11-19T10:58:15,299.613,200,00700.HK-2025-11-19-1059,N
2025-11-19T10:58:20,299.681,140,00700.HK-2025-11-19-1060,N
2025-11-19T10:58:25,299.706,199,00700.HK-2025-11-19-1061,N
2025-11-19T10:58:30,299.686,244,00700.HK-2025-11-19-1062,N
2025-11-19T10:58:35,299.739,152,00700.HK-2025-11-19-1063,N
2025-11-19T10:58:40,299.728,214,00700.HK-2025-11-19-1064,N
2025-11-19T10:58:45,299.711,229,00700.HK-2025-11-19-1065,N
2025-11-19T10:58:50,299.728,291,00700.HK-2025-11-19-1066,N
2025-11-19T10:58:55,299.637,193,00700.HK-2025-11-19-1067,N
2025-11-19T10:59:00,299.582,230,00700.HK-2025-11-19-1068,N
2025-11-19T10:59:05,299.485,217,00700.HK-2025-11-19-1069,N
2025-11-19T10:59:10,299.448,163,00700.HK-2025-11-19-1070,N
2025-11-19T10:59:15,299.361,176,00700.HK-2025-11-19-1071,N
2025-11-19T10:59:20,299.426,198,00700.HK-2025-11-19-1072,N
2025-11-19T10:59:25,299.463,283,00700.HK-2025-11-19-1073,N
2025-11-19T10:59:30,299.479,172,00700.HK-2025-11-19-1074,N
2025-11-19T10:59:35,299.507,172,00700.HK-2025-11-19-1075,N
2025-11-19T10:59:40,299.477,124,00700.HK-2025-11-19-1076,N
2025-11-19T10:59:45,299.532,180,00700.HK-2025-11-19-1077,N
2025-11-19T10:59:50,299.543,148,00700.HK-2025-11-19-1078,N
2025-11-19T10:59:55,299.569,161,00700.HK-2025-11-19-1079,N
2025-11-19T11:00:00,299.561,243,00700.HK-2025-11-19-1080,N
2025-11-19T11:00:05,299.608,198,00700.HK-2025-11-19-1081,N
2025-11-19T11:00:10,299.502,349,00700.HK-2025-11-19-1082,N
2025-11-19T11:00:15,299.607,236,00700.HK-2025-11-19-1083,N
2025-11-19T11:00:20,299.562,194,00700.HK-2025-11-19-1084,N
2025-11-19T11:00:25,299.529,263,00700.HK-2025-11-19-1085,N
2025-11-19T11:00:30,299.545,160,00700.HK-2025-11-19-1086,N
2025-11-19T11:00:35,299.517,256,00700.HK-2025-11-19-1087,N
2025-11-19T11:00:40,299.613,276,00700.HK-2025-11-19-1088,N
2025-11-19T11:00:45,299.658,187,00700.HK-2025-11-19-1089,N
2025-11-19T11:00:50,299.464,214,00700.HK-2025-11-19-1090,N
2025-11-19T11:00:55,299.464,206,00700.HK-2025-11-19-1091,N
2025-11-19T11:01:00,299.467,133,00700.HK-2025-11-19-1092,N
2025-11-19T11:01:05,299.5,231,00700.HK-2025-11-19-1093,N
2025-11-19T11:01:10,299.541,247,00700.HK-2025-11-19-1094,N
2025-11-19T11:01:15,299.577,179,00700.HK-2025-11-19-1095,N
2025-11-19T11:01:20,299.573,204,00700.HK-2025-11-19-1096,N
2025-11-19T11:01:25,299.58,249,00700.HK-2025-11-19-1097,N
2025-11-19T11:01:30,299.618,303,00700.HK-2025-11-19-1098,N
2025-11-19T11:01:35,299.75,203,00700.HK-2025-11-19-1099,N
2025-11-19T11:01:40,299.52,261,00700.HK-2025-11-19-1100,N
2025-11-19T11:01:45,299.488,159,00700.HK-2025-11-19-1101,N
2025-11-19T11:01:50,299.464,177,00700.HK-2025-11-19-1102,N
2025-11-19T11:01:55,299.501,122,00700.HK-2025-11-19-1103,N
2025-11-19T11:02:00,299.436,217,00700.HK-2025-11-19-1104,N
2025-11-19T11:02:05,299.474,232,00700.HK-2025-11-19-1105,N
2025-11-19T11:02:10,299.426,151,00700.HK-2025-11-19-1106,N
2025-11-19T11:02:15,299.396,211,00700.HK-2025-11-19-1107,N
2025-11-19T11:02:20,299.485,97,00700.HK-2025-11-19-1108,N
2025-11-19T11:02:25,299.472,133,00700.HK-2025-11-19-1109,N
2025-11-19T11:02:30,299.373,248,00700.HK-2025-11-19-1110,N
2025-11-19T11:02:35,299.405,222,00700.HK-2025-11-19-1111,N
2025-11-19T11:02:40,299.461,176,00700.HK-2025-11-19-1112,N
2025-11-19T11:02:45,299.435,309,00700.HK-2025-11-19-1113,N
2025-11-19T11:02:50,299.42,236,00700.HK-2025-11-19-1114,N
2025-11-19T11:02:55,299.42,107,00700.HK-2025-11-19-1115,N
2025-11-19T11:03:00,299.298,171,00700.HK-2025-11-19-1116,N
2025-11-19T11:03:05,299.361,239,00700.HK-2025-11-19-1117,N
2025-11-19T11:03:10,299.416,150,00700.HK-2025-11-19-1118,N
2025-11-19T11:03:15,299.513,151,00700.HK-2025-11-19-1119,N
2025-11-19T11:03:20,299.525,199,00700.HK-2025-11-19-1120,N
2025-11-19T11:03:25,299.515,266,00700.HK-2025-11-19-1121,N
2025-11-19T11:03:30,299.473,132,00700.HK-2025-11-19-1122,N
2025-11-19T11:03:35,299.474,180,00700.HK-2025-11-19-1123,N
2025-11-19T11:03:40,299.676,233,00700.HK-2025-11-19-1124,N
2025-11-19T11:03:45,299.652,147,00700.HK-2025-11-19-1125,N
2025-11-19T11:03:50,299.539,148,00700.HK-2025-11-19-1126,N
2025-11-19T11:03:55,299.546,271,00700.HK-2025-11-19-1127,N
2025-11-19T11:04:00,299.613,211,00700.HK-2025-11-19-1128,N
2025-11-19T11:04:05,299.594,213,00700.HK-2025-11-19-1129,N
2025-11-19T11:04:10,299.563,285,00700.HK-2025-11-19-1130,N
2025-11-19T11:04:15,299.551,195,00700.HK-2025-11-19-1131,N
2025-11-19T11:04:20,299.418,190,00700.HK-2025-11-19-1132,N
2025-11-19T11:04:25,299.469,146,00700.HK-2025-11-19-1133,N
2025-11-19T11:04:30,299.424,239,00700.HK-2025-11-19-1134,N
2025-11-19T11:04:35,299.335,252,00700.HK-2025-11-19-1135,N
2025-11-19T11:04:40,299.303,180,00700.HK-2025-11-19-1136,N
2025-11-19T11:04:45,299.236,218,00700.HK-2025-11-19-1137,N
2025-11-19T11:04:50,299.383,239,00700.HK-2025-11-19-1138,N
2025-11-19T11:04:55,299.331,256,00700.HK-2025-11-19-1139,N
2025-11-19T11:05:00,299.313,268,00700.HK-2025-11-19-1140,N
2025-11-19T11:05:05,299.361,52,00700.HK-2025-11-19-1141,N
2025-11-19T11:05:10,299.301,247,00700.HK-2025-11-19-1142,N
2025-11-19T11:05:15,299.31,148,00700.HK-2025-11-19-1143,N
2025-11-19T11:05:20,299.272,104,00700.HK-2025-11-19-1144,N
2025-11-19T11:05:25,299.267,310,00700.HK-2025-11-19-1145,N
2025-11-19T11:05:30,299.315,309,00700.HK-2025-11-19-1146,N
2025-11-19T11:05:35,299.368,251,00700.HK-2025-11-19-1147,N
2025-11-19T11:05:40,299.486,218,00700.HK-2025-11-19-1148,N
2025-11-19T11:05:45,299.475,251,00700.HK-2025-11-19-1149,N
2025-11-19T11:05:50,299.562,176,00700.HK-2025-11-19-1150,N
2025-11-19T11:05:55,299.518,206,00700.HK-2025-11-19-1151,N
2025-11-19T11:06:00,299.568,239,00700.HK-2025-11-19-1152,N
2025-11-19T11:06:05,299.483,295,00700.HK-2025-11-19-1153,N
2025-11-19T11:06:10,299.444,186,00700.HK-2025-11-19-1154,N
2025-11-19T11:06:15,299.39,334,00700.HK-2025-11-19-1155,N
2025-11-19T11:06:20,299.405,157,00700.HK-2025-11-19-1156,N
2025-11-19T11:06:25,299.457,238,00700.HK-2025-11-19-1157,N
2025-11-19T11:06:30,299.445,242,00700.HK-2025-11-19-1158,N
2025-11-19T11:06:35,299.396,175,00700.HK-2025-11-19-1159,N
2025-11-19T11:06:40,299.276,133,00700.HK-2025-11-19-1160,N
2025-11-19T11:06:45,299.384,282,00700.HK-2025-11-19-1161,N
2025-11-19T11:06:50,299.388,283,00700.HK-2025-11-19-1162,N
2025-11-19T11:06:55,299.378,187,00700.HK-2025-11-19-1163,N
2025-11-19T11:07:00,299.382,193,00700.HK-2025-11-19-1164,N
2025-11-19T11:07:05,299.369,257,00700.HK-2025-11-19-1165,N
2025-11-19T11:07:10,299.378,235,00700.HK-2025-11-19-1166,N
2025-11-19T11:07:15,299.439,219,00700.HK-2025-11-19-1167,N
2025-11-19T11:07:20,299.381,132,00700.HK-2025-11-19-1168,N
2025-11-19T11:07:25,299.39,191,00700.HK-2025-11-19-1169,N
2025-11-19T11:07:30,299.395,199,00700.HK-2025-11-19-1170,N
2025-11-19T11:07:35,299.55,133,00700.HK-2025-11-19-1171,N
2025-11-19T11:07:40,299.431,216,00700.HK-2025-11-19-1172,N
2025-11-19T11:07:45,299.408,215,00700.HK-2025-11-19-1173,N
2025-11-19T11:07:50,299.443,264,00700.HK-2025-11-19-1174,N
2025-11-19T11:07:55,299.353,172,00700.HK-2025-11-19-1175,N
2025-11-19T11:08:00,299.379,238,00700.HK-2025-11-19-1176,N
2025-11-19T11:08:05,299.51,247,00700.HK-2025-11-19-1177,N
2025-11-19T11:08:10,299.507,155,00700.HK-2025-11-19-1178,N
2025-11-19T11:08:15,299.473,170,00700.HK-2025-11-19-1179,N
2025-11-19T11:08:20,299.512,212,00700.HK-2025-11-19-1180,N
2025-11-19T11:08:25,299.433,178,00700.HK-2025-11-19-1181,N
2025-11-19T11:08:30,299.485,217,00700.HK-2025-11-19-1182,N
2025-11-19T11:08:35,299.519,219,00700.HK-2025-11-19-1183,N
2025-11-19T11:08:40,299.617,211,00700.HK-2025-11-19-1184,N
2025-11-19T11:08:45,299.594,154,00700.HK-2025-11-19-1185,N
2025-11-19T11:08:50,299.609,77,00700.HK-2025-11-19-1186,N
2025-11-19T11:08:55,299.598,189,00700.HK-2025-11-19-1187,N
2025-11-19T11:09:00,299.516,153,00700.HK-2025-11-19-1188,N
2025-11-19T11:09:05,299.564,211,00700.HK-2025-11-19-1189,N
2025-11-19T11:09:10,299.57,215,00700.HK-2025-11-19-1190,N
2025-11-19T11:09:15,299.576,262,00700.HK-2025-11-19-1191,N
2025-11-19T11:09:20,299.583,127,00700.HK-2025-11-19-1192,N
2025-11-19T11:09:25,299.681,218,00700.HK-2025-11-19-1193,N
2025-11-19T11:09:30,299.646,137,00700.HK-2025-11-19-1194,N
2025-11-19T11:09:35,299.67,194,00700.HK-2025-11-19-1195,N
2025-11-19T11:09:40,299.764,182,00700.HK-2025-11-19-1196,N
2025-11-19T11:09:45,299.714,244,00700.HK-2025-11-19-1197,N
2025-11-19T11:09:50,299.769,208,00700.HK-2025-11-19-1198,N
2025-11-19T11:09:55,299.81,198,00700.HK-2025-11-19-1199,N
2025-11-19T11:10:00,299.824,258,00700.HK-2025-11-19-1200,N
2025-11-19T11:10:05,299.861,191,00700.HK-2025-11-19-1201,N
2025-11-19T11:10:10,299.942,81,00700.HK-2025-11-19-1202,N
2025-11-19T11:10:15,300.065,114,00700.HK-2025-11-19-1203,N
2025-11-19T11:10:20,300.028,197,00700.HK-2025-11-19-1204,N
2025-11-19T11:10:25,300.019,250,00700.HK-2025-11-19-1205,N
2025-11-19T11:10:30,299.955,213,00700.HK-2025-11-19-1206,N
2025-11-19T11:10:35,299.921,214,00700.HK-2025-11-19-1207,N
2025-11-19T11:10:40,299.917,204,00700.HK-2025-11-19-1208,N
2025-11-19T11:10:45,299.884,174,00700.HK-2025-11-19-1209,N
2025-11-19T11:10:50,299.901,247,00700.HK-2025-11-19-1210,N
2025-11-19T11:10:55,299.865,156,00700.HK-2025-11-19-1211,N
2025-11-19T11:11:00,299.902,198,00700.HK-2025-11-19-1212,N
2025-11-19T11:11:05,299.952,154,00700.HK-2025-11-19-1213,N
2025-11-19T11:11:10,299.845,173,00700.HK-2025-11-19-1214,N
2025-11-19T11:11:15,299.799,196,00700.HK-2025-11-19-1215,N
2025-11-19T11:11:20,299.761,237,00700.HK-2025-11-19-1216,N
2025-11-19T11:11:25,299.744,207,00700.HK-2025-11-19-1217,N
2025-11-19T11:11:30,299.753,209,00700.HK-2025-11-19-1218,N
2025-11-19T11:11:35,299.752,225,00700.HK-2025-11-19-1219,N
2025-11-19T11:11:40,299.704,269,00700.HK-2025-11-19-1220,N
2025-11-19T11:11:45,299.69,134,00700.HK-2025-11-19-1221,N
2025-11-19T11:11:50,299.701,157,00700.HK-2025-11-19-1222,N
2025-11-19T11:11:55,299.741,310,00700.HK-2025-11-19-1223,N
2025-11-19T11:12:00,299.694,216,00700.HK-2025-11-19-1224,N
2025-11-19T11:12:05,299.589,222,00700.HK-2025-11-19-1225,N
2025-11-19T11:12:10,299.536,168,00700.HK-2025-11-19-1226,N
2025-11-19T11:12:15,299.47,236,00700.HK-2025-11-19-1227,N
2025-11-19T11:12:20,299.53,201,00700.HK-2025-11-19-1228,N
2025-11-19T11:12:25,299.478,279,00700.HK-2025-11-19-1229,N
2025-11-19T11:12:30,299.433,91,00700.HK-2025-11-19-1230,N
2025-11-19T11:12:35,299.461,144,00700.HK-2025-11-19-1231,N
2025-11-19T11:12:40,299.52,180,00700.HK-2025-11-19-1232,N
2025-11-19T11:12:45,299.556,270,00700.HK-2025-11-19-1233,N
2025-11-19T11:12:50,299.484,171,00700.HK-2025-11-19-1234,N
2025-11-19T11:12:55,299.479,276,00700.HK-2025-11-19-1235,N
2025-11-19T11:13:00,299.44,170,00700.HK-2025-11-19-1236,N
2025-11-19T11:13:05,299.468,171,00700.HK-2025-11-19-1237,N
2025-11-19T11:13:10,299.477,122,00700.HK-2025-11-19-1238,N
2025-11-19T11:13:15,299.61,132,00700.HK-2025-11-19-1239,N
2025-11-19T11:13:20,299.591,198,00700.HK-2025-11-19-1240,N
2025-11-19T11:13:25,299.705,133,00700.HK-2025-11-19-1241,N
2025-11-19T11:13:30,299.824,237,00700.HK-2025-11-19-1242,N
2025-11-19T11:13:35,299.849,150,00700.HK-2025-11-19-1243,N
2025-11-19T11:13:40,299.884,163,00700.HK-2025-11-19-1244,N
2025-11-19T11:13:45,299.959,151,00700.HK-2025-11-19-1245,N
2025-11-19T11:13:50,299.953,172,00700.HK-2025-11-19-1246,N
2025-11-19T11:13:55,299.893,237,00700.HK-2025-11-19-1247,N
2025-11-19T11:14:00,299.926,260,00700.HK-2025-11-19-1248,N
2025-11-19T11:14:05,299.819,253,00700.HK-2025-11-19-1249,N
2025-11-19T11:14:10,299.969,177,00700.HK-2025-11-19-1250,N
2025-11-19T11:14:15,300.083,186,00700.HK-2025-11-19-1251,N
2025-11-19T11:14:20,300.0,184,00700.HK-2025-11-19-1252,N
2025-11-19T11:14:25,300.063,158,00700.HK-2025-11-19-1253,N
2025-11-19T11:14:30,300.027,229,00700.HK-2025-11-19-1254,N
2025-11-19T11:14:35,300.027,229,00700.HK-2025-11-19-1255,N
2025-11-19T11:14:40,300.042,223,00700.HK-2025-11-19-1256,N
2025-11-19T11:14:45,300.016,211,00700.HK-2025-11-19-1257,N
2025-11-19T11:14:50,299.96,264,00700.HK-2025-11-19-1258,N
2025-11-19T11:14:55,299.922,256,00700.HK-2025-11-19-1259,N
2025-11-19T11:15:00,299.908,210,00700.HK-2025-11-19-1260,N
2025-11-19T11:15:05,299.878,149,00700.HK-2025-11-19-1261,N
2025-11-19T11:15:10,299.774,147,00700.HK-2025-11-19-1262,N
2025-11-19T11:15:15,299.754,210,00700.HK-2025-11-19-1263,N
2025-11-19T11:15:20,299.815,177,00700.HK-2025-11-19-1264,N
2025-11-19T11:15:25,299.762,127,00700.HK-2025-11-19-1265,N
2025-11-19T11:15:30,299.791,269,00700.HK-2025-11-19-1266,N
2025-11-19T11:15:35,299.867,235,00700.HK-2025-11-19-1267,N
2025-11-19T11:15:40,299.905,284,00700.HK-2025-11-19-1268,N
2025-11-19T11:15:45,299.925,232,00700.HK-2025-11-19-1269,N
2025-11-19T11:15:50,299.906,131,00700.HK-2025-11-19-1270,N
2025-11-19T11:15:55,299.865,199,00700.HK-2025-11-19-1271,N
2025-11-19T11:16:00,299.868,296,00700.HK-2025-11-19-1272,N
2025-11-19T11:16:05,299.873,258,00700.HK-2025-11-19-1273,N
2025-11-19T11:16:10,299.847,184,00700.HK-2025-11-19-1274,N
2025-11-19T11:16:15,299.767,162,00700.HK-2025-11-19-1275,N
2025-11-19T11:16:20,299.799,200,00700.HK-2025-11-19-1276,N
2025-11-19T11:16:25,299.855,209,00700.HK-2025-11-19-1277,N
2025-11-19T11:16:30,299.834,307,00700.HK-2025-11-19-1278,N
2025-11-19T11:16:35,299.829,258,00700.HK-2025-11-19-1279,N
2025-11-19T11:16:40,299.805,235,00700.HK-2025-11-19-1280,N
2025-11-19T11:16:45,299.86,210,00700.HK-2025-11-19-1281,N
2025-11-19T11:16:50,299.719,200,00700.HK-2025-11-19-1282,N
2025-11-19T11:16:55,299.793,226,00700.HK-2025-11-19-1283,N
2025-11-19T11:17:00,299.82,113,00700.HK-2025-11-19-1284,N
2025-11-19T11:17:05,299.776,220,00700.HK-2025-11-19-1285,N
2025-11-19T11:17:10,299.801,260,00700.HK-2025-11-19-1286,N
2025-11-19T11:17:15,299.792,220,00700.HK-2025-11-19-1287,N
2025-11-19T11:17:20,299.793,150,00700.HK-2025-11-19-1288,N
2025-11-19T11:17:25,299.658,221,00700.HK-2025-11-19-1289,N
2025-11-19T11:17:30,299.668,169,00700.HK-2025-11-19-1290,N
2025-11-19T11:17:35,299.571,231,00700.HK-2025-11-19-1291,N
2025-11-19T11:17:40,299.555,227,00700.HK-2025-11-19-1292,N
2025-11-19T11:17:45,299.667,92,00700.HK-2025-11-19-1293,N
2025-11-19T11:17:50,299.625,189,00700.HK-2025-11-19-1294,N
2025-11-19T11:17:55,299.712,118,00700.HK-2025-11-19-1295,N
2025-11-19T11:18:00,299.828,206,00700.HK-2025-11-19-1296,N
2025-11-19T11:18:05,299.823,190,00700.HK-2025-11-19-1297,N
2025-11-19T11:18:10,299.797,252,00700.HK-2025-11-19-1298,N
2025-11-19T11:18:15,299.732,217,00700.HK-2025-11-19-1299,N
2025-11-19T11:18:20,299.709,161,00700.HK-2025-11-19-1300,N
2025-11-19T11:18:25,299.864,220,00700.HK-2025-11-19-1301,N
2025-11-19T11:18:30,299.901,256,00700.HK-2025-11-19-1302,N
2025-11-19T11:18:35,299.816,287,00700.HK-2025-11-19-1303,N
2025-11-19T11:18:40,299.666,161,00700.HK-2025-11-19-1304,N
2025-11-19T11:18:45,299.638,229,00700.HK-2025-11-19-1305,N
2025-11-19T11:18:50,299.651,191,00700.HK-2025-11-19-1306,N
2025-11-19T11:18:55,299.65,151,00700.HK-2025-11-19-1307,N
2025-11-19T11:19:00,299.561,236,00700.HK-2025-11-19-1308,N
2025-11-19T11:19:05,299.602,279,00700.HK-2025-11-19-1309,N
2025-11-19T11:19:10,299.555,234,00700.HK-2025-11-19-1310,N
2025-11-19T11:19:15,299.538,259,00700.HK-2025-11-19-1311,N
2025-11-19T11:19:20,299.599,210,00700.HK-2025-11-19-1312,N
2025-11-19T11:19:25,299.579,248,00700.HK-2025-11-19-1313,N
2025-11-19T11:19:30,299.618,165,00700.HK-2025-11-19-1314,N
2025-11-19T11:19:35,299.538,185,00700.HK-2025-11-19-1315,N
2025-11-19T11:19:40,299.629,257,00700.HK-2025-11-19-1316,N
2025-11-19T11:19:45,299.562,141,00700.HK-2025-11-19-1317,N
2025-11-19T11:19:50,299.638,143,00700.HK-2025-11-19-1318,N
2025-11-19T11:19:55,299.669,169,00700.HK-2025-11-19-1319,N
2025-11-19T11:20:00,299.766,161,00700.HK-2025-11-19-1320,N
2025-11-19T11:20:05,299.834,209,00700.HK-2025-11-19-1321,N
2025-11-19T11:20:10,299.85,101,00700.HK-2025-11-19-1322,N
2025-11-19T11:20:15,299.717,188,00700.HK-2025-11-19-1323,N
2025-11-19T11:20:20,299.732,143,00700.HK-2025-11-19-1324,N
2025-11-19T11:20:25,299.667,228,00700.HK-2025-11-19-1325,N
2025-11-19T11:20:30,299.701,193,00700.HK-2025-11-19-1326,N
2025-11-19T11:20:35,299.748,141,00700.HK-2025-11-19-1327,N
2025-11-19T11:20:40,299.726,282,00700.HK-2025-11-19-1328,N
2025-11-19T11:20:45,299.73,206,00700.HK-2025-11-19-1329,N
2025-11-19T11:20:50,299.868,130,00700.HK-2025-11-19-1330,N
2025-11-19T11:20:55,299.916,283,00700.HK-2025-11-19-1331,N
2025-11-19T11:21:00,299.897,242,00700.HK-2025-11-19-1332,N
2025-11-19T11:21:05,299.838,165,00700.HK-2025-11-19-1333,N
2025-11-19T11:21:10,299.861,239,00700.HK-2025-11-19-1334,N
2025-11-19T11:21:15,299.928,278,00700.HK-2025-11-19-1335,N
2025-11-19T11:21:20,299.924,259,00700.HK-2025-11-19-1336,N
2025-11-19T11:21:25,299.904,245,00700.HK-2025-11-19-1337,N
2025-11-19T11:21:30,299.916,222,00700.HK-2025-11-19-1338,N
2025-11-19T11:21:35,299.941,119,00700.HK-2025-11-19-1339,N
2025-11-19T11:21:40,299.874,205,00700.HK-2025-11-19-1340,N
2025-11-19T11:21:45,299.773,241,00700.HK-2025-11-19-1341,N
2025-11-19T11:21:50,299.825,216,00700.HK-2025-11-19-1342,N
2025-11-19T11:21:55,299.758,269,00700.HK-2025-11-19-1343,N
2025-11-19T11:22:00,299.88,207,00700.HK-2025-11-19-1344,N
2025-11-19T11:22:05,299.911,210,00700.HK-2025-11-19-1345,N
2025-11-19T11:22:10,299.942,194,00700.HK-2025-11-19-1346,N
2025-11-19T11:22:15,299.94,245,00700.HK-2025-11-19-1347,N
2025-11-19T11:22:20,300.081,129,00700.HK-2025-11-19-1348,N
2025-11-19T11:22:25,300.075,140,00700.HK-2025-11-19-1349,N
2025-11-19T11:22:30,300.17,170,00700.HK-2025-11-19-1350,N
2025-11-19T11:22:35,300.084,231,00700.HK-2025-11-19-1351,N
2025-11-19T11:22:40,300.188,233,00700.HK-2025-11-19-1352,N
2025-11-19T11:22:45,300.201,220,00700.HK-2025-11-19-1353,N
2025-11-19T11:22:50,300.286,156,00700.HK-2025-11-19-1354,N
2025-11-19T11:22:55,300.279,177,00700.HK-2025-11-19-1355,N
2025-11-19T11:23:00,300.209,183,00700.HK-2025-11-19-1356,N
2025-11-19T11:23:05,300.275,228,00700.HK-2025-11-19-1357,N
2025-11-19T11:23:10,300.314,207,00700.HK-2025-11-19-1358,N
2025-11-19T11:23:15,300.345,159,00700.HK-2025-11-19-1359,N
2025-11-19T11:23:20,300.327,209,00700.HK-2025-11-19-1360,N
2025-11-19T11:23:25,300.344,216,00700.HK-2025-11-19-1361,N
2025-11-19T11:23:30,300.335,181,00700.HK-2025-11-19-1362,N
2025-11-19T11:23:35,300.525,245,00700.HK-2025-11-19-1363,N
2025-11-19T11:23:40,300.55,188,00700.HK-2025-11-19-1364,N
2025-11-19T11:23:45,300.523,193,00700.HK-2025-11-19-1365,N
2025-11-19T11:23:50,300.54,105,00700.HK-2025-11-19-1366,N
2025-11-19T11:23:55,300.446,168,00700.HK-2025-11-19-1367,N
2025-11-19T11:24:00,300.458,188,00700.HK-2025-11-19-1368,N
2025-11-19T11:24:05,300.547,125,00700.HK-2025-11-19-1369,N
2025-11-19T11:24:10,300.502,276,00700.HK-2025-11-19-1370,N
2025-11-19T11:24:15,300.51,244,00700.HK-2025-11-19-1371,N
2025-11-19T11:24:20,300.633,165,00700.HK-2025-11-19-1372,N
2025-11-19T11:24:25,300.627,186,00700.HK-2025-11-19-1373,N
2025-11-19T11:24:30,300.51,184,00700.HK-2025-11-19-1374,N
2025-11-19T11:24:35,300.563,227,00700.HK-2025-11-19-1375,N
2025-11-19T11:24:40,300.6,181,00700.HK-2025-11-19-1376,N
2025-11-19T11:24:45,300.56,263,00700.HK-2025-11-19-1377,N
2025-11-19T11:24:50,300.53,214,00700.HK-2025-11-19-1378,N
2025-11-19T11:24:55,300.54,273,00700.HK-2025-11-19-1379,N
2025-11-19T11:25:00,300.599,135,00700.HK-2025-11-19-1380,N
2025-11-19T11:25:05,300.527,228,00700.HK-2025-11-19-1381,N
2025-11-19T11:25:10,300.523,177,00700.HK-2025-11-19-1382,N
2025-11-19T11:25:15,300.584,209,00700.HK-2025-11-19-1383,N
2025-11-19T11:25:20,300.588,238,00700.HK-2025-11-19-1384,N
2025-11-19T11:25:25,300.565,278,00700.HK-2025-11-19-1385,N
2025-11-19T11:25:30,300.518,232,00700.HK-2025-11-19-1386,N
2025-11-19T11:25:35,300.604,131,00700.HK-2025-11-19-1387,N
2025-11-19T11:25:40,300.583,257,00700.HK-2025-11-19-1388,N
2025-11-19T11:25:45,300.653,191,00700.HK-2025-11-19-1389,N
2025-11-19T11:25:50,300.609,247,00700.HK-2025-11-19-1390,N
2025-11-19T11:25:55,300.68,141,00700.HK-2025-11-19-1391,N
2025-11-19T11:26:00,300.607,211,00700.HK-2025-11-19-1392,N
2025-11-19T11:26:05,300.645,185,00700.HK-2025-11-19-1393,N
2025-11-19T11:26:10,300.686,164,00700.HK-2025-11-19-1394,N
2025-11-19T11:26:15,300.559,178,00700.HK-2025-11-19-1395,N
2025-11-19T11:26:20,300.563,186,00700.HK-2025-11-19-1396,N
2025-11-19T11:26:25,300.493,109,00700.HK-2025-11-19-1397,N
2025-11-19T11:26:30,300.462,244,00700.HK-2025-11-19-1398,N
2025-11-19T11:26:35,300.538,259,00700.HK-2025-11-19-1399,N
2025-11-19T11:26:40,300.489,142,00700.HK-2025-11-19-1400,N
2025-11-19T11:26:45,300.518,231,00700.HK-2025-11-19-1401,N
2025-11-19T11:26:50,300.542,99,00700.HK-2025-11-19-1402,N
2025-11-19T11:26:55,300.49,198,00700.HK-2025-11-19-1403,N
2025-11-19T11:27:00,300.52,238,00700.HK-2025-11-19-1404,N
2025-11-19T11:27:05,300.528,216,00700.HK-2025-11-19-1405,N
2025-11-19T11:27:10,300.533,234,00700.HK-2025-11-19-1406,N
2025-11-19T11:27:15,300.552,203,00700.HK-2025-11-19-1407,N
2025-11-19T11:27:20,300.536,204,00700.HK-2025-11-19-1408,N
2025-11-19T11:27:25,300.565,213,00700.HK-2025-11-19-1409,N
2025-11-19T11:27:30,300.588,267,00700.HK-2025-11-19-1410,N
2025-11-19T11:27:35,300.604,167,00700.HK-2025-11-19-1411,N
2025-11-19T11:27:40,300.657,131,00700.HK-2025-11-19-1412,N
2025-11-19T11:27:45,300.592,216,00700.HK-2025-11-19-1413,N
2025-11-19T11:27:50,300.623,137,00700.HK-2025-11-19-1414,N
2025-11-19T11:27:55,300.6,169,00700.HK-2025-11-19-1415,N
2025-11-19T11:28:00,300.571,247,00700.HK-2025-11-19-1416,N
2025-11-19T11:28:05,300.613,199,00700.HK-2025-11-19-1417,N
2025-11-19T11:28:10,300.581,132,00700.HK-2025-11-19-1418,N
2025-11-19T11:28:15,300.666,229,00700.HK-2025-11-19-1419,N
2025-11-19T11:28:20,300.623,235,00700.HK-2025-11-19-1420,N
2025-11-19T11:28:25,300.619,185,00700.HK-2025-11-19-1421,N
2025-11-19T11:28:30,300.645,162,00700.HK-2025-11-19-1422,N
2025-11-19T11:28:35,300.625,206,00700.HK-2025-11-19-1423,N
2025-11-19T11:28:40,300.595,233,00700.HK-2025-11-19-1424,N
2025-11-19T11:28:45,300.707,162,00700.HK-2025-11-19-1425,N
2025-11-19T11:28:50,300.607,99,00700.HK-2025-11-19-1426,N
2025-11-19T11:28:55,300.598,166,00700.HK-2025-11-19-1427,N
2025-11-19T11:29:00,300.61,206,00700.HK-2025-11-19-1428,N
2025-11-19T11:29:05,300.514,109,00700.HK-2025-11-19-1429,N
2025-11-19T11:29:10,300.532,206,00700.HK-2025-11-19-1430,N
2025-11-19T11:29:15,300.506,117,00700.HK-2025-11-19-1431,N
2025-11-19T11:29:20,300.535,263,00700.HK-2025-11-19-1432,N
2025-11-19T11:29:25,300.551,157,00700.HK-2025-11-19-1433,N
2025-11-19T11:29:30,300.554,131,00700.HK-2025-11-19-1434,N
2025-11-19T11:29:35,300.618,204,00700.HK-2025-11-19-1435,N
2025-11-19T11:29:40,300.511,184,00700.HK-2025-11-19-1436,N
2025-11-19T11:29:45,300.539,183,00700.HK-2025-11-19-1437,N
2025-11-19T11:29:50,300.522,138,00700.HK-2025-11-19-1438,N
2025-11-19T11:29:55,300.557,167,00700.HK-2025-11-19-1439,N
2025-11-19T11:30:00,300.427,181,00700.HK-2025-11-19-1440,N
2025-11-19T11:30:05,300.486,180,00700.HK-2025-11-19-1441,N
2025-11-19T11:30:10,300.59,221,00700.HK-2025-11-19-1442,N
2025-11-19T11:30:15,300.611,193,00700.HK-2025-11-19-1443,N
2025-11-19T11:30:20,300.607,186,00700.HK-2025-11-19-1444,N
2025-11-19T11:30:25,300.588,226,00700.HK-2025-11-19-1445,N
2025-11-19T11:30:30,300.532,146,00700.HK-2025-11-19-1446,N
2025-11-19T11:30:35,300.465,302,00700.HK-2025-11-19-1447,N
2025-11-19T11:30:40,300.496,215,00700.HK-2025-11-19-1448,N
2025-11-19T11:30:45,300.433,231,00700.HK-2025-11-19-1449,N
2025-11-19T11:30:50,300.426,210,00700.HK-2025-11-19-1450,N
2025-11-19T11:30:55,300.367,208,00700.HK-2025-11-19-1451,N
2025-11-19T11:31:00,300.342,161,00700.HK-2025-11-19-1452,N
2025-11-19T11:31:05,300.386,123,00700.HK-2025-11-19-1453,N
2025-11-19T11:31:10,300.42,234,00700.HK-2025-11-19-1454,N
2025-11-19T11:31:15,300.367,158,00700.HK-2025-11-19-1455,N
2025-11-19T11:31:20,300.354,214,00700.HK-2025-11-19-1456,N
2025-11-19T11:31:25,300.344,221,00700.HK-2025-11-19-1457,N
2025-11-19T11:31:30,300.45,174,00700.HK-2025-11-19-1458,N
2025-11-19T11:31:35,300.347,241,00700.HK-2025-11-19-1459,N
2025-11-19T11:31:40,300.448,219,00700.HK-2025-11-19-1460,N
2025-11-19T11:31:45,300.383,193,00700.HK-2025-11-19-1461,N
2025-11-19T11:31:50,300.316,232,00700.HK-2025-11-19-1462,N
2025-11-19T11:31:55,300.235,184,00700.HK-2025-11-19-1463,N
2025-11-19T11:32:00,300.174,206,00700.HK-2025-11-19-1464,N
2025-11-19T11:32:05,300.152,208,00700.HK-2025-11-19-1465,N
2025-11-19T11:32:10,300.154,150,00700.HK-2025-11-19-1466,N
2025-11-19T11:32:15,300.191,197,00700.HK-2025-11-19-1467,N
2025-11-19T11:32:20,300.132,312,00700.HK-2025-11-19-1468,N
2025-11-19T11:32:25,300.161,192,00700.HK-2025-11-19-1469,N
2025-11-19T11:32:30,300.245,292,00700.HK-2025-11-19-1470,N
2025-11-19T11:32:35,300.237,217,00700.HK-2025-11-19-1471,N
2025-11-19T11:32:40,300.177,192,00700.HK-2025-11-19-1472,N
2025-11-19T11:32:45,300.165,209,00700.HK-2025-11-19-1473,N
2025-11-19T11:32:50,300.185,227,00700.HK-2025-11-19-1474,N
2025-11-19T11:32:55,300.2,139,00700.HK-2025-11-19-1475,N
2025-11-19T11:33:00,300.143,172,00700.HK-2025-11-19-1476,N
2025-11-19T11:33:05,300.126,252,00700.HK-2025-11-19-1477,N
2025-11-19T11:33:10,300.057,182,00700.HK-2025-11-19-1478,N
2025-11-19T11:33:15,300.114,185,00700.HK-2025-11-19-1479,N
2025-11-19T11:33:20,300.141,193,00700.HK-2025-11-19-1480,N
2025-11-19T11:33:25,300.157,188,00700.HK-2025-11-19-1481,N
2025-11-19T11:33:30,300.197,122,00700.HK-2025-11-19-1482,N
2025-11-19T11:33:35,300.175,214,00700.HK-2025-11-19-1483,N
2025-11-19T11:33:40,300.207,274,00700.HK-2025-11-19-1484,N
2025-11-19T11:33:45,300.184,273,00700.HK-2025-11-19-1485,N
2025-11-19T11:33:50,300.144,266,00700.HK-2025-11-19-1486,N
2025-11-19T11:33:55,300.193,154,00700.HK-2025-11-19-1487,N
2025-11-19T11:34:00,300.212,197,00700.HK-2025-11-19-1488,N
2025-11-19T11:34:05,300.249,188,00700.HK-2025-11-19-1489,N
2025-11-19T11:34:10,300.231,268,00700.HK-2025-11-19-1490,N
2025-11-19T11:34:15,300.225,241,00700.HK-2025-11-19-1491,N
2025-11-19T11:34:20,300.211,283,00700.HK-2025-11-19-1492,N
2025-11-19T11:34:25,300.171,169,00700.HK-2025-11-19-1493,N
2025-11-19T11:34:30,300.262,177,00700.HK-2025-11-19-1494,N
2025-11-19T11:34:35,300.358,244,00700.HK-2025-11-19-1495,N
2025-11-19T11:34:40,300.349,109,00700.HK-2025-11-19-1496,N
2025-11-19T11:34:45,300.348,205,00700.HK-2025-11-19-1497,N
2025-11-19T11:34:50,300.418,279,00700.HK-2025-11-19-1498,N
2025-11-19T11:34:55,300.377,240,00700.HK-2025-11-19-1499,N
2025-11-19T11:35:00,300.423,253,00700.HK-2025-11-19-1500,N
2025-11-19T11:35:05,300.453,102,00700.HK-2025-11-19-1501,N
2025-11-19T11:35:10,300.443,142,00700.HK-2025-11-19-1502,N
2025-11-19T11:35:15,300.431,249,00700.HK-2025-11-19-1503,N
2025-11-19T11:35:20,300.449,257,00700.HK-2025-11-19-1504,N
2025-11-19T11:35:25,300.47,135,00700.HK-2025-11-19-1505,N
2025-11-19T11:35:30,300.319,207,00700.HK-2025-11-19-1506,N
2025-11-19T11:35:35,300.306,151,00700.HK-2025-11-19-1507,N
2025-11-19T11:35:40,300.204,163,00700.HK-2025-11-19-1508,N
2025-11-19T11:35:45,300.192,233,00700.HK-2025-11-19-1509,N
2025-11-19T11:35:50,300.203,280,00700.HK-2025-11-19-1510,N
2025-11-19T11:35:55,300.141,244,00700.HK-2025-11-19-1511,N
2025-11-19T11:36:00,300.144,234,00700.HK-2025-11-19-1512,N
2025-11-19T11:36:05,300.118,253,00700.HK-2025-11-19-1513,N
2025-11-19T11:36:10,300.135,166,00700.HK-2025-11-19-1514,N
2025-11-19T11:36:15,300.135,188,00700.HK-2025-11-19-1515,N
2025-11-19T11:36:20,300.164,141,00700.HK-2025-11-19-1516,N
2025-11-19T11:36:25,300.162,219,00700.HK-2025-11-19-1517,N
2025-11-19T11:36:30,300.164,267,00700.HK-2025-11-19-1518,N
2025-11-19T11:36:35,300.211,199,00700.HK-2025-11-19-1519,N
2025-11-19T11:36:40,300.224,214,00700.HK-2025-11-19-1520,N
2025-11-19T11:36:45,300.248,108,00700.HK-2025-11-19-1521,N
2025-11-19T11:36:50,300.23,125,00700.HK-2025-11-19-1522,N
2025-11-19T11:36:55,300.307,196,00700.HK-2025-11-19-1523,N
2025-11-19T11:37:00,300.295,244,00700.HK-2025-11-19-1524,N
2025-11-19T11:37:05,300.32,143,00700.HK-2025-11-19-1525,N
2025-11-19T11:37:10,300.316,183,00700.HK-2025-11-19-1526,N
2025-11-19T11:37:15,300.211,165,00700.HK-2025-11-19-1527,N
2025-11-19T11:37:20,300.2,194,00700.HK-2025-11-19-1528,N
2025-11-19T11:37:25,300.111,257,00700.HK-2025-11-19-1529,N
2025-11-19T11:37:30,300.105,201,00700.HK-2025-11-19-1530,N
2025-11-19T11:37:35,300.129,160,00700.HK-2025-11-19-1531,N
2025-11-19T11:37:40,300.157,181,00700.HK-2025-11-19-1532,N
2025-11-19T11:37:45,300.103,228,00700.HK-2025-11-19-1533,N
2025-11-19T11:37:50,300.192,236,00700.HK-2025-11-19-1534,N
2025-11-19T11:37:55,300.248,173,00700.HK-2025-11-19-1535,N
2025-11-19T11:38:00,300.152,274,00700.HK-2025-11-19-1536,N
2025-11-19T11:38:05,300.275,277,00700.HK-2025-11-19-1537,N
2025-11-19T11:38:10,300.255,142,00700.HK-2025-11-19-1538,N
2025-11-19T11:38:15,300.191,115,00700.HK-2025-11-19-1539,N
2025-11-19T11:38:20,300.184,280,00700.HK-2025-11-19-1540,N
2025-11-19T11:38:25,300.176,215,00700.HK-2025-11-19-1541,N
2025-11-19T11:38:30,300.259,179,00700.HK-2025-11-19-1542,N
2025-11-19T11:38:35,300.381,299,00700.HK-2025-11-19-1543,N
2025-11-19T11:38:40,300.373,171,00700.HK-2025-11-19-1544,N
2025-11-19T11:38:45,300.415,182,00700.HK-2025-11-19-1545,N
2025-11-19T11:38:50,300.345,264,00700.HK-2025-11-19-1546,N
2025-11-19T11:38:55,300.418,207,00700.HK-2025-11-19-1547,N
2025-11-19T11:39:00,300.342,138,00700.HK-2025-11-19-1548,N
2025-11-19T11:39:05,300.349,175,00700.HK-2025-11-19-1549,N
2025-11-19T11:39:10,300.328,251,00700.HK-2025-11-19-1550,N
2025-11-19T11:39:15,300.372,268,00700.HK-2025-11-19-1551,N
2025-11-19T11:39:20,300.313,182,00700.HK-2025-11-19-1552,N
2025-11-19T11:39:25,300.359,222,00700.HK-2025-11-19-1553,N
2025-11-19T11:39:30,300.451,221,00700.HK-2025-11-19-1554,N
2025-11-19T11:39:35,300.562,227,00700.HK-2025-11-19-1555,N
2025-11-19T11:39:40,300.626,183,00700.HK-2025-11-19-1556,N
2025-11-19T11:39:45,300.626,245,00700.HK-2025-11-19-1557,N
2025-11-19T11:39:50,300.723,236,00700.HK-2025-11-19-1558,N
2025-11-19T11:39:55,300.718,268,00700.HK-2025-11-19-1559,N
2025-11-19T11:40:00,300.587,128,00700.HK-2025-11-19-1560,N
2025-11-19T11:40:05,300.627,200,00700.HK-2025-11-19-1561,N
2025-11-19T11:40:10,300.664,203,00700.HK-2025-11-19-1562,N
2025-11-19T11:40:15,300.698,159,00700.HK-2025-11-19-1563,N
2025-11-19T11:40:20,300.733,249,00700.HK-2025-11-19-1564,N
2025-11-19T11:40:25,300.806,300,00700.HK-2025-11-19-1565,N
2025-11-19T11:40:30,300.821,213,00700.HK-2025-11-19-1566,N
2025-11-19T11:40:35,300.729,173,00700.HK-2025-11-19-1567,N
2025-11-19T11:40:40,300.717,252,00700.HK-2025-11-19-1568,N
2025-11-19T11:40:45,300.681,239,00700.HK-2025-11-19-1569,N
2025-11-19T11:40:50,300.681,191,00700.HK-2025-11-19-1570,N
2025-11-19T11:40:55,300.696,180,00700.HK-2025-11-19-1571,N
2025-11-19T11:41:00,300.67,114,00700.HK-2025-11-19-1572,N
2025-11-19T11:41:05,300.655,176,00700.HK-2025-11-19-1573,N
2025-11-19T11:41:10,300.624,220,00700.HK-2025-11-19-1574,N
2025-11-19T11:41:15,300.663,211,00700.HK-2025-11-19-1575,N
2025-11-19T11:41:20,300.723,228,00700.HK-2025-11-19-1576,N
2025-11-19T11:41:25,300.705,176,00700.HK-2025-11-19-1577,N
2025-11-19T11:41:30,300.724,228,00700.HK-2025-11-19-1578,N
2025-11-19T11:41:35,300.808,259,00700.HK-2025-11-19-1579,N
2025-11-19T11:41:40,300.776,194,00700.HK-2025-11-19-1580,N
2025-11-19T11:41:45,300.816,253,00700.HK-2025-11-19-1581,N
2025-11-19T11:41:50,300.873,196,00700.HK-2025-11-19-1582,N
2025-11-19T11:41:55,300.797,150,00700.HK-2025-11-19-1583,N
2025-11-19T11:42:00,300.814,217,00700.HK-2025-11-19-1584,N
2025-11-19T11:42:05,300.747,202,00700.HK-2025-11-19-1585,N
2025-11-19T11:42:10,300.785,142,00700.HK-2025-11-19-1586,N
2025-11-19T11:42:15,300.852,181,00700.HK-2025-11-19-1587,N
2025-11-19T11:42:20,300.928,173,00700.HK-2025-11-19-1588,N
2025-11-19T11:42:25,300.866,177,00700.HK-2025-11-19-1589,N
2025-11-19T11:42:30,300.86,180,00700.HK-2025-11-19-1590,N
2025-11-19T11:42:35,300.847,216,00700.HK-2025-11-19-1591,N
2025-11-19T11:42:40,300.837,196,00700.HK-2025-11-19-1592,N
2025-11-19T11:42:45,300.734,219,00700.HK-2025-11-19-1593,N
2025-11-19T11:42:50,300.729,280,00700.HK-2025-11-19-1594,N
2025-11-19T11:42:55,300.672,109,00700.HK-2025-11-19-1595,N
2025-11-19T11:43:00,300.709,217,00700.HK-2025-11-19-1596,N
2025-11-19T11:43:05,300.649,123,00700.HK-2025-11-19-1597,N
2025-11-19T11:43:10,300.741,270,00700.HK-2025-11-19-1598,N
2025-11-19T11:43:15,300.591,177,00700.HK-2025-11-19-1599,N
2025-11-19T11:43:20,300.691,176,00700.HK-2025-11-19-1600,N
2025-11-19T11:43:25,300.662,185,00700.HK-2025-11-19-1601,N
2025-11-19T11:43:30,300.595,114,00700.HK-2025-11-19-1602,N
2025-11-19T11:43:35,300.658,107,00700.HK-2025-11-19-1603,N
2025-11-19T11:43:40,300.673,244,00700.HK-2025-11-19-1604,N
2025-11-19T11:43:45,300.585,153,00700.HK-2025-11-19-1605,N
2025-11-19T11:43:50,300.658,226,00700.HK-2025-11-19-1606,N
2025-11-19T11:43:55,300.621,260,00700.HK-2025-11-19-1607,N
2025-11-19T11:44:00,300.694,213,00700.HK-2025-11-19-1608,N
2025-11-19T11:44:05,300.64,179,00700.HK-2025-11-19-1609,N
2025-11-19T11:44:10,300.657,190,00700.HK-2025-11-19-1610,N
2025-11-19T11:44:15,300.713,123,00700.HK-2025-11-19-1611,N
2025-11-19T11:44:20,300.623,209,00700.HK-2025-11-19-1612,N
2025-11-19T11:44:25,300.594,168,00700.HK-2025-11-19-1613,N
2025-11-19T11:44:30,300.488,200,00700.HK-2025-11-19-1614,N
2025-11-19T11:44:35,300.484,232,00700.HK-2025-11-19-1615,N
2025-11-19T11:44:40,300.489,193,00700.HK-2025-11-19-1616,N
2025-11-19T11:44:45,300.559,134,00700.HK-2025-11-19-1617,N
2025-11-19T11:44:50,300.592,116,00700.HK-2025-11-19-1618,N
2025-11-19T11:44:55,300.541,139,00700.HK-2025-11-19-1619,N
2025-11-19T11:45:00,300.588,196,00700.HK-2025-11-19-1620,N
2025-11-19T11:45:05,300.587,144,00700.HK-2025-11-19-1621,N
2025-11-19T11:45:10,300.569,161,00700.HK-2025-11-19-1622,N
2025-11-19T11:45:15,300.592,150,00700.HK-2025-11-19-1623,N
2025-11-19T11:45:20,300.672,116,00700.HK-2025-11-19-1624,N
2025-11-19T11:45:25,300.624,283,00700.HK-2025-11-19-1625,N
2025-11-19T11:45:30,300.598,134,00700.HK-2025-11-19-1626,N
2025-11-19T11:45:35,300.611,176,00700.HK-2025-11-19-1627,N
2025-11-19T11:45:40,300.561,145,00700.HK-2025-11-19-1628,N
2025-11-19T11:45:45,300.727,187,00700.HK-2025-11-19-1629,N
2025-11-19T11:45:50,300.611,274,00700.HK-2025-11-19-1630,N
2025-11-19T11:45:55,300.648,161,00700.HK-2025-11-19-1631,N
2025-11-19T11:46:00,300.592,233,00700.HK-2025-11-19-1632,N
2025-11-19T11:46:05,300.577,103,00700.HK-2025-11-19-1633,N
2025-11-19T11:46:10,300.684,178,00700.HK-2025-11-19-1634,N
2025-11-19T11:46:15,300.774,263,00700.HK-2025-11-19-1635,N
2025-11-19T11:46:20,300.714,251,00700.HK-2025-11-19-1636,N
2025-11-19T11:46:25,300.675,106,00700.HK-2025-11-19-1637,N
2025-11-19T11:46:30,300.649,219,00700.HK-2025-11-19-1638,N
2025-11-19T11:46:35,300.622,184,00700.HK-2025-11-19-1639,N
2025-11-19T11:46:40,300.69,205,00700.HK-2025-11-19-1640,N
2025-11-19T11:46:45,300.64,235,00700.HK-2025-11-19-1641,N
2025-11-19T11:46:50,300.652,73,00700.HK-2025-11-19-1642,N
2025-11-19T11:46:55,300.677,219,00700.HK-2025-11-19-1643,N
2025-11-19T11:47:00,300.679,244,00700.HK-2025-11-19-1644,N
2025-11-19T11:47:05,300.638,216,00700.HK-2025-11-19-1645,N
2025-11-19T11:47:10,300.544,220,00700.HK-2025-11-19-1646,N
2025-11-19T11:47:15,300.661,150,00700.HK-2025-11-19-1647,N
2025-11-19T11:47:20,300.616,164,00700.HK-2025-11-19-1648,N
2025-11-19T11:47:25,300.623,146,00700.HK-2025-11-19-1649,N
2025-11-19T11:47:30,300.649,242,00700.HK-2025-11-19-1650,N
2025-11-19T11:47:35,300.681,111,00700.HK-2025-11-19-1651,N
2025-11-19T11:47:40,300.741,246,00700.HK-2025-11-19-1652,N
2025-11-19T11:47:45,300.791,218,00700.HK-2025-11-19-1653,N
2025-11-19T11:47:50,300.804,251,00700.HK-2025-11-19-1654,N
2025-11-19T11:47:55,300.92,152,00700.HK-2025-11-19-1655,N
2025-11-19T11:48:00,300.984,195,00700.HK-2025-11-19-1656,N
2025-11-19T11:48:05,300.977,123,00700.HK-2025-11-19-1657,N
2025-11-19T11:48:10,300.96,150,00700.HK-2025-11-19-1658,N
2025-11-19T11:48:15,300.932,145,00700.HK-2025-11-19-1659,N
2025-11-19T11:48:20,300.905,179,00700.HK-2025-11-19-1660,N
2025-11-19T11:48:25,300.91,119,00700.HK-2025-11-19-1661,N
2025-11-19T11:48:30,300.823,218,00700.HK-2025-11-19-1662,N
2025-11-19T11:48:35,300.775,253,00700.HK-2025-11-19-1663,N
2025-11-19T11:48:40,300.789,230,00700.HK-2025-11-19-1664,N
2025-11-19T11:48:45,300.874,184,00700.HK-2025-11-19-1665,N
2025-11-19T11:48:50,300.839,243,00700.HK-2025-11-19-1666,N
2025-11-19T11:48:55,300.87,190,00700.HK-2025-11-19-1667,N
2025-11-19T11:49:00,300.954,189,00700.HK-2025-11-19-1668,N
2025-11-19T11:49:05,300.956,201,00700.HK-2025-11-19-1669,N
2025-11-19T11:49:10,300.899,203,00700.HK-2025-11-19-1670,N
2025-11-19T11:49:15,300.983,222,00700.HK-2025-11-19-1671,N
2025-11-19T11:49:20,300.985,191,00700.HK-2025-11-19-1672,N
2025-11-19T11:49:25,301.005,237,00700.HK-2025-11-19-1673,N
2025-11-19T11:49:30,301.042,183,00700.HK-2025-11-19-1674,N
2025-11-19T11:49:35,301.061,223,00700.HK-2025-11-19-1675,N
2025-11-19T11:49:40,301.001,208,00700.HK-2025-11-19-1676,N
2025-11-19T11:49:45,300.871,224,00700.HK-2025-11-19-1677,N
2025-11-19T11:49:50,300.91,237,00700.HK-2025-11-19-1678,N
2025-11-19T11:49:55,300.887,215,00700.HK-2025-11-19-1679,N
2025-11-19T11:50:00,300.972,270,00700.HK-2025-11-19-1680,N
2025-11-19T11:50:05,300.971,206,00700.HK-2025-11-19-1681,N
2025-11-19T11:50:10,301.037,124,00700.HK-2025-11-19-1682,N
2025-11-19T11:50:15,301.018,266,00700.HK-2025-11-19-1683,N
2025-11-19T11:50:20,301.077,218,00700.HK-2025-11-19-1684,N
2025-11-19T11:50:25,300.986,197,00700.HK-2025-11-19-1685,N
2025-11-19T11:50:30,300.951,216,00700.HK-2025-11-19-1686,N
2025-11-19T11:50:35,300.902,148,00700.HK-2025-11-19-1687,N
2025-11-19T11:50:40,300.778,261,00700.HK-2025-11-19-1688,N
2025-11-19T11:50:45,300.754,207,00700.HK-2025-11-19-1689,N
2025-11-19T11:50:50,300.753,146,00700.HK-2025-11-19-1690,N
2025-11-19T11:50:55,300.678,149,00700.HK-2025-11-19-1691,N
2025-11-19T11:51:00,300.634,218,00700.HK-2025-11-19-1692,N
2025-11-19T11:51:05,300.586,287,00700.HK-2025-11-19-1693,N
2025-11-19T11:51:10,300.648,240,00700.HK-2025-11-19-1694,N
2025-11-19T11:51:15,300.641,275,00700.HK-2025-11-19-1695,N
2025-11-19T11:51:20,300.628,198,00700.HK-2025-11-19-1696,N
2025-11-19T11:51:25,300.638,235,00700.HK-2025-11-19-1697,N
2025-11-19T11:51:30,300.676,176,00700.HK-2025-11-19-1698,N
2025-11-19T11:51:35,300.644,231,00700.HK-2025-11-19-1699,N
2025-11-19T11:51:40,300.687,180,00700.HK-2025-11-19-1700,N
2025-11-19T11:51:45,300.592,189,00700.HK-2025-11-19-1701,N
2025-11-19T11:51:50,300.629,290,00700.HK-2025-11-19-1702,N
2025-11-19T11:51:55,300.557,178,00700.HK-2025-11-19-1703,N
2025-11-19T11:52:00,300.534,267,00700.HK-2025-11-19-1704,N
2025-11-19T11:52:05,300.532,154,00700.HK-2025-11-19-1705,N
2025-11-19T11:52:10,300.565,179,00700.HK-2025-11-19-1706,N
2025-11-19T11:52:15,300.492,155,00700.HK-2025-11-19-1707,N
2025-11-19T11:52:20,300.596,219,00700.HK-2025-11-19-1708,N
2025-11-19T11:52:25,300.602,187,00700.HK-2025-11-19-1709,N
2025-11-19T11:52:30,300.62,214,00700.HK-2025-11-19-1710,N
2025-11-19T11:52:35,300.638,205,00700.HK-2025-11-19-1711,N
2025-11-19T11:52:40,300.69,201,00700.HK-2025-11-19-1712,N
2025-11-19T11:52:45,300.631,169,00700.HK-2025-11-19-1713,N
2025-11-19T11:52:50,300.512,301,00700.HK-2025-11-19-1714,N
2025-11-19T11:52:55,300.564,158,00700.HK-2025-11-19-1715,N
2025-11-19T11:53:00,300.547,168,00700.HK-2025-11-19-1716,N
2025-11-19T11:53:05,300.64,129,00700.HK-2025-11-19-1717,N
2025-11-19T11:53:10,300.646,194,00700.HK-2025-11-19-1718,N
2025-11-19T11:53:15,300.696,194,00700.HK-2025-11-19-1719,N
2025-11-19T11:53:20,300.59,187,00700.HK-2025-11-19-1720,N
2025-11-19T11:53:25,300.532,203,00700.HK-2025-11-19-1721,N
2025-11-19T11:53:30,300.618,113,00700.HK-2025-11-19-1722,N
2025-11-19T11:53:35,300.57,172,00700.HK-2025-11-19-1723,N
2025-11-19T11:53:40,300.547,237,00700.HK-2025-11-19-1724,N
2025-11-19T11:53:45,300.537,220,00700.HK-2025-11-19-1725,N
2025-11-19T11:53:50,300.499,211,00700.HK-2025-11-19-1726,N
2025-11-19T11:53:55,300.546,163,00700.HK-2025-11-19-1727,N
2025-11-19T11:54:00,300.593,202,00700.HK-2025-11-19-1728,N
2025-11-19T11:54:05,300.656,189,00700.HK-2025-11-19-1729,N
2025-11-19T11:54:10,300.679,197,00700.HK-2025-11-19-1730,N
2025-11-19T11:54:15,300.673,212,00700.HK-2025-11-19-1731,N
2025-11-19T11:54:20,300.705,137,00700.HK-2025-11-19-1732,N
2025-11-19T11:54:25,300.791,107,00700.HK-2025-11-19-1733,N
2025-11-19T11:54:30,300.75,195,00700.HK-2025-11-19-1734,N
2025-11-19T11:54:35,300.775,278,00700.HK-2025-11-19-1735,N
2025-11-19T11:54:40,300.663,174,00700.HK-2025-11-19-1736,N
2025-11-19T11:54:45,300.535,201,00700.HK-2025-11-19-1737,N
2025-11-19T11:54:50,300.552,279,00700.HK-2025-11-19-1738,N
2025-11-19T11:54:55,300.559,252,00700.HK-2025-11-19-1739,N
2025-11-19T11:55:00,300.594,178,00700.HK-2025-11-19-1740,N
2025-11-19T11:55:05,300.509,213,00700.HK-2025-11-19-1741,N
2025-11-19T11:55:10,300.42,264,00700.HK-2025-11-19-1742,N
2025-11-19T11:55:15,300.41,259,00700.HK-2025-11-19-1743,N
2025-11-19T11:55:20,300.381,213,00700.HK-2025-11-19-1744,N
2025-11-19T11:55:25,300.394,197,00700.HK-2025-11-19-1745,N
2025-11-19T11:55:30,300.368,219,00700.HK-2025-11-19-1746,N
2025-11-19T11:55:35,300.312,139,00700.HK-2025-11-19-1747,N
2025-11-19T11:55:40,300.387,236,00700.HK-2025-11-19-1748,N
2025-11-19T11:55:45,300.391,283,00700.HK-2025-11-19-1749,N
2025-11-19T11:55:50,300.374,266,00700.HK-2025-11-19-1750,N
2025-11-19T11:55:55,300.385,148,00700.HK-2025-11-19-1751,N
2025-11-19T11:56:00,300.496,249,00700.HK-2025-11-19-1752,N
2025-11-19T11:56:05,300.489,236,00700.HK-2025-11-19-1753,N
2025-11-19T11:56:10,300.464,241,00700.HK-2025-11-19-1754,N
2025-11-19T11:56:15,300.321,149,00700.HK-2025-11-19-1755,N
2025-11-19T11:56:20,300.38,187,00700.HK-2025-11-19-1756,N
2025-11-19T11:56:25,300.392,132,00700.HK-2025-11-19-1757,N
2025-11-19T11:56:30,300.503,259,00700.HK-2025-11-19-1758,N
2025-11-19T11:56:35,300.491,179,00700.HK-2025-11-19-1759,N
2025-11-19T11:56:40,300.553,299,00700.HK-2025-11-19-1760,N
2025-11-19T11:56:45,300.61,308,00700.HK-2025-11-19-1761,N
2025-11-19T11:56:50,300.555,159,00700.HK-2025-11-19-1762,N
2025-11-19T11:56:55,300.483,222,00700.HK-2025-11-19-1763,N
2025-11-19T11:57:00,300.494,192,00700.HK-2025-11-19-1764,N
2025-11-19T11:57:05,300.542,261,00700.HK-2025-11-19-1765,N
2025-11-19T11:57:10,300.451,170,00700.HK-2025-11-19-1766,N
2025-11-19T11:57:15,300.5,176,00700.HK-2025-11-19-1767,N
2025-11-19T11:57:20,300.452,250,00700.HK-2025-11-19-1768,N
2025-11-19T11:57:25,300.375,184,00700.HK-2025-11-19-1769,N
2025-11-19T11:57:30,300.394,171,00700.HK-2025-11-19-1770,N
2025-11-19T11:57:35,300.441,171,00700.HK-2025-11-19-1771,N
2025-11-19T11:57:40,300.526,193,00700.HK-2025-11-19-1772,N
2025-11-19T11:57:45,300.566,237,00700.HK-2025-11-19-1773,N
2025-11-19T11:57:50,300.529,97,00700.HK-2025-11-19-1774,N
2025-11-19T11:57:55,300.55,203,00700.HK-2025-11-19-1775,N
2025-11-19T11:58:00,300.584,188,00700.HK-2025-11-19-1776,N
2025-11-19T11:58:05,300.558,300,00700.HK-2025-11-19-1777,N
2025-11-19T11:58:10,300.469,236,00700.HK-2025-11-19-1778,N
2025-11-19T11:58:15,300.435,183,00700.HK-2025-11-19-1779,N
2025-11-19T11:58:20,300.416,159,00700.HK-2025-11-19-1780,N
2025-11-19T11:58:25,300.45,269,00700.HK-2025-11-19-1781,N
2025-11-19T11:58:30,300.478,205,00700.HK-2025-11-19-1782,N
2025-11-19T11:58:35,300.419,225,00700.HK-2025-11-19-1783,N
2025-11-19T11:58:40,300.549,180,00700.HK-2025-11-19-1784,N
2025-11-19T11:58:45,300.526,171,00700.HK-2025-11-19-1785,N
2025-11-19T11:58:50,300.497,62,00700.HK-2025-11-19-1786,N
2025-11-19T11:58:55,300.521,157,00700.HK-2025-11-19-1787,N
2025-11-19T11:59:00,300.424,237,00700.HK-2025-11-19-1788,N
2025-11-19T11:59:05,300.359,183,00700.HK-2025-11-19-1789,N
2025-11-19T11:59:10,300.447,129,00700.HK-2025-11-19-1790,N
2025-11-19T11:59:15,300.355,213,00700.HK-2025-11-19-1791,N
2025-11-19T11:59:20,300.424,121,00700.HK-2025-11-19-1792,N
2025-11-19T11:59:25,300.449,229,00700.HK-2025-11-19-1793,N
2025-11-19T11:59:30,300.325,239,00700.HK-2025-11-19-1794,N
2025-11-19T11:59:35,300.378,184,00700.HK-2025-11-19-1795,N
2025-11-19T11:59:40,300.453,256,00700.HK-2025-11-19-1796,N
2025-11-19T11:59:45,300.459,177,00700.HK-2025-11-19-1797,N
2025-11-19T11:59:50,300.401,198,00700.HK-2025-11-19-1798,N
2025-11-19T11:59:55,300.435,183,00700.HK-2025-11-19-1799,N
2025-11-19T12:00:00,300.303,263,00700.HK-2025-11-19-1800,N
2025-11-19T12:00:05,300.314,181,00700.HK-2025-11-19-1801,N
2025-11-19T12:00:10,300.366,276,00700.HK-2025-11-19-1802,N
2025-11-19T12:00:15,300.197,221,00700.HK-2025-11-19-1803,N
2025-11-19T12:00:20,300.112,224,00700.HK-2025-11-19-1804,N
2025-11-19T12:00:25,300.119,231,00700.HK-2025-11-19-1805,N
2025-11-19T12:00:30,300.089,106,00700.HK-2025-11-19-1806,N
2025-11-19T12:00:35,300.062,220,00700.HK-2025-11-19-1807,N
2025-11-19T12:00:40,300.123,141,00700.HK-2025-11-19-1808,N
2025-11-19T12:00:45,300.185,167,00700.HK-2025-11-19-1809,N
2025-11-19T12:00:50,300.207,174,00700.HK-2025-11-19-1810,N
2025-11-19T12:00:55,300.218,244,00700.HK-2025-11-19-1811,N
2025-11-19T12:01:00,300.144,166,00700.HK-2025-11-19-1812,N
2025-11-19T12:01:05,300.155,320,00700.HK-2025-11-19-1813,N
2025-11-19T12:01:10,300.103,302,00700.HK-2025-11-19-1814,N
2025-11-19T12:01:15,300.224,195,00700.HK-2025-11-19-1815,N
2025-11-19T12:01:20,300.206,165,00700.HK-2025-11-19-1816,N
2025-11-19T12:01:25,300.202,129,00700.HK-2025-11-19-1817,N
2025-11-19T12:01:30,300.197,274,00700.HK-2025-11-19-1818,N
2025-11-19T12:01:35,300.16,187,00700.HK-2025-11-19-1819,N
2025-11-19T12:01:40,300.058,218,00700.HK-2025-11-19-1820,N
2025-11-19T12:01:45,300.074,203,00700.HK-2025-11-19-1821,N
2025-11-19T12:01:50,300.061,185,00700.HK-2025-11-19-1822,N
2025-11-19T12:01:55,300.091,198,00700.HK-2025-11-19-1823,N
2025-11-19T12:02:00,300.11,210,00700.HK-2025-11-19-1824,N
2025-11-19T12:02:05,300.178,233,00700.HK-2025-11-19-1825,N
2025-11-19T12:02:10,300.189,275,00700.HK-2025-11-19-1826,N
2025-11-19T12:02:15,300.214,265,00700.HK-2025-11-19-1827,N
2025-11-19T12:02:20,300.251,107,00700.HK-2025-11-19-1828,N
2025-11-19T12:02:25,300.329,206,00700.HK-2025-11-19-1829,N
2025-11-19T12:02:30,300.326,214,00700.HK-2025-11-19-1830,N
2025-11-19T12:02:35,300.305,211,00700.HK-2025-11-19-1831,N
2025-11-19T12:02:40,300.27,263,00700.HK-2025-11-19-1832,N
2025-11-19T12:02:45,300.263,180,00700.HK-2025-11-19-1833,N
2025-11-19T12:02:50,300.207,213,00700.HK-2025-11-19-1834,N
2025-11-19T12:02:55,300.219,219,00700.HK-2025-11-19-1835,N
2025-11-19T12:03:00,300.157,119,00700.HK-2025-11-19-1836,N
2025-11-19T12:03:05,300.195,274,00700.HK-2025-11-19-1837,N
2025-11-19T12:03:10,300.133,279,00700.HK-2025-11-19-1838,N
2025-11-19T12:03:15,300.15,199,00700.HK-2025-11-19-1839,N
2025-11-19T12:03:20,300.126,130,00700.HK-2025-11-19-1840,N
2025-11-19T12:03:25,300.185,161,00700.HK-2025-11-19-1841,N
2025-11-19T12:03:30,300.139,249,00700.HK-2025-11-19-1842,N
2025-11-19T12:03:35,300.025,123,00700.HK-2025-11-19-1843,N
2025-11-19T12:03:40,300.024,214,00700.HK-2025-11-19-1844,N
2025-11-19T12:03:45,300.053,184,00700.HK-2025-11-19-1845,N
2025-11-19T12:03:50,300.205,188,00700.HK-2025-11-19-1846,N
2025-11-19T12:03:55,300.191,160,00700.HK-2025-11-19-1847,N
2025-11-19T12:04:00,300.199,230,00700.HK-2025-11-19-1848,N
2025-11-19T12:04:05,300.271,125,00700.HK-2025-11-19-1849,N
2025-11-19T12:04:10,300.256,222,00700.HK-2025-11-19-1850,N
2025-11-19T12:04:15,300.292,200,00700.HK-2025-11-19-1851,N
2025-11-19T12:04:20,300.324,159,00700.HK-2025-11-19-1852,N
2025-11-19T12:04:25,300.418,249,00700.HK-2025-11-19-1853,N
2025-11-19T12:04:30,300.337,146,00700.HK-2025-11-19-1854,N
2025-11-19T12:04:35,300.274,233,00700.HK-2025-11-19-1855,N
2025-11-19T12:04:40,300.197,183,00700.HK-2025-11-19-1856,N
2025-11-19T12:04:45,300.224,196,00700.HK-2025-11-19-1857,N
2025-11-19T12:04:50,300.24,146,00700.HK-2025-11-19-1858,N
2025-11-19T12:04:55,300.276,169,00700.HK-2025-11-19-1859,N
2025-11-19T12:05:00,300.256,211,00700.HK-2025-11-19-1860,N
2025-11-19T12:05:05,300.262,201,00700.HK-2025-11-19-1861,N
2025-11-19T12:05:10,300.217,185,00700.HK-2025-11-19-1862,N
2025-11-19T12:05:15,300.217,131,00700.HK-2025-11-19-1863,N
2025-11-19T12:05:20,300.19,219,00700.HK-2025-11-19-1864,N
2025-11-19T12:05:25,300.113,257,00700.HK-2025-11-19-1865,N
2025-11-19T12:05:30,300.189,137,00700.HK-2025-11-19-1866,N
2025-11-19T12:05:35,300.271,192,00700.HK-2025-11-19-1867,N
2025-11-19T12:05:40,300.296,175,00700.HK-2025-11-19-1868,N
2025-11-19T12:05:45,300.351,220,00700.HK-2025-11-19-1869,N
2025-11-19T12:05:50,300.302,141,00700.HK-2025-11-19-1870,N
2025-11-19T12:05:55,300.214,209,00700.HK-2025-11-19-1871,N
2025-11-19T12:06:00,300.249,232,00700.HK-2025-11-19-1872,N
2025-11-19T12:06:05,300.242,142,00700.HK-2025-11-19-1873,N
2025-11-19T12:06:10,300.201,257,00700.HK-2025-11-19-1874,N
2025-11-19T12:06:15,300.172,207,00700.HK-2025-11-19-1875,N
2025-11-19T12:06:20,300.107,216,00700.HK-2025-11-19-1876,N
2025-11-19T12:06:25,300.08,252,00700.HK-2025-11-19-1877,N
2025-11-19T12:06:30,300.126,175,00700.HK-2025-11-19-1878,N
2025-11-19T12:06:35,300.119,172,00700.HK-2025-11-19-1879,N
2025-11-19T12:06:40,300.033,157,00700.HK-2025-11-19-1880,N
2025-11-19T12:06:45,300.045,216,00700.HK-2025-11-19-1881,N
2025-11-19T12:06:50,300.054,184,00700.HK-2025-11-19-1882,N
2025-11-19T12:06:55,300.11,203,00700.HK-2025-11-19-1883,N
2025-11-19T12:07:00,300.152,111,00700.HK-2025-11-19-1884,N
2025-11-19T12:07:05,299.917,214,00700.HK-2025-11-19-1885,N
2025-11-19T12:07:10,299.831,189,00700.HK-2025-11-19-1886,N
2025-11-19T12:07:15,299.813,279,00700.HK-2025-11-19-1887,N
2025-11-19T12:07:20,299.837,208,00700.HK-2025-11-19-1888,N
2025-11-19T12:07:25,299.887,218,00700.HK-2025-11-19-1889,N
2025-11-19T12:07:30,299.86,253,00700.HK-2025-11-19-1890,N
2025-11-19T12:07:35,299.793,216,00700.HK-2025-11-19-1891,N
2025-11-19T12:07:40,299.701,210,00700.HK-2025-11-19-1892,N
2025-11-19T12:07:45,299.712,283,00700.HK-2025-11-19-1893,N
2025-11-19T12:07:50,299.618,169,00700.HK-2025-11-19-1894,N
2025-11-19T12:07:55,299.668,216,00700.HK-2025-11-19-1895,N
2025-11-19T12:08:00,299.679,152,00700.HK-2025-11-19-1896,N
2025-11-19T12:08:05,299.643,262,00700.HK-2025-11-19-1897,N
2025-11-19T12:08:10,299.64,218,00700.HK-2025-11-19-1898,N
2025-11-19T12:08:15,299.633,140,00700.HK-2025-11-19-1899,N
2025-11-19T12:08:20,299.689,225,00700.HK-2025-11-19-1900,N
2025-11-19T12:08:25,299.827,149,00700.HK-2025-11-19-1901,N
2025-11-19T12:08:30,299.877,134,00700.HK-2025-11-19-1902,N
2025-11-19T12:08:35,299.886,248,00700.HK-2025-11-19-1903,N
2025-11-19T12:08:40,299.762,189,00700.HK-2025-11-19-1904,N
2025-11-19T12:08:45,299.728,164,00700.HK-2025-11-19-1905,N
2025-11-19T12:08:50,299.751,256,00700.HK-2025-11-19-1906,N
2025-11-19T12:08:55,299.743,210,00700.HK-2025-11-19-1907,N
2025-11-19T12:09:00,299.75,200,00700.HK-2025-11-19-1908,N
2025-11-19T12:09:05,299.685,255,00700.HK-2025-11-19-1909,N
2025-11-19T12:09:10,299.702,219,00700.HK-2025-11-19-1910,N
2025-11-19T12:09:15,299.654,177,00700.HK-2025-11-19-1911,N
2025-11-19T12:09:20,299.643,123,00700.HK-2025-11-19-1912,N
2025-11-19T12:09:25,299.542,169,00700.HK-2025-11-19-1913,N
2025-11-19T12:09:30,299.574,167,00700.HK-2025-11-19-1914,N
2025-11-19T12:09:35,299.513,159,00700.HK-2025-11-19-1915,N
2025-11-19T12:09:40,299.485,182,00700.HK-2025-11-19-1916,N
2025-11-19T12:09:45,299.615,252,00700.HK-2025-11-19-1917,N
2025-11-19T12:09:50,299.676,258,00700.HK-2025-11-19-1918,N
2025-11-19T12:09:55,299.617,138,00700.HK-2025-11-19-1919,N
2025-11-19T12:10:00,299.55,266,00700.HK-2025-11-19-1920,N
2025-11-19T12:10:05,299.517,137,00700.HK-2025-11-19-1921,N
2025-11-19T12:10:10,299.492,188,00700.HK-2025-11-19-1922,N
2025-11-19T12:10:15,299.508,212,00700.HK-2025-11-19-1923,N
2025-11-19T12:10:20,299.458,234,00700.HK-2025-11-19-1924,N
2025-11-19T12:10:25,299.42,192,00700.HK-2025-11-19-1925,N
2025-11-19T12:10:30,299.461,167,00700.HK-2025-11-19-1926,N
2025-11-19T12:10:35,299.427,229,00700.HK-2025-11-19-1927,N
2025-11-19T12:10:40,299.375,180,00700.HK-2025-11-19-1928,N
2025-11-19T12:10:45,299.409,302,00700.HK-2025-11-19-1929,N
2025-11-19T12:10:50,299.445,223,00700.HK-2025-11-19-1930,N
2025-11-19T12:10:55,299.477,146,00700.HK-2025-11-19-1931,N
2025-11-19T12:11:00,299.484,198,00700.HK-2025-11-19-1932,N
2025-11-19T12:11:05,299.503,205,00700.HK-2025-11-19-1933,N
2025-11-19T12:11:10,299.526,184,00700.HK-2025-11-19-1934,N
2025-11-19T12:11:15,299.529,138,00700.HK-2025-11-19-1935,N
2025-11-19T12:11:20,299.51,269,00700.HK-2025-11-19-1936,N
2025-11-19T12:11:25,299.529,198,00700.HK-2025-11-19-1937,N
2025-11-19T12:11:30,299.643,131,00700.HK-2025-11-19-1938,N
2025-11-19T12:11:35,299.576,285,00700.HK-2025-11-19-1939,N
2025-11-19T12:11:40,299.579,187,00700.HK-2025-11-19-1940,N
2025-11-19T12:11:45,299.507,222,00700.HK-2025-11-19-1941,N
2025-11-19T12:11:50,299.54,145,00700.HK-2025-11-19-1942,N
2025-11-19T12:11:55,299.531,183,00700.HK-2025-11-19-1943,N
2025-11-19T12:12:00,299.547,144,00700.HK-2025-11-19-1944,N
2025-11-19T12:12:05,299.622,245,00700.HK-2025-11-19-1945,N
2025-11-19T12:12:10,299.6,189,00700.HK-2025-11-19-1946,N
2025-11-19T12:12:15,299.592,161,00700.HK-2025-11-19-1947,N
2025-11-19T12:12:20,299.565,186,00700.HK-2025-11-19-1948,N
2025-11-19T12:12:25,299.662,247,00700.HK-2025-11-19-1949,N
2025-11-19T12:12:30,299.718,218,00700.HK-2025-11-19-1950,N
2025-11-19T12:12:35,299.651,197,00700.HK-2025-11-19-1951,N
2025-11-19T12:12:40,299.709,137,00700.HK-2025-11-19-1952,N
2025-11-19T12:12:45,299.747,316,00700.HK-2025-11-19-1953,N
2025-11-19T12:12:50,299.811,270,00700.HK-2025-11-19-1954,N
2025-11-19T12:12:55,299.824,248,00700.HK-2025-11-19-1955,N
2025-11-19T12:13:00,299.781,239,00700.HK-2025-11-19-1956,N
2025-11-19T12:13:05,299.82,214,00700.HK-2025-11-19-1957,N
2025-11-19T12:13:10,299.899,173,00700.HK-2025-11-19-1958,N
2025-11-19T12:13:15,299.888,204,00700.HK-2025-11-19-1959,N
2025-11-19T12:13:20,299.826,211,00700.HK-2025-11-19-1960,N
2025-11-19T12:13:25,299.723,252,00700.HK-2025-11-19-1961,N
2025-11-19T12:13:30,299.726,173,00700.HK-2025-11-19-1962,N
2025-11-19T12:13:35,299.676,188,00700.HK-2025-11-19-1963,N
2025-11-19T12:13:40,299.717,227,00700.HK-2025-11-19-1964,N
2025-11-19T12:13:45,299.675,157,00700.HK-2025-11-19-1965,N
2025-11-19T12:13:50,299.714,163,00700.HK-2025-11-19-1966,N
2025-11-19T12:13:55,299.718,206,00700.HK-2025-11-19-1967,N
2025-11-19T12:14:00,299.736,242,00700.HK-2025-11-19-1968,N
2025-11-19T12:14:05,299.661,104,00700.HK-2025-11-19-1969,N
2025-11-19T12:14:10,299.627,290,00700.HK-2025-11-19-1970,N
2025-11-19T12:14:15,299.748,291,00700.HK-2025-11-19-1971,N
2025-11-19T12:14:20,299.736,110,00700.HK-2025-11-19-1972,N
2025-11-19T12:14:25,299.596,169,00700.HK-2025-11-19-1973,N
2025-11-19T12:14:30,299.584,265,00700.HK-2025-11-19-1974,N
2025-11-19T12:14:35,299.636,211,00700.HK-2025-11-19-1975,N
2025-11-19T12:14:40,299.583,151,00700.HK-2025-11-19-1976,N
2025-11-19T12:14:45,299.598,234,00700.HK-2025-11-19-1977,N
2025-11-19T12:14:50,299.621,148,00700.HK-2025-11-19-1978,N
2025-11-19T12:14:55,299.66,221,00700.HK-2025-11-19-1979,N
2025-11-19T12:15:00,299.596,160,00700.HK-2025-11-19-1980,N
2025-11-19T12:15:05,299.637,188,00700.HK-2025-11-19-1981,N
2025-11-19T12:15:10,299.733,225,00700.HK-2025-11-19-1982,N
2025-11-19T12:15:15,299.703,199,00700.HK-2025-11-19-1983,N
2025-11-19T12:15:20,299.707,163,00700.HK-2025-11-19-1984,N
2025-11-19T12:15:25,299.653,235,00700.HK-2025-11-19-1985,N
2025-11-19T12:15:30,299.703,230,00700.HK-2025-11-19-1986,N
2025-11-19T12:15:35,299.794,172,00700.HK-2025-11-19-1987,N
2025-11-19T12:15:40,299.894,154,00700.HK-2025-11-19-1988,N
2025-11-19T12:15:45,299.834,112,00700.HK-2025-11-19-1989,N
2025-11-19T12:15:50,299.807,174,00700.HK-2025-11-19-1990,N
2025-11-19T12:15:55,299.838,212,00700.HK-2025-11-19-1991,N
2025-11-19T12:16:00,299.767,180,00700.HK-2025-11-19-1992,N
2025-11-19T12:16:05,299.745,111,00700.HK-2025-11-19-1993,N
2025-11-19T12:16:10,299.686,161,00700.HK-2025-11-19-1994,N
2025-11-19T12:16:15,299.772,209,00700.HK-2025-11-19-1995,N
2025-11-19T12:16:20,299.811,125,00700.HK-2025-11-19-1996,N
2025-11-19T12:16:25,299.883,265,00700.HK-2025-11-19-1997,N
2025-11-19T12:16:30,299.763,164,00700.HK-2025-11-19-1998,N
2025-11-19T12:16:35,299.793,232,00700.HK-2025-11-19-1999,N
2025-11-19T12:16:40,299.752,184,00700.HK-2025-11-19-2000,N
2025-11-19T12:16:45,299.716,205,00700.HK-2025-11-19-2001,N
2025-11-19T12:16:50,299.788,161,00700.HK-2025-11-19-2002,N
2025-11-19T12:16:55,299.848,160,00700.HK-2025-11-19-2003,N
2025-11-19T12:17:00,299.797,240,00700.HK-2025-11-19-2004,N
2025-11-19T12:17:05,299.853,242,00700.HK-2025-11-19-2005,N
2025-11-19T12:17:10,299.774,176,00700.HK-2025-11-19-2006,N
2025-11-19T12:17:15,299.823,202,00700.HK-2025-11-19-2007,N
2025-11-19T12:17:20,299.759,222,00700.HK-2025-11-19-2008,N
2025-11-19T12:17:25,299.716,289,00700.HK-2025-11-19-2009,N
2025-11-19T12:17:30,299.808,230,00700.HK-2025-11-19-2010,N
2025-11-19T12:17:35,299.89,203,00700.HK-2025-11-19-2011,N
2025-11-19T12:17:40,299.936,273,00700.HK-2025-11-19-2012,N
2025-11-19T12:17:45,299.951,187,00700.HK-2025-11-19-2013,N
2025-11-19T12:17:50,299.848,195,00700.HK-2025-11-19-2014,N
2025-11-19T12:17:55,299.898,247,00700.HK-2025-11-19-2015,N
2025-11-19T12:18:00,299.928,172,00700.HK-2025-11-19-2016,N
2025-11-19T12:18:05,299.81,175,00700.HK-2025-11-19-2017,N
2025-11-19T12:18:10,299.791,184,00700.HK-2025-11-19-2018,N
2025-11-19T12:18:15,299.828,299,00700.HK-2025-11-19-2019,N
2025-11-19T12:18:20,299.836,189,00700.HK-2025-11-19-2020,N
2025-11-19T12:18:25,299.82,206,00700.HK-2025-11-19-2021,N
2025-11-19T12:18:30,299.771,206,00700.HK-2025-11-19-2022,N
2025-11-19T12:18:35,299.798,210,00700.HK-2025-11-19-2023,N
2025-11-19T12:18:40,299.825,221,00700.HK-2025-11-19-2024,N
2025-11-19T12:18:45,299.719,231,00700.HK-2025-11-19-2025,N
2025-11-19T12:18:50,299.679,145,00700.HK-2025-11-19-2026,N
2025-11-19T12:18:55,299.612,221,00700.HK-2025-11-19-2027,N
2025-11-19T12:19:00,299.599,115,00700.HK-2025-11-19-2028,N
2025-11-19T12:19:05,299.628,128,00700.HK-2025-11-19-2029,N
2025-11-19T12:19:10,299.636,211,00700.HK-2025-11-19-2030,N
2025-11-19T12:19:15,299.689,289,00700.HK-2025-11-19-2031,N
2025-11-19T12:19:20,299.607,197,00700.HK-2025-11-19-2032,N
2025-11-19T12:19:25,299.591,221,00700.HK-2025-11-19-2033,N
2025-11-19T12:19:30,299.604,182,00700.HK-2025-11-19-2034,N
2025-11-19T12:19:35,299.577,144,00700.HK-2025-11-19-2035,N
2025-11-19T12:19:40,299.636,222,00700.HK-2025-11-19-2036,N
2025-11-19T12:19:45,299.691,184,00700.HK-2025-11-19-2037,N
2025-11-19T12:19:50,299.652,146,00700.HK-2025-11-19-2038,N
2025-11-19T12:19:55,299.674,148,00700.HK-2025-11-19-2039,N
2025-11-19T12:20:00,299.784,134,00700.HK-2025-11-19-2040,N
2025-11-19T12:20:05,299.801,278,00700.HK-2025-11-19-2041,N
2025-11-19T12:20:10,299.837,208,00700.HK-2025-11-19-2042,N
2025-11-19T12:20:15,299.779,130,00700.HK-2025-11-19-2043,N
2025-11-19T12:20:20,299.825,275,00700.HK-2025-11-19-2044,N
2025-11-19T12:20:25,299.798,143,00700.HK-2025-11-19-2045,N
2025-11-19T12:20:30,299.651,150,00700.HK-2025-11-19-2046,N
2025-11-19T12:20:35,299.644,279,00700.HK-2025-11-19-2047,N
2025-11-19T12:20:40,299.685,215,00700.HK-2025-11-19-2048,N
2025-11-19T12:20:45,299.661,170,00700.HK-2025-11-19-2049,N
2025-11-19T12:20:50,299.745,210,00700.HK-2025-11-19-2050,N
2025-11-19T12:20:55,299.619,166,00700.HK-2025-11-19-2051,N
2025-11-19T12:21:00,299.567,172,00700.HK-2025-11-19-2052,N
2025-11-19T12:21:05,299.601,194,00700.HK-2025-11-19-2053,N
2025-11-19T12:21:10,299.597,265,00700.HK-2025-11-19-2054,N
2025-11-19T12:21:15,299.555,293,00700.HK-2025-11-19-2055,N
2025-11-19T12:21:20,299.515,204,00700.HK-2025-11-19-2056,N
2025-11-19T12:21:25,299.498,206,00700.HK-2025-11-19-2057,N
2025-11-19T12:21:30,299.524,221,00700.HK-2025-11-19-2058,N
2025-11-19T12:21:35,299.479,143,00700.HK-2025-11-19-2059,N
2025-11-19T12:21:40,299.629,175,00700.HK-2025-11-19-2060,N
2025-11-19T12:21:45,299.671,119,00700.HK-2025-11-19-2061,N
2025-11-19T12:21:50,299.654,193,00700.HK-2025-11-19-2062,N
2025-11-19T12:21:55,299.683,63,00700.HK-2025-11-19-2063,N
2025-11-19T12:22:00,299.693,142,00700.HK-2025-11-19-2064,N
2025-11-19T12:22:05,299.712,148,00700.HK-2025-11-19-2065,N
2025-11-19T12:22:10,299.661,186,00700.HK-2025-11-19-2066,N
2025-11-19T12:22:15,299.598,176,00700.HK-2025-11-19-2067,N
2025-11-19T12:22:20,299.526,108,00700.HK-2025-11-19-2068,N
2025-11-19T12:22:25,299.587,135,00700.HK-2025-11-19-2069,N
2025-11-19T12:22:30,299.576,237,00700.HK-2025-11-19-2070,N
2025-11-19T12:22:35,299.54,158,00700.HK-2025-11-19-2071,N
2025-11-19T12:22:40,299.553,255,00700.HK-2025-11-19-2072,N
2025-11-19T12:22:45,299.483,192,00700.HK-2025-11-19-2073,N
2025-11-19T12:22:50,299.379,180,00700.HK-2025-11-19-2074,N
2025-11-19T12:22:55,299.381,157,00700.HK-2025-11-19-2075,N
2025-11-19T12:23:00,299.354,129,00700.HK-2025-11-19-2076,N
2025-11-19T12:23:05,299.359,252,00700.HK-2025-11-19-2077,N
2025-11-19T12:23:10,299.293,168,00700.HK-2025-11-19-2078,N
2025-11-19T12:23:15,299.323,260,00700.HK-2025-11-19-2079,N
2025-11-19T12:23:20,299.234,191,00700.HK-2025-11-19-2080,N
2025-11-19T12:23:25,299.251,194,00700.HK-2025-11-19-2081,N
2025-11-19T12:23:30,299.102,225,00700.HK-2025-11-19-2082,N
2025-11-19T12:23:35,299.193,205,00700.HK-2025-11-19-2083,N
2025-11-19T12:23:40,299.132,174,00700.HK-2025-11-19-2084,N
2025-11-19T12:23:45,299.237,245,00700.HK-2025-11-19-2085,N
2025-11-19T12:23:50,299.276,217,00700.HK-2025-11-19-2086,N
2025-11-19T12:23:55,299.236,189,00700.HK-2025-11-19-2087,N
2025-11-19T12:24:00,299.232,227,00700.HK-2025-11-19-2088,N
2025-11-19T12:24:05,299.322,255,00700.HK-2025-11-19-2089,N
2025-11-19T12:24:10,299.237,211,00700.HK-2025-11-19-2090,N
2025-11-19T12:24:15,299.281,230,00700.HK-2025-11-19-2091,N
2025-11-19T12:24:20,299.243,345,00700.HK-2025-11-19-2092,N
2025-11-19T12:24:25,299.167,145,00700.HK-2025-11-19-2093,N
2025-11-19T12:24:30,299.181,305,00700.HK-2025-11-19-2094,N
2025-11-19T12:24:35,299.131,186,00700.HK-2025-11-19-2095,N
2025-11-19T12:24:40,299.195,199,00700.HK-2025-11-19-2096,N
2025-11-19T12:24:45,299.175,228,00700.HK-2025-11-19-2097,N
2025-11-19T12:24:50,299.192,251,00700.HK-2025-11-19-2098,N
2025-11-19T12:24:55,299.269,215,00700.HK-2025-11-19-2099,N
2025-11-19T12:25:00,299.286,210,00700.HK-2025-11-19-2100,N
2025-11-19T12:25:05,299.316,202,00700.HK-2025-11-19-2101,N
2025-11-19T12:25:10,299.315,259,00700.HK-2025-11-19-2102,N
2025-11-19T12:25:15,299.406,124,00700.HK-2025-11-19-2103,N
2025-11-19T12:25:20,299.407,165,00700.HK-2025-11-19-2104,N
2025-11-19T12:25:25,299.388,220,00700.HK-2025-11-19-2105,N
2025-11-19T12:25:30,299.428,194,00700.HK-2025-11-19-2106,N
2025-11-19T12:25:35,299.314,151,00700.HK-2025-11-19-2107,N
2025-11-19T12:25:40,299.367,62,00700.HK-2025-11-19-2108,N
2025-11-19T12:25:45,299.439,226,00700.HK-2025-11-19-2109,N
2025-11-19T12:25:50,299.517,190,00700.HK-2025-11-19-2110,N
2025-11-19T12:25:55,299.394,221,00700.HK-2025-11-19-2111,N
2025-11-19T12:26:00,299.47,246,00700.HK-2025-11-19-2112,N
2025-11-19T12:26:05,299.43,204,00700.HK-2025-11-19-2113,N
2025-11-19T12:26:10,299.399,159,00700.HK-2025-11-19-2114,N
2025-11-19T12:26:15,299.456,140,00700.HK-2025-11-19-2115,N
2025-11-19T12:26:20,299.402,144,00700.HK-2025-11-19-2116,N
2025-11-19T12:26:25,299.313,207,00700.HK-2025-11-19-2117,N
2025-11-19T12:26:30,299.383,190,00700.HK-2025-11-19-2118,N
2025-11-19T12:26:35,299.292,241,00700.HK-2025-11-19-2119,N
2025-11-19T12:26:40,299.393,167,00700.HK-2025-11-19-2120,N
2025-11-19T12:26:45,299.365,225,00700.HK-2025-11-19-2121,N
2025-11-19T12:26:50,299.462,174,00700.HK-2025-11-19-2122,N
2025-11-19T12:26:55,299.382,231,00700.HK-2025-11-19-2123,N
2025-11-19T12:27:00,299.43,200,00700.HK-2025-11-19-2124,N
2025-11-19T12:27:05,299.396,249,00700.HK-2025-11-19-2125,N
2025-11-19T12:27:10,299.428,161,00700.HK-2025-11-19-2126,N
2025-11-19T12:27:15,299.431,132,00700.HK-2025-11-19-2127,N
2025-11-19T12:27:20,299.472,186,00700.HK-2025-11-19-2128,N
2025-11-19T12:27:25,299.446,198,00700.HK-2025-11-19-2129,N
2025-11-19T12:27:30,299.448,244,00700.HK-2025-11-19-2130,N
2025-11-19T12:27:35,299.484,192,00700.HK-2025-11-19-2131,N
2025-11-19T12:27:40,299.529,220,00700.HK-2025-11-19-2132,N
2025-11-19T12:27:45,299.504,193,00700.HK-2025-11-19-2133,N
2025-11-19T12:27:50,299.495,225,00700.HK-2025-11-19-2134,N
2025-11-19T12:27:55,299.473,180,00700.HK-2025-11-19-2135,N
2025-11-19T12:28:00,299.591,246,00700.HK-2025-11-19-2136,N
2025-11-19T12:28:05,299.545,228,00700.HK-2025-11-19-2137,N
2025-11-19T12:28:10,299.552,219,00700.HK-2025-11-19-2138,N
2025-11-19T12:28:15,299.561,259,00700.HK-2025-11-19-2139,N
2025-11-19T12:28:20,299.581,196,00700.HK-2025-11-19-2140,N
2025-11-19T12:28:25,299.644,211,00700.HK-2025-11-19-2141,N
2025-11-19T12:28:30,299.651,215,00700.HK-2025-11-19-2142,N
2025-11-19T12:28:35,299.646,200,00700.HK-2025-11-19-2143,N
2025-11-19T12:28:40,299.61,162,00700.HK-2025-11-19-2144,N
2025-11-19T12:28:45,299.551,130,00700.HK-2025-11-19-2145,N
2025-11-19T12:28:50,299.498,191,00700.HK-2025-11-19-2146,N
2025-11-19T12:28:55,299.504,186,00700.HK-2025-11-19-2147,N
2025-11-19T12:29:00,299.363,278,00700.HK-2025-11-19-2148,N
2025-11-19T12:29:05,299.428,222,00700.HK-2025-11-19-2149,N
2025-11-19T12:29:10,299.542,151,00700.HK-2025-11-19-2150,N
2025-11-19T12:29:15,299.655,151,00700.HK-2025-11-19-2151,N
2025-11-19T12:29:20,299.67,136,00700.HK-2025-11-19-2152,N
2025-11-19T12:29:25,299.67,219,00700.HK-2025-11-19-2153,N
2025-11-19T12:29:30,299.661,235,00700.HK-2025-11-19-2154,N
2025-11-19T12:29:35,299.667,173,00700.HK-2025-11-19-2155,N
2025-11-19T12:29:40,299.633,240,00700.HK-2025-11-19-2156,N
2025-11-19T12:29:45,299.594,245,00700.HK-2025-11-19-2157,N
2025-11-19T12:29:50,299.667,116,00700.HK-2025-11-19-2158,N
2025-11-19T12:29:55,299.735,303,00700.HK-2025-11-19-2159,N
2025-11-19T12:30:00,299.75,229,00700.HK-2025-11-19-2160,N
2025-11-19T12:30:05,299.812,186,00700.HK-2025-11-19-2161,N
2025-11-19T12:30:10,299.823,134,00700.HK-2025-11-19-2162,N
2025-11-19T12:30:15,299.832,224,00700.HK-2025-11-19-2163,N
2025-11-19T12:30:20,299.863,253,00700.HK-2025-11-19-2164,N
2025-11-19T12:30:25,299.816,173,00700.HK-2025-11-19-2165,N
2025-11-19T12:30:30,299.93,192,00700.HK-2025-11-19-2166,N
2025-11-19T12:30:35,299.942,196,00700.HK-2025-11-19-2167,N
2025-11-19T12:30:40,299.892,281,00700.HK-2025-11-19-2168,N
2025-11-19T12:30:45,299.861,143,00700.HK-2025-11-19-2169,N
2025-11-19T12:30:50,299.834,99,00700.HK-2025-11-19-2170,N
2025-11-19T12:30:55,299.795,151,00700.HK-2025-11-19-2171,N
2025-11-19T12:31:00,299.832,166,00700.HK-2025-11-19-2172,N
2025-11-19T12:31:05,299.885,269,00700.HK-2025-11-19-2173,N
2025-11-19T12:31:10,299.932,189,00700.HK-2025-11-19-2174,N
2025-11-19T12:31:15,299.94,123,00700.HK-2025-11-19-2175,N
2025-11-19T12:31:20,299.932,156,00700.HK-2025-11-19-2176,N
2025-11-19T12:31:25,299.974,328,00700.HK-2025-11-19-2177,N
2025-11-19T12:31:30,300.004,100,00700.HK-2025-11-19-2178,N
2025-11-19T12:31:35,299.982,206,00700.HK-2025-11-19-2179,N
2025-11-19T12:31:40,299.987,163,00700.HK-2025-11-19-2180,N
2025-11-19T12:31:45,300.002,137,00700.HK-2025-11-19-2181,N
2025-11-19T12:31:50,299.946,232,00700.HK-2025-11-19-2182,N
2025-11-19T12:31:55,299.885,226,00700.HK-2025-11-19-2183,N
2025-11-19T12:32:00,299.802,288,00700.HK-2025-11-19-2184,N
2025-11-19T12:32:05,299.756,188,00700.HK-2025-11-19-2185,N
2025-11-19T12:32:10,299.776,171,00700.HK-2025-11-19-2186,N
2025-11-19T12:32:15,299.784,228,00700.HK-2025-11-19-2187,N
2025-11-19T12:32:20,299.842,239,00700.HK-2025-11-19-2188,N
2025-11-19T12:32:25,299.832,192,00700.HK-2025-11-19-2189,N
2025-11-19T12:32:30,299.973,247,00700.HK-2025-11-19-2190,N
2025-11-19T12:32:35,299.917,204,00700.HK-2025-11-19-2191,N
2025-11-19T12:32:40,299.897,193,00700.HK-2025-11-19-2192,N
2025-11-19T12:32:45,299.823,179,00700.HK-2025-11-19-2193,N
2025-11-19T12:32:50,299.932,228,00700.HK-2025-11-19-2194,N
2025-11-19T12:32:55,299.783,260,00700.HK-2025-11-19-2195,N
2025-11-19T12:33:00,299.848,182,00700.HK-2025-11-19-2196,N
2025-11-19T12:33:05,299.891,157,00700.HK-2025-11-19-2197,N
2025-11-19T12:33:10,299.863,274,00700.HK-2025-11-19-2198,N
2025-11-19T12:33:15,299.846,106,00700.HK-2025-11-19-2199,N
2025-11-19T12:33:20,299.843,196,00700.HK-2025-11-19-2200,N
2025-11-19T12:33:25,299.915,200,00700.HK-2025-11-19-2201,N
2025-11-19T12:33:30,299.889,252,00700.HK-2025-11-19-2202,N
2025-11-19T12:33:35,299.897,162,00700.HK-2025-11-19-2203,N
2025-11-19T12:33:40,299.966,209,00700.HK-2025-11-19-2204,N
2025-11-19T12:33:45,299.966,208,00700.HK-2025-11-19-2205,N
2025-11-19T12:33:50,299.902,173,00700.HK-2025-11-19-2206,N
2025-11-19T12:33:55,299.902,190,00700.HK-2025-11-19-2207,N
2025-11-19T12:34:00,299.978,210,00700.HK-2025-11-19-2208,N
2025-11-19T12:34:05,300.03,200,00700.HK-2025-11-19-2209,N
2025-11-19T12:34:10,300.093,219,00700.HK-2025-11-19-2210,N
2025-11-19T12:34:15,300.094,199,00700.HK-2025-11-19-2211,N
2025-11-19T12:34:20,300.036,225,00700.HK-2025-11-19-2212,N
2025-11-19T12:34:25,300.034,174,00700.HK-2025-11-19-2213,N
2025-11-19T12:34:30,300.1,137,00700.HK-2025-11-19-2214,N
2025-11-19T12:34:35,300.075,251,00700.HK-2025-11-19-2215,N
2025-11-19T12:34:40,300.094,197,00700.HK-2025-11-19-2216,N
2025-11-19T12:34:45,300.109,208,00700.HK-2025-11-19-2217,N
2025-11-19T12:34:50,300.018,182,00700.HK-2025-11-19-2218,N
2025-11-19T12:34:55,300.115,167,00700.HK-2025-11-19-2219,N
2025-11-19T12:35:00,300.096,172,00700.HK-2025-11-19-2220,N
2025-11-19T12:35:05,300.091,170,00700.HK-2025-11-19-2221,N
2025-11-19T12:35:10,300.12,209,00700.HK-2025-11-19-2222,N
2025-11-19T12:35:15,300.166,147,00700.HK-2025-11-19-2223,N
2025-11-19T12:35:20,300.146,188,00700.HK-2025-11-19-2224,N
2025-11-19T12:35:25,300.173,160,00700.HK-2025-11-19-2225,N
2025-11-19T12:35:30,300.228,259,00700.HK-2025-11-19-2226,N
2025-11-19T12:35:35,300.169,175,00700.HK-2025-11-19-2227,N
2025-11-19T12:35:40,300.137,331,00700.HK-2025-11-19-2228,N
2025-11-19T12:35:45,300.111,283,00700.HK-2025-11-19-2229,N
2025-11-19T12:35:50,300.035,150,00700.HK-2025-11-19-2230,N
2025-11-19T12:35:55,299.994,157,00700.HK-2025-11-19-2231,N
2025-11-19T12:36:00,299.978,164,00700.HK-2025-11-19-2232,N
2025-11-19T12:36:05,299.929,257,00700.HK-2025-11-19-2233,N
2025-11-19T12:36:10,300.002,247,00700.HK-2025-11-19-2234,N
2025-11-19T12:36:15,300.034,204,00700.HK-2025-11-19-2235,N
2025-11-19T12:36:20,300.004,152,00700.HK-2025-11-19-2236,N
2025-11-19T12:36:25,300.025,141,00700.HK-2025-11-19-2237,N
2025-11-19T12:36:30,299.966,257,00700.HK-2025-11-19-2238,N
2025-11-19T12:36:35,300.08,219,00700.HK-2025-11-19-2239,N
2025-11-19T12:36:40,300.146,187,00700.HK-2025-11-19-2240,N
2025-11-19T12:36:45,300.066,230,00700.HK-2025-11-19-2241,N
2025-11-19T12:36:50,300.1,203,00700.HK-2025-11-19-2242,N
2025-11-19T12:36:55,300.086,248,00700.HK-2025-11-19-2243,N
2025-11-19T12:37:00,300.026,161,00700.HK-2025-11-19-2244,N
2025-11-19T12:37:05,299.966,204,00700.HK-2025-11-19-2245,N
2025-11-19T12:37:10,299.901,165,00700.HK-2025-11-19-2246,N
2025-11-19T12:37:15,299.858,186,00700.HK-2025-11-19-2247,N
2025-11-19T12:37:20,299.769,204,00700.HK-2025-11-19-2248,N
2025-11-19T12:37:25,299.844,206,00700.HK-2025-11-19-2249,N
2025-11-19T12:37:30,299.936,266,00700.HK-2025-11-19-2250,N
2025-11-19T12:37:35,299.983,203,00700.HK-2025-11-19-2251,N
2025-11-19T12:37:40,299.984,238,00700.HK-2025-11-19-2252,N
2025-11-19T12:37:45,299.961,105,00700.HK-2025-11-19-2253,N
2025-11-19T12:37:50,299.99,143,00700.HK-2025-11-19-2254,N
2025-11-19T12:37:55,299.933,200,00700.HK-2025-11-19-2255,N
2025-11-19T12:38:00,299.927,129,00700.HK-2025-11-19-2256,N
2025-11-19T12:38:05,299.937,248,00700.HK-2025-11-19-2257,N
2025-11-19T12:38:10,299.869,263,00700.HK-2025-11-19-2258,N
2025-11-19T12:38:15,299.776,305,00700.HK-2025-11-19-2259,N
2025-11-19T12:38:20,299.751,207,00700.HK-2025-11-19-2260,N
2025-11-19T12:38:25,299.638,196,00700.HK-2025-11-19-2261,N
2025-11-19T12:38:30,299.651,195,00700.HK-2025-11-19-2262,N
2025-11-19T12:38:35,299.617,152,00700.HK-2025-11-19-2263,N
2025-11-19T12:38:40,299.685,201,00700.HK-2025-11-19-2264,N
2025-11-19T12:38:45,299.778,173,00700.HK-2025-11-19-2265,N
2025-11-19T12:38:50,299.752,240,00700.HK-2025-11-19-2266,N
2025-11-19T12:38:55,299.654,139,00700.HK-2025-11-19-2267,N
2025-11-19T12:39:00,299.72,141,00700.HK-2025-11-19-2268,N
2025-11-19T12:39:05,299.611,293,00700.HK-2025-11-19-2269,N
2025-11-19T12:39:10,299.527,209,00700.HK-2025-11-19-2270,N
2025-11-19T12:39:15,299.532,59,00700.HK-2025-11-19-2271,N
2025-11-19T12:39:20,299.516,222,00700.HK-2025-11-19-2272,N
2025-11-19T12:39:25,299.537,245,00700.HK-2025-11-19-2273,N
2025-11-19T12:39:30,299.514,235,00700.HK-2025-11-19-2274,N
2025-11-19T12:39:35,299.472,129,00700.HK-2025-11-19-2275,N
2025-11-19T12:39:40,299.395,126,00700.HK-2025-11-19-2276,N
2025-11-19T12:39:45,299.455,124,00700.HK-2025-11-19-2277,N
2025-11-19T12:39:50,299.471,186,00700.HK-2025-11-19-2278,N
2025-11-19T12:39:55,299.465,268,00700.HK-2025-11-19-2279,N
2025-11-19T12:40:00,299.439,230,00700.HK-2025-11-19-2280,N
2025-11-19T12:40:05,299.441,192,00700.HK-2025-11-19-2281,N
2025-11-19T12:40:10,299.579,127,00700.HK-2025-11-19-2282,N
2025-11-19T12:40:15,299.656,232,00700.HK-2025-11-19-2283,N
2025-11-19T12:40:20,299.627,281,00700.HK-2025-11-19-2284,N
2025-11-19T12:40:25,299.517,173,00700.HK-2025-11-19-2285,N
2025-11-19T12:40:30,299.444,220,00700.HK-2025-11-19-2286,N
2025-11-19T12:40:35,299.378,221,00700.HK-2025-11-19-2287,N
2025-11-19T12:40:40,299.367,176,00700.HK-2025-11-19-2288,N
2025-11-19T12:40:45,299.39,186,00700.HK-2025-11-19-2289,N
2025-11-19T12:40:50,299.325,340,00700.HK-2025-11-19-2290,N
2025-11-19T12:40:55,299.295,89,00700.HK-2025-11-19-2291,N
2025-11-19T12:41:00,299.245,136,00700.HK-2025-11-19-2292,N
2025-11-19T12:41:05,299.294,216,00700.HK-2025-11-19-2293,N
2025-11-19T12:41:10,299.318,181,00700.HK-2025-11-19-2294,N
2025-11-19T12:41:15,299.302,181,00700.HK-2025-11-19-2295,N
2025-11-19T12:41:20,299.297,241,00700.HK-2025-11-19-2296,N
2025-11-19T12:41:25,299.317,225,00700.HK-2025-11-19-2297,N
2025-11-19T12:41:30,299.347,244,00700.HK-2025-11-19-2298,N
2025-11-19T12:41:35,299.364,217,00700.HK-2025-11-19-2299,N
2025-11-19T12:41:40,299.435,166,00700.HK-2025-11-19-2300,N
2025-11-19T12:41:45,299.384,140,00700.HK-2025-11-19-2301,N
2025-11-19T12:41:50,299.395,107,00700.HK-2025-11-19-2302,N
2025-11-19T12:41:55,299.423,194,00700.HK-2025-11-19-2303,N
2025-11-19T12:42:00,299.491,166,00700.HK-2025-11-19-2304,N
2025-11-19T12:42:05,299.478,256,00700.HK-2025-11-19-2305,N
2025-11-19T12:42:10,299.561,165,00700.HK-2025-11-19-2306,N
2025-11-19T12:42:15,299.572,214,00700.HK-2025-11-19-2307,N
2025-11-19T12:42:20,299.594,186,00700.HK-2025-11-19-2308,N
2025-11-19T12:42:25,299.671,105,00700.HK-2025-11-19-2309,N
2025-11-19T12:42:30,299.646,222,00700.HK-2025-11-19-2310,N
2025-11-19T12:42:35,299.673,267,00700.HK-2025-11-19-2311,N
2025-11-19T12:42:40,299.745,185,00700.HK-2025-11-19-2312,N
2025-11-19T12:42:45,299.823,164,00700.HK-2025-11-19-2313,N
2025-11-19T12:42:50,299.879,290,00700.HK-2025-11-19-2314,N
2025-11-19T12:42:55,299.952,205,00700.HK-2025-11-19-2315,N
2025-11-19T12:43:00,299.932,123,00700.HK-2025-11-19-2316,N
2025-11-19T12:43:05,299.951,144,00700.HK-2025-11-19-2317,N
2025-11-19T12:43:10,299.903,140,00700.HK-2025-11-19-2318,N
2025-11-19T12:43:15,299.875,198,00700.HK-2025-11-19-2319,N
2025-11-19T12:43:20,299.892,169,00700.HK-2025-11-19-2320,N
2025-11-19T12:43:25,299.956,189,00700.HK-2025-11-19-2321,N
2025-11-19T12:43:30,299.909,211,00700.HK-2025-11-19-2322,N
2025-11-19T12:43:35,300.026,216,00700.HK-2025-11-19-2323,N
2025-11-19T12:43:40,300.005,123,00700.HK-2025-11-19-2324,N
2025-11-19T12:43:45,299.992,211,00700.HK-2025-11-19-2325,N
2025-11-19T12:43:50,299.968,116,00700.HK-2025-11-19-2326,N
2025-11-19T12:43:55,299.917,272,00700.HK-2025-11-19-2327,N
2025-11-19T12:44:00,300.003,155,00700.HK-2025-11-19-2328,N
2025-11-19T12:44:05,300.044,141,00700.HK-2025-11-19-2329,N
2025-11-19T12:44:10,300.128,212,00700.HK-2025-11-19-2330,N
2025-11-19T12:44:15,300.185,114,00700.HK-2025-11-19-2331,N
2025-11-19T12:44:20,300.226,199,00700.HK-2025-11-19-2332,N
2025-11-19T12:44:25,300.277,245,00700.HK-2025-11-19-2333,N
2025-11-19T12:44:30,300.281,169,00700.HK-2025-11-19-2334,N
2025-11-19T12:44:35,300.327,196,00700.HK-2025-11-19-2335,N
2025-11-19T12:44:40,300.275,153,00700.HK-2025-11-19-2336,N
2025-11-19T12:44:45,300.186,174,00700.HK-2025-11-19-2337,N
2025-11-19T12:44:50,300.253,208,00700.HK-2025-11-19-2338,N
2025-11-19T12:44:55,300.221,240,00700.HK-2025-11-19-2339,N
2025-11-19T12:45:00,300.171,204,00700.HK-2025-11-19-2340,N
2025-11-19T12:45:05,300.16,238,00700.HK-2025-11-19-2341,N
2025-11-19T12:45:10,300.065,157,00700.HK-2025-11-19-2342,N
2025-11-19T12:45:15,299.967,187,00700.HK-2025-11-19-2343,N
2025-11-19T12:45:20,300.04,174,00700.HK-2025-11-19-2344,N
2025-11-19T12:45:25,300.009,243,00700.HK-2025-11-19-2345,N
2025-11-19T12:45:30,300.073,195,00700.HK-2025-11-19-2346,N
2025-11-19T12:45:35,300.114,146,00700.HK-2025-11-19-2347,N
2025-11-19T12:45:40,300.197,307,00700.HK-2025-11-19-2348,N
2025-11-19T12:45:45,300.228,95,00700.HK-2025-11-19-2349,N
2025-11-19T12:45:50,300.195,230,00700.HK-2025-11-19-2350,N
2025-11-19T12:45:55,300.169,263,00700.HK-2025-11-19-2351,N
2025-11-19T12:46:00,300.205,164,00700.HK-2025-11-19-2352,N
2025-11-19T12:46:05,300.207,155,00700.HK-2025-11-19-2353,N
2025-11-19T12:46:10,300.196,172,00700.HK-2025-11-19-2354,N
2025-11-19T12:46:15,300.266,305,00700.HK-2025-11-19-2355,N
2025-11-19T12:46:20,300.18,103,00700.HK-2025-11-19-2356,N
2025-11-19T12:46:25,300.166,124,00700.HK-2025-11-19-2357,N
2025-11-19T12:46:30,300.168,237,00700.HK-2025-11-19-2358,N
2025-11-19T12:46:35,300.258,210,00700.HK-2025-11-19-2359,N
2025-11-19T12:46:40,300.246,101,00700.HK-2025-11-19-2360,N
2025-11-19T12:46:45,300.248,203,00700.HK-2025-11-19-2361,N
2025-11-19T12:46:50,300.286,164,00700.HK-2025-11-19-2362,N
2025-11-19T12:46:55,300.26,126,00700.HK-2025-11-19-2363,N
2025-11-19T12:47:00,300.123,144,00700.HK-2025-11-19-2364,N
2025-11-19T12:47:05,300.028,216,00700.HK-2025-11-19-2365,N
2025-11-19T12:47:10,299.997,173,00700.HK-2025-11-19-2366,N
2025-11-19T12:47:15,299.938,38,00700.HK-2025-11-19-2367,N
2025-11-19T12:47:20,300.029,149,00700.HK-2025-11-19-2368,N
2025-11-19T12:47:25,300.004,127,00700.HK-2025-11-19-2369,N
2025-11-19T12:47:30,300.062,207,00700.HK-2025-11-19-2370,N
2025-11-19T12:47:35,300.013,180,00700.HK-2025-11-19-2371,N
2025-11-19T12:47:40,300.113,196,00700.HK-2025-11-19-2372,N
2025-11-19T12:47:45,300.102,152,00700.HK-2025-11-19-2373,N
2025-11-19T12:47:50,299.989,191,00700.HK-2025-11-19-2374,N
2025-11-19T12:47:55,300.008,254,00700.HK-2025-11-19-2375,N
2025-11-19T12:48:00,299.873,143,00700.HK-2025-11-19-2376,N
2025-11-19T12:48:05,299.839,199,00700.HK-2025-11-19-2377,N
2025-11-19T12:48:10,299.83,193,00700.HK-2025-11-19-2378,N
2025-11-19T12:48:15,299.854,154,00700.HK-2025-11-19-2379,N
2025-11-19T12:48:20,299.91,221,00700.HK-2025-11-19-2380,N
2025-11-19T12:48:25,299.891,280,00700.HK-2025-11-19-2381,N
2025-11-19T12:48:30,299.985,246,00700.HK-2025-11-19-2382,N
2025-11-19T12:48:35,299.803,278,00700.HK-2025-11-19-2383,N
2025-11-19T12:48:40,299.851,300,00700.HK-2025-11-19-2384,N
2025-11-19T12:48:45,299.925,278,00700.HK-2025-11-19-2385,N
2025-11-19T12:48:50,299.978,267,00700.HK-2025-11-19-2386,N
2025-11-19T12:48:55,300.098,210,00700.HK-2025-11-19-2387,N
2025-11-19T12:49:00,300.003,184,00700.HK-2025-11-19-2388,N
2025-11-19T12:49:05,300.027,203,00700.HK-2025-11-19-2389,N
2025-11-19T12:49:10,299.952,118,00700.HK-2025-11-19-2390,N
2025-11-19T12:49:15,299.907,240,00700.HK-2025-11-19-2391,N
2025-11-19T12:49:20,300.002,245,00700.HK-2025-11-19-2392,N
2025-11-19T12:49:25,300.066,195,00700.HK-2025-11-19-2393,N
2025-11-19T12:49:30,299.961,177,00700.HK-2025-11-19-2394,N
2025-11-19T12:49:35,299.946,175,00700.HK-2025-11-19-2395,N
2025-11-19T12:49:40,299.949,222,00700.HK-2025-11-19-2396,N
2025-11-19T12:49:45,300.0,186,00700.HK-2025-11-19-2397,N
2025-11-19T12:49:50,299.886,175,00700.HK-2025-11-19-2398,N
2025-11-19T12:49:55,299.888,261,00700.HK-2025-11-19-2399,N
2025-11-19T12:50:00,299.854,225,00700.HK-2025-11-19-2400,N
2025-11-19T12:50:05,299.872,202,00700.HK-2025-11-19-2401,N
2025-11-19T12:50:10,299.928,166,00700.HK-2025-11-19-2402,N
2025-11-19T12:50:15,299.893,199,00700.HK-2025-11-19-2403,N
2025-11-19T12:50:20,299.855,225,00700.HK-2025-11-19-2404,N
2025-11-19T12:50:25,299.812,211,00700.HK-2025-11-19-2405,N
2025-11-19T12:50:30,299.806,210,00700.HK-2025-11-19-2406,N
2025-11-19T12:50:35,299.778,183,00700.HK-2025-11-19-2407,N
2025-11-19T12:50:40,299.784,210,00700.HK-2025-11-19-2408,N
2025-11-19T12:50:45,299.784,285,00700.HK-2025-11-19-2409,N
2025-11-19T12:50:50,299.724,196,00700.HK-2025-11-19-2410,N
2025-11-19T12:50:55,299.63,218,00700.HK-2025-11-19-2411,N
2025-11-19T12:51:00,299.563,186,00700.HK-2025-11-19-2412,N
2025-11-19T12:51:05,299.541,214,00700.HK-2025-11-19-2413,N
2025-11-19T12:51:10,299.508,170,00700.HK-2025-11-19-2414,N
2025-11-19T12:51:15,299.594,214,00700.HK-2025-11-19-2415,N
2025-11-19T12:51:20,299.56,187,00700.HK-2025-11-19-2416,N
2025-11-19T12:51:25,299.659,188,00700.HK-2025-11-19-2417,N
2025-11-19T12:51:30,299.617,165,00700.HK-2025-11-19-2418,N
2025-11-19T12:51:35,299.585,170,00700.HK-2025-11-19-2419,N
2025-11-19T12:51:40,299.508,143,00700.HK-2025-11-19-2420,N
2025-11-19T12:51:45,299.458,229,00700.HK-2025-11-19-2421,N
2025-11-19T12:51:50,299.435,189,00700.HK-2025-11-19-2422,N
2025-11-19T12:51:55,299.511,264,00700.HK-2025-11-19-2423,N
2025-11-19T12:52:00,299.495,168,00700.HK-2025-11-19-2424,N
2025-11-19T12:52:05,299.443,234,00700.HK-2025-11-19-2425,N
2025-11-19T12:52:10,299.431,180,00700.HK-2025-11-19-2426,N
2025-11-19T12:52:15,299.382,161,00700.HK-2025-11-19-2427,N
2025-11-19T12:52:20,299.401,134,00700.HK-2025-11-19-2428,N
2025-11-19T12:52:25,299.461,173,00700.HK-2025-11-19-2429,N
2025-11-19T12:52:30,299.452,133,00700.HK-2025-11-19-2430,N
2025-11-19T12:52:35,299.451,183,00700.HK-2025-11-19-2431,N
2025-11-19T12:52:40,299.448,273,00700.HK-2025-11-19-2432,N
2025-11-19T12:52:45,299.458,160,00700.HK-2025-11-19-2433,N
2025-11-19T12:52:50,299.416,229,00700.HK-2025-11-19-2434,N
2025-11-19T12:52:55,299.494,214,00700.HK-2025-11-19-2435,N
2025-11-19T12:53:00,299.535,230,00700.HK-2025-11-19-2436,N
2025-11-19T12:53:05,299.62,102,00700.HK-2025-11-19-2437,N
2025-11-19T12:53:10,299.66,249,00700.HK-2025-11-19-2438,N
2025-11-19T12:53:15,299.58,155,00700.HK-2025-11-19-2439,N
2025-11-19T12:53:20,299.529,163,00700.HK-2025-11-19-2440,N
2025-11-19T12:53:25,299.5,212,00700.HK-2025-11-19-2441,N
2025-11-19T12:53:30,299.552,254,00700.HK-2025-11-19-2442,N
2025-11-19T12:53:35,299.501,157,00700.HK-2025-11-19-2443,N
2025-11-19T12:53:40,299.58,232,00700.HK-2025-11-19-2444,N
2025-11-19T12:53:45,299.585,223,00700.HK-2025-11-19-2445,N
2025-11-19T12:53:50,299.583,226,00700.HK-2025-11-19-2446,N
2025-11-19T12:53:55,299.563,213,00700.HK-2025-11-19-2447,N
2025-11-19T12:54:00,299.473,165,00700.HK-2025-11-19-2448,N
2025-11-19T12:54:05,299.432,181,00700.HK-2025-11-19-2449,N
2025-11-19T12:54:10,299.377,173,00700.HK-2025-11-19-2450,N
2025-11-19T12:54:15,299.286,227,00700.HK-2025-11-19-2451,N
2025-11-19T12:54:20,299.281,114,00700.HK-2025-11-19-2452,N
2025-11-19T12:54:25,299.231,216,00700.HK-2025-11-19-2453,N
2025-11-19T12:54:30,299.199,165,00700.HK-2025-11-19-2454,N
2025-11-19T12:54:35,299.194,217,00700.HK-2025-11-19-2455,N
2025-11-19T12:54:40,299.108,227,00700.HK-2025-11-19-2456,N
2025-11-19T12:54:45,299.06,199,00700.HK-2025-11-19-2457,N
2025-11-19T12:54:50,299.058,173,00700.HK-2025-11-19-2458,N
2025-11-19T12:54:55,298.997,185,00700.HK-2025-11-19-2459,N
2025-11-19T12:55:00,299.094,131,00700.HK-2025-11-19-2460,N
2025-11-19T12:55:05,299.196,187,00700.HK-2025-11-19-2461,N
2025-11-19T12:55:10,299.198,145,00700.HK-2025-11-19-2462,N
2025-11-19T12:55:15,299.151,174,00700.HK-2025-11-19-2463,N
2025-11-19T12:55:20,299.089,189,00700.HK-2025-11-19-2464,N
2025-11-19T12:55:25,299.065,292,00700.HK-2025-11-19-2465,N
2025-11-19T12:55:30,298.995,205,00700.HK-2025-11-19-2466,N
2025-11-19T12:55:35,299.01,146,00700.HK-2025-11-19-2467,N
2025-11-19T12:55:40,299.051,180,00700.HK-2025-11-19-2468,N
2025-11-19T12:55:45,298.902,232,00700.HK-2025-11-19-2469,N
2025-11-19T12:55:50,298.835,147,00700.HK-2025-11-19-2470,N
2025-11-19T12:55:55,298.876,182,00700.HK-2025-11-19-2471,N
2025-11-19T12:56:00,298.931,260,00700.HK-2025-11-19-2472,N
2025-11-19T12:56:05,298.892,239,00700.HK-2025-11-19-2473,N
2025-11-19T12:56:10,298.847,311,00700.HK-2025-11-19-2474,N
2025-11-19T12:56:15,298.806,251,00700.HK-2025-11-19-2475,N
2025-11-19T12:56:20,298.856,215,00700.HK-2025-11-19-2476,N
2025-11-19T12:56:25,298.816,192,00700.HK-2025-11-19-2477,N
2025-11-19T12:56:30,298.687,211,00700.HK-2025-11-19-2478,N
2025-11-19T12:56:35,298.708,206,00700.HK-2025-11-19-2479,N
2025-11-19T12:56:40,298.531,136,00700.HK-2025-11-19-2480,N
2025-11-19T12:56:45,298.486,214,00700.HK-2025-11-19-2481,N
2025-11-19T12:56:50,298.503,191,00700.HK-2025-11-19-2482,N
2025-11-19T12:56:55,298.541,148,00700.HK-2025-11-19-2483,N
2025-11-19T12:57:00,298.578,223,00700.HK-2025-11-19-2484,N
2025-11-19T12:57:05,298.6,190,00700.HK-2025-11-19-2485,N
2025-11-19T12:57:10,298.709,224,00700.HK-2025-11-19-2486,N
2025-11-19T12:57:15,298.652,212,00700.HK-2025-11-19-2487,N
2025-11-19T12:57:20,298.697,170,00700.HK-2025-11-19-2488,N
2025-11-19T12:57:25,298.762,219,00700.HK-2025-11-19-2489,N
2025-11-19T12:57:30,298.622,214,00700.HK-2025-11-19-2490,N
2025-11-19T12:57:35,298.597,226,00700.HK-2025-11-19-2491,N
2025-11-19T12:57:40,298.654,209,00700.HK-2025-11-19-2492,N
2025-11-19T12:57:45,298.753,191,00700.HK-2025-11-19-2493,N
2025-11-19T12:57:50,298.791,240,00700.HK-2025-11-19-2494,N
2025-11-19T12:57:55,298.785,238,00700.HK-2025-11-19-2495,N
2025-11-19T12:58:00,298.749,178,00700.HK-2025-11-19-2496,N
2025-11-19T12:58:05,298.671,212,00700.HK-2025-11-19-2497,N
2025-11-19T12:58:10,298.69,258,00700.HK-2025-11-19-2498,N
2025-11-19T12:58:15,298.738,185,00700.HK-2025-11-19-2499,N
2025-11-19T12:58:20,298.667,221,00700.HK-2025-11-19-2500,N
2025-11-19T12:58:25,298.733,237,00700.HK-2025-11-19-2501,N
2025-11-19T12:58:30,298.798,189,00700.HK-2025-11-19-2502,N
2025-11-19T12:58:35,298.77,163,00700.HK-2025-11-19-2503,N
2025-11-19T12:58:40,298.767,196,00700.HK-2025-11-19-2504,N
2025-11-19T12:58:45,298.779,193,00700.HK-2025-11-19-2505,N
2025-11-19T12:58:50,298.771,161,00700.HK-2025-11-19-2506,N
2025-11-19T12:58:55,298.828,203,00700.HK-2025-11-19-2507,N
2025-11-19T12:59:00,298.817,162,00700.HK-2025-11-19-2508,N
2025-11-19T12:59:05,298.738,265,00700.HK-2025-11-19-2509,N
2025-11-19T12:59:10,298.771,118,00700.HK-2025-11-19-2510,N
2025-11-19T12:59:15,298.816,246,00700.HK-2025-11-19-2511,N
2025-11-19T12:59:20,298.824,279,00700.HK-2025-11-19-2512,N
2025-11-19T12:59:25,298.837,129,00700.HK-2025-11-19-2513,N
2025-11-19T12:59:30,298.859,212,00700.HK-2025-11-19-2514,N
2025-11-19T12:59:35,298.823,228,00700.HK-2025-11-19-2515,N
2025-11-19T12:59:40,298.723,249,00700.HK-2025-11-19-2516,N
2025-11-19T12:59:45,298.67,150,00700.HK-2025-11-19-2517,N
2025-11-19T12:59:50,298.664,221,00700.HK-2025-11-19-2518,N
2025-11-19T12:59:55,298.673,162,00700.HK-2025-11-19-2519,N
2025-11-19T13:00:00,298.643,143,00700.HK-2025-11-19-2520,N
2025-11-19T13:00:05,298.63,253,00700.HK-2025-11-19-2521,N
2025-11-19T13:00:10,298.629,242,00700.HK-2025-11-19-2522,N
2025-11-19T13:00:15,298.716,170,00700.HK-2025-11-19-2523,N
2025-11-19T13:00:20,298.705,308,00700.HK-2025-11-19-2524,N
2025-11-19T13:00:25,298.792,116,00700.HK-2025-11-19-2525,N
2025-11-19T13:00:30,298.815,200,00700.HK-2025-11-19-2526,N
2025-11-19T13:00:35,298.864,162,00700.HK-2025-11-19-2527,N
2025-11-19T13:00:40,298.814,166,00700.HK-2025-11-19-2528,N
2025-11-19T13:00:45,298.78,240,00700.HK-2025-11-19-2529,N
2025-11-19T13:00:50,298.709,168,00700.HK-2025-11-19-2530,N
2025-11-19T13:00:55,298.602,250,00700.HK-2025-11-19-2531,N
2025-11-19T13:01:00,298.678,183,00700.HK-2025-11-19-2532,N
2025-11-19T13:01:05,298.66,222,00700.HK-2025-11-19-2533,N
2025-11-19T13:01:10,298.748,220,00700.HK-2025-11-19-2534,N
2025-11-19T13:01:15,298.707,119,00700.HK-2025-11-19-2535,N
2025-11-19T13:01:20,298.64,203,00700.HK-2025-11-19-2536,N
2025-11-19T13:01:25,298.601,209,00700.HK-2025-11-19-2537,N
2025-11-19T13:01:30,298.568,147,00700.HK-2025-11-19-2538,N
2025-11-19T13:01:35,298.498,278,00700.HK-2025-11-19-2539,N
2025-11-19T13:01:40,298.551,286,00700.HK-2025-11-19-2540,N
2025-11-19T13:01:45,298.583,178,00700.HK-2025-11-19-2541,N
2025-11-19T13:01:50,298.662,198,00700.HK-2025-11-19-2542,N
2025-11-19T13:01:55,298.675,197,00700.HK-2025-11-19-2543,N
2025-11-19T13:02:00,298.499,280,00700.HK-2025-11-19-2544,N
2025-11-19T13:02:05,298.529,216,00700.HK-2025-11-19-2545,N
2025-11-19T13:02:10,298.525,208,00700.HK-2025-11-19-2546,N
2025-11-19T13:02:15,298.489,230,00700.HK-2025-11-19-2547,N
2025-11-19T13:02:20,298.411,209,00700.HK-2025-11-19-2548,N
2025-11-19T13:02:25,298.445,190,00700.HK-2025-11-19-2549,N
2025-11-19T13:02:30,298.467,150,00700.HK-2025-11-19-2550,N
2025-11-19T13:02:35,298.409,211,00700.HK-2025-11-19-2551,N
2025-11-19T13:02:40,298.45,106,00700.HK-2025-11-19-2552,N
2025-11-19T13:02:45,298.481,172,00700.HK-2025-11-19-2553,N
2025-11-19T13:02:50,298.469,133,00700.HK-2025-11-19-2554,N
2025-11-19T13:02:55,298.418,248,00700.HK-2025-11-19-2555,N
2025-11-19T13:03:00,298.42,180,00700.HK-2025-11-19-2556,N
2025-11-19T13:03:05,298.413,224,00700.HK-2025-11-19-2557,N
2025-11-19T13:03:10,298.44,196,00700.HK-2025-11-19-2558,N
2025-11-19T13:03:15,298.505,248,00700.HK-2025-11-19-2559,N
2025-11-19T13:03:20,298.53,202,00700.HK-2025-11-19-2560,N
2025-11-19T13:03:25,298.569,215,00700.HK-2025-11-19-2561,N
2025-11-19T13:03:30,298.632,244,00700.HK-2025-11-19-2562,N
2025-11-19T13:03:35,298.571,145,00700.HK-2025-11-19-2563,N
2025-11-19T13:03:40,298.53,248,00700.HK-2025-11-19-2564,N
2025-11-19T13:03:45,298.435,219,00700.HK-2025-11-19-2565,N
2025-11-19T13:03:50,298.457,258,00700.HK-2025-11-19-2566,N
2025-11-19T13:03:55,298.468,132,00700.HK-2025-11-19-2567,N
2025-11-19T13:04:00,298.411,140,00700.HK-2025-11-19-2568,N
2025-11-19T13:04:05,298.378,190,00700.HK-2025-11-19-2569,N
2025-11-19T13:04:10,298.309,273,00700.HK-2025-11-19-2570,N
2025-11-19T13:04:15,298.23,267,00700.HK-2025-11-19-2571,N
2025-11-19T13:04:20,298.301,244,00700.HK-2025-11-19-2572,N
2025-11-19T13:04:25,298.259,217,00700.HK-2025-11-19-2573,N
2025-11-19T13:04:30,298.183,245,00700.HK-2025-11-19-2574,N
2025-11-19T13:04:35,298.179,179,00700.HK-2025-11-19-2575,N
2025-11-19T13:04:40,298.106,76,00700.HK-2025-11-19-2576,N
2025-11-19T13:04:45,298.044,255,00700.HK-2025-11-19-2577,N
2025-11-19T13:04:50,298.02,191,00700.HK-2025-11-19-2578,N
2025-11-19T13:04:55,298.059,290,00700.HK-2025-11-19-2579,N
2025-11-19T13:05:00,298.138,151,00700.HK-2025-11-19-2580,N
2025-11-19T13:05:05,298.022,317,00700.HK-2025-11-19-2581,N
2025-11-19T13:05:10,298.157,209,00700.HK-2025-11-19-2582,N
2025-11-19T13:05:15,298.081,248,00700.HK-2025-11-19-2583,N
2025-11-19T13:05:20,298.075,194,00700.HK-2025-11-19-2584,N
2025-11-19T13:05:25,298.128,216,00700.HK-2025-11-19-2585,N
2025-11-19T13:05:30,298.058,183,00700.HK-2025-11-19-2586,N
2025-11-19T13:05:35,298.097,225,00700.HK-2025-11-19-2587,N
2025-11-19T13:05:40,298.113,246,00700.HK-2025-11-19-2588,N
2025-11-19T13:05:45,298.091,208,00700.HK-2025-11-19-2589,N
2025-11-19T13:05:50,297.89,177,00700.HK-2025-11-19-2590,N
2025-11-19T13:05:55,297.935,180,00700.HK-2025-11-19-2591,N
2025-11-19T13:06:00,297.907,147,00700.HK-2025-11-19-2592,N
2025-11-19T13:06:05,297.967,227,00700.HK-2025-11-19-2593,N
2025-11-19T13:06:10,298.016,113,00700.HK-2025-11-19-2594,N
2025-11-19T13:06:15,298.007,185,00700.HK-2025-11-19-2595,N
2025-11-19T13:06:20,297.99,169,00700.HK-2025-11-19-2596,N
2025-11-19T13:06:25,297.97,242,00700.HK-2025-11-19-2597,N
2025-11-19T13:06:30,297.856,288,00700.HK-2025-11-19-2598,N
2025-11-19T13:06:35,297.884,197,00700.HK-2025-11-19-2599,N
2025-11-19T13:06:40,297.938,127,00700.HK-2025-11-19-2600,N
2025-11-19T13:06:45,297.899,193,00700.HK-2025-11-19-2601,N
2025-11-19T13:06:50,297.98,197,00700.HK-2025-11-19-2602,N
2025-11-19T13:06:55,298.007,170,00700.HK-2025-11-19-2603,N
2025-11-19T13:07:00,298.036,283,00700.HK-2025-11-19-2604,N
2025-11-19T13:07:05,298.095,195,00700.HK-2025-11-19-2605,N
2025-11-19T13:07:10,298.136,228,00700.HK-2025-11-19-2606,N
2025-11-19T13:07:15,298.166,255,00700.HK-2025-11-19-2607,N
2025-11-19T13:07:20,298.232,193,00700.HK-2025-11-19-2608,N
2025-11-19T13:07:25,298.27,180,00700.HK-2025-11-19-2609,N
2025-11-19T13:07:30,298.215,186,00700.HK-2025-11-19-2610,N
2025-11-19T13:07:35,298.21,116,00700.HK-2025-11-19-2611,N
2025-11-19T13:07:40,298.262,61,00700.HK-2025-11-19-2612,N
2025-11-19T13:07:45,298.424,275,00700.HK-2025-11-19-2613,N
2025-11-19T13:07:50,298.408,200,00700.HK-2025-11-19-2614,N
2025-11-19T13:07:55,298.426,170,00700.HK-2025-11-19-2615,N
2025-11-19T13:08:00,298.438,192,00700.HK-2025-11-19-2616,N
2025-11-19T13:08:05,298.432,209,00700.HK-2025-11-19-2617,N
2025-11-19T13:08:10,298.354,201,00700.HK-2025-11-19-2618,N
2025-11-19T13:08:15,298.363,206,00700.HK-2025-11-19-2619,N
2025-11-19T13:08:20,298.35,256,00700.HK-2025-11-19-2620,N
2025-11-19T13:08:25,298.329,211,00700.HK-2025-11-19-2621,N
2025-11-19T13:08:30,298.407,196,00700.HK-2025-11-19-2622,N
2025-11-19T13:08:35,298.42,195,00700.HK-2025-11-19-2623,N
2025-11-19T13:08:40,298.493,187,00700.HK-2025-11-19-2624,N
2025-11-19T13:08:45,298.57,194,00700.HK-2025-11-19-2625,N
2025-11-19T13:08:50,298.519,233,00700.HK-2025-11-19-2626,N
2025-11-19T13:08:55,298.5,231,00700.HK-2025-11-19-2627,N
2025-11-19T13:09:00,298.338,200,00700.HK-2025-11-19-2628,N
2025-11-19T13:09:05,298.31,146,00700.HK-2025-11-19-2629,N
2025-11-19T13:09:10,298.277,171,00700.HK-2025-11-19-2630,N
2025-11-19T13:09:15,298.274,131,00700.HK-2025-11-19-2631,N
2025-11-19T13:09:20,298.293,268,00700.HK-2025-11-19-2632,N
2025-11-19T13:09:25,298.31,240,00700.HK-2025-11-19-2633,N
2025-11-19T13:09:30,298.375,261,00700.HK-2025-11-19-2634,N
2025-11-19T13:09:35,298.487,175,00700.HK-2025-11-19-2635,N
2025-11-19T13:09:40,298.444,239,00700.HK-2025-11-19-2636,N
2025-11-19T13:09:45,298.486,238,00700.HK-2025-11-19-2637,N
2025-11-19T13:09:50,298.599,200,00700.HK-2025-11-19-2638,N
2025-11-19T13:09:55,298.624,150,00700.HK-2025-11-19-2639,N
2025-11-19T13:10:00,298.752,183,00700.HK-2025-11-19-2640,N
2025-11-19T13:10:05,298.734,182,00700.HK-2025-11-19-2641,N
2025-11-19T13:10:10,298.695,163,00700.HK-2025-11-19-2642,N
2025-11-19T13:10:15,298.664,131,00700.HK-2025-11-19-2643,N
2025-11-19T13:10:20,298.617,297,00700.HK-2025-11-19-2644,N
2025-11-19T13:10:25,298.661,246,00700.HK-2025-11-19-2645,N
2025-11-19T13:10:30,298.731,291,00700.HK-2025-11-19-2646,N
2025-11-19T13:10:35,298.625,138,00700.HK-2025-11-19-2647,N
2025-11-19T13:10:40,298.577,176,00700.HK-2025-11-19-2648,N
2025-11-19T13:10:45,298.559,177,00700.HK-2025-11-19-2649,N
2025-11-19T13:10:50,298.572,201,00700.HK-2025-11-19-2650,N
2025-11-19T13:10:55,298.529,91,00700.HK-2025-11-19-2651,N
2025-11-19T13:11:00,298.47,172,00700.HK-2025-11-19-2652,N
2025-11-19T13:11:05,298.455,143,00700.HK-2025-11-19-2653,N
2025-11-19T13:11:10,298.426,143,00700.HK-2025-11-19-2654,N
2025-11-19T13:11:15,298.418,146,00700.HK-2025-11-19-2655,N
2025-11-19T13:11:20,298.368,134,00700.HK-2025-11-19-2656,N
2025-11-19T13:11:25,298.359,156,00700.HK-2025-11-19-2657,N
2025-11-19T13:11:30,298.413,220,00700.HK-2025-11-19-2658,N
2025-11-19T13:11:35,298.408,160,00700.HK-2025-11-19-2659,N
2025-11-19T13:11:40,298.431,234,00700.HK-2025-11-19-2660,N
2025-11-19T13:11:45,298.44,280,00700.HK-2025-11-19-2661,N
2025-11-19T13:11:50,298.467,245,00700.HK-2025-11-19-2662,N
2025-11-19T13:11:55,298.475,233,00700.HK-2025-11-19-2663,N
2025-11-19T13:12:00,298.428,177,00700.HK-2025-11-19-2664,N
2025-11-19T13:12:05,298.448,217,00700.HK-2025-11-19-2665,N
2025-11-19T13:12:10,298.479,255,00700.HK-2025-11-19-2666,N
2025-11-19T13:12:15,298.394,151,00700.HK-2025-11-19-2667,N
2025-11-19T13:12:20,298.407,163,00700.HK-2025-11-19-2668,N
2025-11-19T13:12:25,298.609,225,00700.HK-2025-11-19-2669,N
2025-11-19T13:12:30,298.604,174,00700.HK-2025-11-19-2670,N
2025-11-19T13:12:35,298.576,201,00700.HK-2025-11-19-2671,N
2025-11-19T13:12:40,298.582,177,00700.HK-2025-11-19-2672,N
2025-11-19T13:12:45,298.566,267,00700.HK-2025-11-19-2673,N
2025-11-19T13:12:50,298.649,212,00700.HK-2025-11-19-2674,N
2025-11-19T13:12:55,298.568,226,00700.HK-2025-11-19-2675,N
2025-11-19T13:13:00,298.661,268,00700.HK-2025-11-19-2676,N
2025-11-19T13:13:05,298.705,271,00700.HK-2025-11-19-2677,N
2025-11-19T13:13:10,298.708,231,00700.HK-2025-11-19-2678,N
2025-11-19T13:13:15,298.668,214,00700.HK-2025-11-19-2679,N
2025-11-19T13:13:20,298.747,170,00700.HK-2025-11-19-2680,N
2025-11-19T13:13:25,298.696,204,00700.HK-2025-11-19-2681,N
2025-11-19T13:13:30,298.682,232,00700.HK-2025-11-19-2682,N
2025-11-19T13:13:35,298.655,285,00700.HK-2025-11-19-2683,N
2025-11-19T13:13:40,298.578,262,00700.HK-2025-11-19-2684,N
2025-11-19T13:13:45,298.532,110,00700.HK-2025-11-19-2685,N
2025-11-19T13:13:50,298.547,187,00700.HK-2025-11-19-2686,N
2025-11-19T13:13:55,298.48,115,00700.HK-2025-11-19-2687,N
2025-11-19T13:14:00,298.48,248,00700.HK-2025-11-19-2688,N
2025-11-19T13:14:05,298.515,202,00700.HK-2025-11-19-2689,N
2025-11-19T13:14:10,298.543,198,00700.HK-2025-11-19-2690,N
2025-11-19T13:14:15,298.458,128,00700.HK-2025-11-19-2691,N
2025-11-19T13:14:20,298.446,191,00700.HK-2025-11-19-2692,N
2025-11-19T13:14:25,298.497,237,00700.HK-2025-11-19-2693,N
2025-11-19T13:14:30,298.533,185,00700.HK-2025-11-19-2694,N
2025-11-19T13:14:35,298.45,220,00700.HK-2025-11-19-2695,N
2025-11-19T13:14:40,298.482,80,00700.HK-2025-11-19-2696,N
2025-11-19T13:14:45,298.432,165,00700.HK-2025-11-19-2697,N
2025-11-19T13:14:50,298.439,159,00700.HK-2025-11-19-2698,N
2025-11-19T13:14:55,298.437,189,00700.HK-2025-11-19-2699,N
2025-11-19T13:15:00,298.427,164,00700.HK-2025-11-19-2700,N
2025-11-19T13:15:05,298.389,145,00700.HK-2025-11-19-2701,N
2025-11-19T13:15:10,298.412,228,00700.HK-2025-11-19-2702,N
2025-11-19T13:15:15,298.366,276,00700.HK-2025-11-19-2703,N
2025-11-19T13:15:20,298.347,276,00700.HK-2025-11-19-2704,N
2025-11-19T13:15:25,298.309,98,00700.HK-2025-11-19-2705,N
2025-11-19T13:15:30,298.333,212,00700.HK-2025-11-19-2706,N
2025-11-19T13:15:35,298.335,167,00700.HK-2025-11-19-2707,N
2025-11-19T13:15:40,298.333,174,00700.HK-2025-11-19-2708,N
2025-11-19T13:15:45,298.315,242,00700.HK-2025-11-19-2709,N
2025-11-19T13:15:50,298.325,230,00700.HK-2025-11-19-2710,N
2025-11-19T13:15:55,298.312,182,00700.HK-2025-11-19-2711,N
2025-11-19T13:16:00,298.243,181,00700.HK-2025-11-19-2712,N
2025-11-19T13:16:05,298.045,170,00700.HK-2025-11-19-2713,N
2025-11-19T13:16:10,298.04,228,00700.HK-2025-11-19-2714,N
2025-11-19T13:16:15,298.024,217,00700.HK-2025-11-19-2715,N
2025-11-19T13:16:20,297.894,197,00700.HK-2025-11-19-2716,N
2025-11-19T13:16:25,297.794,139,00700.HK-2025-11-19-2717,N
2025-11-19T13:16:30,297.783,263,00700.HK-2025-11-19-2718,N
2025-11-19T13:16:35,297.805,200,00700.HK-2025-11-19-2719,N
2025-11-19T13:16:40,297.804,164,00700.HK-2025-11-19-2720,N
2025-11-19T13:16:45,297.771,221,00700.HK-2025-11-19-2721,N
2025-11-19T13:16:50,297.689,229,00700.HK-2025-11-19-2722,N
2025-11-19T13:16:55,297.666,241,00700.HK-2025-11-19-2723,N
2025-11-19T13:17:00,297.723,116,00700.HK-2025-11-19-2724,N
2025-11-19T13:17:05,297.688,157,00700.HK-2025-11-19-2725,N
2025-11-19T13:17:10,297.58,148,00700.HK-2025-11-19-2726,N
2025-11-19T13:17:15,297.726,230,00700.HK-2025-11-19-2727,N
2025-11-19T13:17:20,297.84,241,00700.HK-2025-11-19-2728,N
2025-11-19T13:17:25,297.796,180,00700.HK-2025-11-19-2729,N
2025-11-19T13:17:30,297.831,221,00700.HK-2025-11-19-2730,N
2025-11-19T13:17:35,297.796,124,00700.HK-2025-11-19-2731,N
2025-11-19T13:17:40,297.992,192,00700.HK-2025-11-19-2732,N
2025-11-19T13:17:45,297.973,205,00700.HK-2025-11-19-2733,N
2025-11-19T13:17:50,297.958,206,00700.HK-2025-11-19-2734,N
2025-11-19T13:17:55,298.035,193,00700.HK-2025-11-19-2735,N
2025-11-19T13:18:00,297.966,191,00700.HK-2025-11-19-2736,N
2025-11-19T13:18:05,297.938,271,00700.HK-2025-11-19-2737,N
2025-11-19T13:18:10,298.008,205,00700.HK-2025-11-19-2738,N
2025-11-19T13:18:15,297.931,138,00700.HK-2025-11-19-2739,N
2025-11-19T13:18:20,297.932,216,00700.HK-2025-11-19-2740,N
2025-11-19T13:18:25,297.91,175,00700.HK-2025-11-19-2741,N
2025-11-19T13:18:30,297.875,198,00700.HK-2025-11-19-2742,N
2025-11-19T13:18:35,297.733,144,00700.HK-2025-11-19-2743,N
2025-11-19T13:18:40,297.695,260,00700.HK-2025-11-19-2744,N
2025-11-19T13:18:45,297.647,209,00700.HK-2025-11-19-2745,N
2025-11-19T13:18:50,297.66,264,00700.HK-2025-11-19-2746,N
2025-11-19T13:18:55,297.736,197,00700.HK-2025-11-19-2747,N
2025-11-19T13:19:00,297.707,166,00700.HK-2025-11-19-2748,N
2025-11-19T13:19:05,297.693,178,00700.HK-2025-11-19-2749,N
2025-11-19T13:19:10,297.726,221,00700.HK-2025-11-19-2750,N
2025-11-19T13:19:15,297.761,262,00700.HK-2025-11-19-2751,N
2025-11-19T13:19:20,297.872,206,00700.HK-2025-11-19-2752,N
2025-11-19T13:19:25,297.938,182,00700.HK-2025-11-19-2753,N
2025-11-19T13:19:30,298.008,253,00700.HK-2025-11-19-2754,N
2025-11-19T13:19:35,298.068,204,00700.HK-2025-11-19-2755,N
2025-11-19T13:19:40,298.028,130,00700.HK-2025-11-19-2756,N
2025-11-19T13:19:45,298.026,276,00700.HK-2025-11-19-2757,N
2025-11-19T13:19:50,298.008,239,00700.HK-2025-11-19-2758,N
2025-11-19T13:19:55,298.058,185,00700.HK-2025-11-19-2759,N
2025-11-19T13:20:00,298.136,54,00700.HK-2025-11-19-2760,N
2025-11-19T13:20:05,298.063,154,00700.HK-2025-11-19-2761,N
2025-11-19T13:20:10,298.015,216,00700.HK-2025-11-19-2762,N
2025-11-19T13:20:15,298.032,219,00700.HK-2025-11-19-2763,N
2025-11-19T13:20:20,298.067,152,00700.HK-2025-11-19-2764,N
2025-11-19T13:20:25,297.995,219,00700.HK-2025-11-19-2765,N
2025-11-19T13:20:30,297.957,121,00700.HK-2025-11-19-2766,N
2025-11-19T13:20:35,298.015,269,00700.HK-2025-11-19-2767,N
2025-11-19T13:20:40,298.108,209,00700.HK-2025-11-19-2768,N
2025-11-19T13:20:45,298.145,268,00700.HK-2025-11-19-2769,N
2025-11-19T13:20:50,298.107,255,00700.HK-2025-11-19-2770,N
2025-11-19T13:20:55,298.123,245,00700.HK-2025-11-19-2771,N
2025-11-19T13:21:00,298.134,264,00700.HK-2025-11-19-2772,N
2025-11-19T13:21:05,298.148,125,00700.HK-2025-11-19-2773,N
2025-11-19T13:21:10,298.234,152,00700.HK-2025-11-19-2774,N
2025-11-19T13:21:15,298.309,195,00700.HK-2025-11-19-2775,N
2025-11-19T13:21:20,298.379,256,00700.HK-2025-11-19-2776,N
2025-11-19T13:21:25,298.405,225,00700.HK-2025-11-19-2777,N
2025-11-19T13:21:30,298.43,99,00700.HK-2025-11-19-2778,N
2025-11-19T13:21:35,298.437,144,00700.HK-2025-11-19-2779,N
2025-11-19T13:21:40,298.447,142,00700.HK-2025-11-19-2780,N
2025-11-19T13:21:45,298.377,280,00700.HK-2025-11-19-2781,N
2025-11-19T13:21:50,298.441,199,00700.HK-2025-11-19-2782,N
2025-11-19T13:21:55,298.452,187,00700.HK-2025-11-19-2783,N
2025-11-19T13:22:00,298.486,166,00700.HK-2025-11-19-2784,N
2025-11-19T13:22:05,298.545,187,00700.HK-2025-11-19-2785,N
2025-11-19T13:22:10,298.52,201,00700.HK-2025-11-19-2786,N
2025-11-19T13:22:15,298.485,216,00700.HK-2025-11-19-2787,N
2025-11-19T13:22:20,298.452,223,00700.HK-2025-11-19-2788,N
2025-11-19T13:22:25,298.525,164,00700.HK-2025-11-19-2789,N
2025-11-19T13:22:30,298.517,223,00700.HK-2025-11-19-2790,N
2025-11-19T13:22:35,298.491,223,00700.HK-2025-11-19-2791,N
2025-11-19T13:22:40,298.524,254,00700.HK-2025-11-19-2792,N
2025-11-19T13:22:45,298.488,152,00700.HK-2025-11-19-2793,N
2025-11-19T13:22:50,298.47,151,00700.HK-2025-11-19-2794,N
2025-11-19T13:22:55,298.504,141,00700.HK-2025-11-19-2795,N
2025-11-19T13:23:00,298.643,264,00700.HK-2025-11-19-2796,N
2025-11-19T13:23:05,298.644,243,00700.HK-2025-11-19-2797,N
2025-11-19T13:23:10,298.546,326,00700.HK-2025-11-19-2798,N
2025-11-19T13:23:15,298.511,193,00700.HK-2025-11-19-2799,N
2025-11-19T13:23:20,298.4,224,00700.HK-2025-11-19-2800,N
2025-11-19T13:23:25,298.334,205,00700.HK-2025-11-19-2801,N
2025-11-19T13:23:30,298.301,146,00700.HK-2025-11-19-2802,N
2025-11-19T13:23:35,298.253,211,00700.HK-2025-11-19-2803,N
2025-11-19T13:23:40,298.177,162,00700.HK-2025-11-19-2804,N
2025-11-19T13:23:45,298.216,330,00700.HK-2025-11-19-2805,N
2025-11-19T13:23:50,298.245,154,00700.HK-2025-11-19-2806,N
2025-11-19T13:23:55,298.223,201,00700.HK-2025-11-19-2807,N
2025-11-19T13:24:00,298.202,245,00700.HK-2025-11-19-2808,N
2025-11-19T13:24:05,298.215,245,00700.HK-2025-11-19-2809,N
2025-11-19T13:24:10,298.196,266,00700.HK-2025-11-19-2810,N
2025-11-19T13:24:15,298.186,151,00700.HK-2025-11-19-2811,N
2025-11-19T13:24:20,298.316,108,00700.HK-2025-11-19-2812,N
2025-11-19T13:24:25,298.272,168,00700.HK-2025-11-19-2813,N
2025-11-19T13:24:30,298.422,290,00700.HK-2025-11-19-2814,N
2025-11-19T13:24:35,298.511,183,00700.HK-2025-11-19-2815,N
2025-11-19T13:24:40,298.656,218,00700.HK-2025-11-19-2816,N
2025-11-19T13:24:45,298.714,208,00700.HK-2025-11-19-2817,N
2025-11-19T13:24:50,298.711,187,00700.HK-2025-11-19-2818,N
2025-11-19T13:24:55,298.699,230,00700.HK-2025-11-19-2819,N
2025-11-19T13:25:00,298.721,198,00700.HK-2025-11-19-2820,N
2025-11-19T13:25:05,298.811,51,00700.HK-2025-11-19-2821,N
2025-11-19T13:25:10,298.841,235,00700.HK-2025-11-19-2822,N
2025-11-19T13:25:15,298.91,196,00700.HK-2025-11-19-2823,N
2025-11-19T13:25:20,298.922,249,00700.HK-2025-11-19-2824,N
2025-11-19T13:25:25,299.011,184,00700.HK-2025-11-19-2825,N
2025-11-19T13:25:30,299.027,283,00700.HK-2025-11-19-2826,N
2025-11-19T13:25:35,298.9,165,00700.HK-2025-11-19-2827,N
2025-11-19T13:25:40,298.988,254,00700.HK-2025-11-19-2828,N
2025-11-19T13:25:45,299.019,177,00700.HK-2025-11-19-2829,N
2025-11-19T13:25:50,298.967,170,00700.HK-2025-11-19-2830,N
2025-11-19T13:25:55,299.059,168,00700.HK-2025-11-19-2831,N
2025-11-19T13:26:00,299.065,162,00700.HK-2025-11-19-2832,N
2025-11-19T13:26:05,299.116,173,00700.HK-2025-11-19-2833,N
2025-11-19T13:26:10,299.11,115,00700.HK-2025-11-19-2834,N
2025-11-19T13:26:15,299.013,200,00700.HK-2025-11-19-2835,N
2025-11-19T13:26:20,298.934,305,00700.HK-2025-11-19-2836,N
2025-11-19T13:26:25,298.811,159,00700.HK-2025-11-19-2837,N
2025-11-19T13:26:30,298.812,181,00700.HK-2025-11-19-2838,N
2025-11-19T13:26:35,298.746,152,00700.HK-2025-11-19-2839,N
2025-11-19T13:26:40,298.687,185,00700.HK-2025-11-19-2840,N
2025-11-19T13:26:45,298.803,203,00700.HK-2025-11-19-2841,N
2025-11-19T13:26:50,298.874,225,00700.HK-2025-11-19-2842,N
2025-11-19T13:26:55,298.94,60,00700.HK-2025-11-19-2843,N
2025-11-19T13:27:00,298.922,265,00700.HK-2025-11-19-2844,N
2025-11-19T13:27:05,298.888,288,00700.HK-2025-11-19-2845,N
2025-11-19T13:27:10,298.977,176,00700.HK-2025-11-19-2846,N
2025-11-19T13:27:15,298.947,149,00700.HK-2025-11-19-2847,N
2025-11-19T13:27:20,298.909,138,00700.HK-2025-11-19-2848,N
2025-11-19T13:27:25,298.935,127,00700.HK-2025-11-19-2849,N
2025-11-19T13:27:30,298.971,231,00700.HK-2025-11-19-2850,N
2025-11-19T13:27:35,298.871,277,00700.HK-2025-11-19-2851,N
2025-11-19T13:27:40,298.902,237,00700.HK-2025-11-19-2852,N
2025-11-19T13:27:45,298.857,231,00700.HK-2025-11-19-2853,N
2025-11-19T13:27:50,298.924,195,00700.HK-2025-11-19-2854,N
2025-11-19T13:27:55,299.044,202,00700.HK-2025-11-19-2855,N
2025-11-19T13:28:00,299.112,214,00700.HK-2025-11-19-2856,N
2025-11-19T13:28:05,299.147,116,00700.HK-2025-11-19-2857,N
2025-11-19T13:28:10,299.169,163,00700.HK-2025-11-19-2858,N
2025-11-19T13:28:15,299.119,287,00700.HK-2025-11-19-2859,N
2025-11-19T13:28:20,299.106,149,00700.HK-2025-11-19-2860,N
2025-11-19T13:28:25,299.084,134,00700.HK-2025-11-19-2861,N
2025-11-19T13:28:30,299.17,165,00700.HK-2025-11-19-2862,N
2025-11-19T13:28:35,299.202,267,00700.HK-2025-11-19-2863,N
2025-11-19T13:28:40,299.172,226,00700.HK-2025-11-19-2864,N
2025-11-19T13:28:45,299.11,322,00700.HK-2025-11-19-2865,N
2025-11-19T13:28:50,299.166,190,00700.HK-2025-11-19-2866,N
2025-11-19T13:28:55,299.12,194,00700.HK-2025-11-19-2867,N
2025-11-19T13:29:00,299.1,297,00700.HK-2025-11-19-2868,N
2025-11-19T13:29:05,299.026,206,00700.HK-2025-11-19-2869,N
2025-11-19T13:29:10,299.025,194,00700.HK-2025-11-19-2870,N
2025-11-19T13:29:15,299.019,194,00700.HK-2025-11-19-2871,N
2025-11-19T13:29:20,299.071,230,00700.HK-2025-11-19-2872,N
2025-11-19T13:29:25,299.096,48,00700.HK-2025-11-19-2873,N
2025-11-19T13:29:30,299.114,117,00700.HK-2025-11-19-2874,N
2025-11-19T13:29:35,299.153,273,00700.HK-2025-11-19-2875,N
2025-11-19T13:29:40,299.097,186,00700.HK-2025-11-19-2876,N
2025-11-19T13:29:45,299.061,261,00700.HK-2025-11-19-2877,N
2025-11-19T13:29:50,299.067,286,00700.HK-2025-11-19-2878,N
2025-11-19T13:29:55,299.092,212,00700.HK-2025-11-19-2879,N
2025-11-19T13:30:00,299.096,240,00700.HK-2025-11-19-2880,N
2025-11-19T13:30:05,298.992,204,00700.HK-2025-11-19-2881,N
2025-11-19T13:30:10,298.988,236,00700.HK-2025-11-19-2882,N
2025-11-19T13:30:15,298.976,148,00700.HK-2025-11-19-2883,N
2025-11-19T13:30:20,298.977,145,00700.HK-2025-11-19-2884,N
2025-11-19T13:30:25,298.862,236,00700.HK-2025-11-19-2885,N
2025-11-19T13:30:30,298.896,223,00700.HK-2025-11-19-2886,N
2025-11-19T13:30:35,298.974,166,00700.HK-2025-11-19-2887,N
2025-11-19T13:30:40,298.889,196,00700.HK-2025-11-19-2888,N
2025-11-19T13:30:45,298.868,157,00700.HK-2025-11-19-2889,N
2025-11-19T13:30:50,298.863,169,00700.HK-2025-11-19-2890,N
2025-11-19T13:30:55,298.753,177,00700.HK-2025-11-19-2891,N
2025-11-19T13:31:00,298.686,211,00700.HK-2025-11-19-2892,N
2025-11-19T13:31:05,298.646,255,00700.HK-2025-11-19-2893,N
2025-11-19T13:31:10,298.742,233,00700.HK-2025-11-19-2894,N
2025-11-19T13:31:15,298.649,275,00700.HK-2025-11-19-2895,N
2025-11-19T13:31:20,298.744,200,00700.HK-2025-11-19-2896,N
2025-11-19T13:31:25,298.823,172,00700.HK-2025-11-19-2897,N
2025-11-19T13:31:30,298.711,161,00700.HK-2025-11-19-2898,N
2025-11-19T13:31:35,298.814,125,00700.HK-2025-11-19-2899,N
2025-11-19T13:31:40,298.814,201,00700.HK-2025-11-19-2900,N
2025-11-19T13:31:45,298.784,177,00700.HK-2025-11-19-2901,N
2025-11-19T13:31:50,298.788,171,00700.HK-2025-11-19-2902,N
2025-11-19T13:31:55,298.703,210,00700.HK-2025-11-19-2903,N
2025-11-19T13:32:00,298.767,243,00700.HK-2025-11-19-2904,N
2025-11-19T13:32:05,298.719,137,00700.HK-2025-11-19-2905,N
2025-11-19T13:32:10,298.702,278,00700.HK-2025-11-19-2906,N
2025-11-19T13:32:15,298.74,235,00700.HK-2025-11-19-2907,N
2025-11-19T13:32:20,298.794,221,00700.HK-2025-11-19-2908,N
2025-11-19T13:32:25,298.801,233,00700.HK-2025-11-19-2909,N
2025-11-19T13:32:30,298.768,129,00700.HK-2025-11-19-2910,N
2025-11-19T13:32:35,298.811,261,00700.HK-2025-11-19-2911,N
2025-11-19T13:32:40,298.745,241,00700.HK-2025-11-19-2912,N
2025-11-19T13:32:45,298.845,199,00700.HK-2025-11-19-2913,N
2025-11-19T13:32:50,298.796,206,00700.HK-2025-11-19-2914,N
2025-11-19T13:32:55,298.763,169,00700.HK-2025-11-19-2915,N
2025-11-19T13:33:00,298.789,119,00700.HK-2025-11-19-2916,N
2025-11-19T13:33:05,298.703,200,00700.HK-2025-11-19-2917,N
2025-11-19T13:33:10,298.701,217,00700.HK-2025-11-19-2918,N
2025-11-19T13:33:15,298.813,205,00700.HK-2025-11-19-2919,N
2025-11-19T13:33:20,298.849,151,00700.HK-2025-11-19-2920,N
2025-11-19T13:33:25,298.895,173,00700.HK-2025-11-19-2921,N
2025-11-19T13:33:30,298.899,194,00700.HK-2025-11-19-2922,N
2025-11-19T13:33:35,298.961,134,00700.HK-2025-11-19-2923,N
2025-11-19T13:33:40,298.825,189,00700.HK-2025-11-19-2924,N
2025-11-19T13:33:45,298.853,207,00700.HK-2025-11-19-2925,N
2025-11-19T13:33:50,298.926,221,00700.HK-2025-11-19-2926,N
2025-11-19T13:33:55,298.893,83,00700.HK-2025-11-19-2927,N
2025-11-19T13:34:00,298.878,251,00700.HK-2025-11-19-2928,N
2025-11-19T13:34:05,298.855,201,00700.HK-2025-11-19-2929,N
2025-11-19T13:34:10,298.88,149,00700.HK-2025-11-19-2930,N
2025-11-19T13:34:15,298.917,281,00700.HK-2025-11-19-2931,N
2025-11-19T13:34:20,298.907,143,00700.HK-2025-11-19-2932,N
2025-11-19T13:34:25,298.903,88,00700.HK-2025-11-19-2933,N
2025-11-19T13:34:30,298.923,222,00700.HK-2025-11-19-2934,N
2025-11-19T13:34:35,299.023,190,00700.HK-2025-11-19-2935,N
2025-11-19T13:34:40,299.048,156,00700.HK-2025-11-19-2936,N
2025-11-19T13:34:45,299.026,123,00700.HK-2025-11-19-2937,N
2025-11-19T13:34:50,299.015,184,00700.HK-2025-11-19-2938,N
2025-11-19T13:34:55,299.033,168,00700.HK-2025-11-19-2939,N
2025-11-19T13:35:00,299.038,183,00700.HK-2025-11-19-2940,N
2025-11-19T13:35:05,299.018,204,00700.HK-2025-11-19-2941,N
2025-11-19T13:35:10,299.02,238,00700.HK-2025-11-19-2942,N
2025-11-19T13:35:15,299.013,182,00700.HK-2025-11-19-2943,N
2025-11-19T13:35:20,299.002,164,00700.HK-2025-11-19-2944,N
2025-11-19T13:35:25,298.981,301,00700.HK-2025-11-19-2945,N
2025-11-19T13:35:30,298.926,186,00700.HK-2025-11-19-2946,N
2025-11-19T13:35:35,298.903,187,00700.HK-2025-11-19-2947,N
2025-11-19T13:35:40,298.883,213,00700.HK-2025-11-19-2948,N
2025-11-19T13:35:45,298.781,251,00700.HK-2025-11-19-2949,N
2025-11-19T13:35:50,298.819,137,00700.HK-2025-11-19-2950,N
2025-11-19T13:35:55,298.683,151,00700.HK-2025-11-19-2951,N
2025-11-19T13:36:00,298.669,329,00700.HK-2025-11-19-2952,N
2025-11-19T13:36:05,298.701,109,00700.HK-2025-11-19-2953,N
2025-11-19T13:36:10,298.66,197,00700.HK-2025-11-19-2954,N
2025-11-19T13:36:15,298.675,134,00700.HK-2025-11-19-2955,N
2025-11-19T13:36:20,298.667,164,00700.HK-2025-11-19-2956,N
2025-11-19T13:36:25,298.601,212,00700.HK-2025-11-19-2957,N
2025-11-19T13:36:30,298.647,242,00700.HK-2025-11-19-2958,N
2025-11-19T13:36:35,298.682,175,00700.HK-2025-11-19-2959,N
2025-11-19T13:36:40,298.724,215,00700.HK-2025-11-19-2960,N
2025-11-19T13:36:45,298.732,169,00700.HK-2025-11-19-2961,N
2025-11-19T13:36:50,298.703,203,00700.HK-2025-11-19-2962,N
2025-11-19T13:36:55,298.848,215,00700.HK-2025-11-19-2963,N
2025-11-19T13:37:00,298.812,158,00700.HK-2025-11-19-2964,N
2025-11-19T13:37:05,298.782,308,00700.HK-2025-11-19-2965,N
2025-11-19T13:37:10,298.759,245,00700.HK-2025-11-19-2966,N
2025-11-19T13:37:15,298.736,213,00700.HK-2025-11-19-2967,N
2025-11-19T13:37:20,298.783,171,00700.HK-2025-11-19-2968,N
2025-11-19T13:37:25,298.745,282,00700.HK-2025-11-19-2969,N
2025-11-19T13:37:30,298.804,239,00700.HK-2025-11-19-2970,N
2025-11-19T13:37:35,298.851,222,00700.HK-2025-11-19-2971,N
2025-11-19T13:37:40,298.972,202,00700.HK-2025-11-19-2972,N
2025-11-19T13:37:45,299.006,127,00700.HK-2025-11-19-2973,N
2025-11-19T13:37:50,298.957,139,00700.HK-2025-11-19-2974,N
2025-11-19T13:37:55,299.033,72,00700.HK-2025-11-19-2975,N
2025-11-19T13:38:00,299.009,50,00700.HK-2025-11-19-2976,N
2025-11-19T13:38:05,298.959,175,00700.HK-2025-11-19-2977,N
2025-11-19T13:38:10,299.042,219,00700.HK-2025-11-19-2978,N
2025-11-19T13:38:15,298.992,253,00700.HK-2025-11-19-2979,N
2025-11-19T13:38:20,298.993,201,00700.HK-2025-11-19-2980,N
2025-11-19T13:38:25,298.921,150,00700.HK-2025-11-19-2981,N
2025-11-19T13:38:30,298.872,202,00700.HK-2025-11-19-2982,N
2025-11-19T13:38:35,298.877,277,00700.HK-2025-11-19-2983,N
2025-11-19T13:38:40,298.9,64,00700.HK-2025-11-19-2984,N
2025-11-19T13:38:45,298.915,127,00700.HK-2025-11-19-2985,N
2025-11-19T13:38:50,298.858,159,00700.HK-2025-11-19-2986,N
2025-11-19T13:38:55,298.818,131,00700.HK-2025-11-19-2987,N
2025-11-19T13:39:00,298.83,129,00700.HK-2025-11-19-2988,N
2025-11-19T13:39:05,298.851,311,00700.HK-2025-11-19-2989,N
2025-11-19T13:39:10,298.772,185,00700.HK-2025-11-19-2990,N
2025-11-19T13:39:15,298.621,184,00700.HK-2025-11-19-2991,N
2025-11-19T13:39:20,298.66,236,00700.HK-2025-11-19-2992,N
2025-11-19T13:39:25,298.664,244,00700.HK-2025-11-19-2993,N
2025-11-19T13:39:30,298.816,285,00700.HK-2025-11-19-2994,N
2025-11-19T13:39:35,298.785,127,00700.HK-2025-11-19-2995,N
2025-11-19T13:39:40,298.761,152,00700.HK-2025-11-19-2996,N
2025-11-19T13:39:45,298.788,140,00700.HK-2025-11-19-2997,N
2025-11-19T13:39:50,298.783,241,00700.HK-2025-11-19-2998,N
2025-11-19T13:39:55,298.777,152,00700.HK-2025-11-19-2999,N
