ts_exchange,price,size,trade_id,cond
2025-11-19T09:30:00,180.012,160,AAPL-2025-11-19-0,N
2025-11-19T09:30:05,180.036,170,AAPL-2025-11-19-1,N
2025-11-19T09:30:10,180.063,186,AAPL-2025-11-19-2,N
2025-11-19T09:30:15,180.001,150,AAPL-2025-11-19-3,N
2025-11-19T09:30:20,179.986,268,AAPL-2025-11-19-4,N
2025-11-19T09:30:25,180.018,281,AAPL-2025-11-19-5,N
2025-11-19T09:30:30,180.078,173,AAPL-2025-11-19-6,N
2025-11-19T09:30:35,180.071,179,AAPL-2025-11-19-7,N
2025-11-19T09:30:40,180.047,107,AAPL-2025-11-19-8,N
2025-11-19T09:30:45,180.046,135,AAPL-2025-11-19-9,N
2025-11-19T09:30:50,180.045,305,AAPL-2025-11-19-10,N
2025-11-19T09:30:55,180.027,209,AAPL-2025-11-19-11,N
2025-11-19T09:31:00,180.06,214,AAPL-2025-11-19-12,N
2025-11-19T09:31:05,180.07,181,AAPL-2025-11-19-13,N
2025-11-19T09:31:10,180.062,151,AAPL-2025-11-19-14,N
2025-11-19T09:31:15,180.092,112,AAPL-2025-11-19-15,N
2025-11-19T09:31:20,180.127,129,AAPL-2025-11-19-16,N
2025-11-19T09:31:25,180.162,182,AAPL-2025-11-19-17,N
2025-11-19T09:31:30,180.117,228,AAPL-2025-11-19-18,N
2025-11-19T09:31:35,180.151,178,AAPL-2025-11-19-19,N
2025-11-19T09:31:40,180.177,85,AAPL-2025-11-19-20,N
2025-11-19T09:31:45,180.129,264,AAPL-2025-11-19-21,N
2025-11-19T09:31:50,180.121,106,AAPL-2025-11-19-22,N
2025-11-19T09:31:55,180.096,153,AAPL-2025-11-19-23,N
2025-11-19T09:32:00,180.09,181,AAPL-2025-11-19-24,N
2025-11-19T09:32:05,180.097,196,AAPL-2025-11-19-25,N
2025-11-19T09:32:10,180.145,221,AAPL-2025-11-19-26,N
2025-11-19T09:32:15,180.162,258,AAPL-2025-11-19-27,N
2025-11-19T09:32:20,180.148,136,AAPL-2025-11-19-28,N
2025-11-19T09:32:25,180.191,206,AAPL-2025-11-19-29,N
2025-11-19T09:32:30,180.196,168,AAPL-2025-11-19-30,N
2025-11-19T09:32:35,180.174,242,AAPL-2025-11-19-31,N
2025-11-19T09:32:40,180.21,239,AAPL-2025-11-19-32,N
2025-11-19T09:32:45,180.238,228,AAPL-2025-11-19-33,N
2025-11-19T09:32:50,180.243,191,AAPL-2025-11-19-34,N
2025-11-19T09:32:55,180.287,181,AAPL-2025-11-19-35,N
2025-11-19T09:33:00,180.3,159,AAPL-2025-11-19-36,N
2025-11-19T09:33:05,180.276,188,AAPL-2025-11-19-37,N
2025-11-19T09:33:10,180.247,239,AAPL-2025-11-19-38,N
2025-11-19T09:33:15,180.199,204,AAPL-2025-11-19-39,N
2025-11-19T09:33:20,180.203,109,AAPL-2025-11-19-40,N
2025-11-19T09:33:25,180.188,212,AAPL-2025-11-19-41,N
2025-11-19T09:33:30,180.203,189,AAPL-2025-11-19-42,N
2025-11-19T09:33:35,180.227,194,AAPL-2025-11-19-43,N
2025-11-19T09:33:40,180.228,212,AAPL-2025-11-19-44,N
2025-11-19T09:33:45,180.261,166,AAPL-2025-11-19-45,N
2025-11-19T09:33:50,180.244,166,AAPL-2025-11-19-46,N
2025-11-19T09:33:55,180.232,271,AAPL-2025-11-19-47,N
2025-11-19T09:34:00,180.252,143,AAPL-2025-11-19-48,N
2025-11-19T09:34:05,180.231,218,AAPL-2025-11-19-49,N
2025-11-19T09:34:10,180.198,163,AAPL-2025-11-19-50,N
2025-11-19T09:34:15,180.247,169,AAPL-2025-11-19-51,N
2025-11-19T09:34:20,180.281,262,AAPL-2025-11-19-52,N
2025-11-19T09:34:25,180.255,155,AAPL-2025-11-19-53,N
2025-11-19T09:34:30,180.245,145,AAPL-2025-11-19-54,N
2025-11-19T09:34:35,180.249,189,AAPL-2025-11-19-55,N
2025-11-19T09:34:40,180.262,269,AAPL-2025-11-19-56,N
2025-11-19T09:34:45,180.291,224,AAPL-2025-11-19-57,N
2025-11-19T09:34:50,180.221,222,AAPL-2025-11-19-58,N
2025-11-19T09:34:55,180.283,49,AAPL-2025-11-19-59,N
2025-11-19T09:35:00,180.307,192,AAPL-2025-11-19-60,N
2025-11-19T09:35:05,180.277,240,AAPL-2025-11-19-61,N
2025-11-19T09:35:10,180.338,238,AAPL-2025-11-19-62,N
2025-11-19T09:35:15,180.325,152,AAPL-2025-11-19-63,N
2025-11-19T09:35:20,180.33,243,AAPL-2025-11-19-64,N
2025-11-19T09:35:25,180.316,185,AAPL-2025-11-19-65,N
2025-11-19T09:35:30,180.418,253,AAPL-2025-11-19-66,N
2025-11-19T09:35:35,180.46,126,AAPL-2025-11-19-67,N
2025-11-19T09:35:40,180.434,203,AAPL-2025-11-19-68,N
2025-11-19T09:35:45,180.398,280,AAPL-2025-11-19-69,N
2025-11-19T09:35:50,180.449,173,AAPL-2025-11-19-70,N
2025-11-19T09:35:55,180.513,199,AAPL-2025-11-19-71,N
2025-11-19T09:36:00,180.607,207,AAPL-2025-11-19-72,N
2025-11-19T09:36:05,180.628,269,AAPL-2025-11-19-73,N
2025-11-19T09:36:10,180.674,225,AAPL-2025-11-19-74,N
2025-11-19T09:36:15,180.669,225,AAPL-2025-11-19-75,N
2025-11-19T09:36:20,180.639,207,AAPL-2025-11-19-76,N
2025-11-19T09:36:25,180.599,110,AAPL-2025-11-19-77,N
2025-11-19T09:36:30,180.601,263,AAPL-2025-11-19-78,N
2025-11-19T09:36:35,180.634,195,AAPL-2025-11-19-79,N
2025-11-19T09:36:40,180.697,171,AAPL-2025-11-19-80,N
2025-11-19T09:36:45,180.628,90,AAPL-2025-11-19-81,N
2025-11-19T09:36:50,180.585,240,AAPL-2025-11-19-82,N
2025-11-19T09:36:55,180.562,223,AAPL-2025-11-19-83,N
2025-11-19T09:37:00,180.622,144,AAPL-2025-11-19-84,N
2025-11-19T09:37:05,180.639,226,AAPL-2025-11-19-85,N
2025-11-19T09:37:10,180.608,267,AAPL-2025-11-19-86,N
2025-11-19T09:37:15,180.598,180,AAPL-2025-11-19-87,N
2025-11-19T09:37:20,180.674,226,AAPL-2025-11-19-88,N
2025-11-19T09:37:25,180.707,267,AAPL-2025-11-19-89,N
2025-11-19T09:37:30,180.684,262,AAPL-2025-11-19-90,N
2025-11-19T09:37:35,180.666,172,AAPL-2025-11-19-91,N
2025-11-19T09:37:40,180.656,168,AAPL-2025-11-19-92,N
2025-11-19T09:37:45,180.686,213,AAPL-2025-11-19-93,N
2025-11-19T09:37:50,180.668,233,AAPL-2025-11-19-94,N
2025-11-19T09:37:55,180.658,183,AAPL-2025-11-19-95,N
2025-11-19T09:38:00,180.66,223,AAPL-2025-11-19-96,N
2025-11-19T09:38:05,180.674,181,AAPL-2025-11-19-97,N
2025-11-19T09:38:10,180.704,188,AAPL-2025-11-19-98,N
2025-11-19T09:38:15,180.681,126,AAPL-2025-11-19-99,N
2025-11-19T09:38:20,180.716,200,AAPL-2025-11-19-100,N
2025-11-19T09:38:25,180.724,252,AAPL-2025-11-19-101,N
2025-11-19T09:38:30,180.707,131,AAPL-2025-11-19-102,N
2025-11-19T09:38:35,180.709,215,AAPL-2025-11-19-103,N
2025-11-19T09:38:40,180.7,273,AAPL-2025-11-19-104,N
2025-11-19T09:38:45,180.61,256,AAPL-2025-11-19-105,N
2025-11-19T09:38:50,180.638,222,AAPL-2025-11-19-106,N
2025-11-19T09:38:55,180.518,264,AAPL-2025-11-19-107,N
2025-11-19T09:39:00,180.481,174,AAPL-2025-11-19-108,N
2025-11-19T09:39:05,180.475,220,AAPL-2025-11-19-109,N
2025-11-19T09:39:10,180.498,244,AAPL-2025-11-19-110,N
2025-11-19T09:39:15,180.527,212,AAPL-2025-11-19-111,N
2025-11-19T09:39:20,180.542,145,AAPL-2025-11-19-112,N
2025-11-19T09:39:25,180.515,244,AAPL-2025-11-19-113,N
2025-11-19T09:39:30,180.545,236,AAPL-2025-11-19-114,N
2025-11-19T09:39:35,180.527,245,AAPL-2025-11-19-115,N
2025-11-19T09:39:40,180.485,253,AAPL-2025-11-19-116,N
2025-11-19T09:39:45,180.475,284,AAPL-2025-11-19-117,N
2025-11-19T09:39:50,180.42,288,AAPL-2025-11-19-118,N
2025-11-19T09:39:55,180.407,181,AAPL-2025-11-19-119,N
2025-11-19T09:40:00,180.414,165,AAPL-2025-11-19-120,N
2025-11-19T09:40:05,180.412,163,AAPL-2025-11-19-121,N
2025-11-19T09:40:10,180.387,224,AAPL-2025-11-19-122,N
2025-11-19T09:40:15,180.354,161,AAPL-2025-11-19-123,N
2025-11-19T09:40:20,180.305,174,AAPL-2025-11-19-124,N
2025-11-19T09:40:25,180.352,157,AAPL-2025-11-19-125,N
2025-11-19T09:40:30,180.325,209,AAPL-2025-11-19-126,N
2025-11-19T09:40:35,180.312,311,AAPL-2025-11-19-127,N
2025-11-19T09:40:40,180.306,216,AAPL-2025-11-19-128,N
2025-11-19T09:40:45,180.34,246,AAPL-2025-11-19-129,N
2025-11-19T09:40:50,180.349,191,AAPL-2025-11-19-130,N
2025-11-19T09:40:55,180.422,195,AAPL-2025-11-19-131,N
2025-11-19T09:41:00,180.406,167,AAPL-2025-11-19-132,N
2025-11-19T09:41:05,180.343,241,AAPL-2025-11-19-133,N
2025-11-19T09:41:10,180.259,199,AAPL-2025-11-19-134,N
2025-11-19T09:41:15,180.251,311,AAPL-2025-11-19-135,N
2025-11-19T09:41:20,180.185,154,AAPL-2025-11-19-136,N
2025-11-19T09:41:25,180.18,190,AAPL-2025-11-19-137,N
2025-11-19T09:41:30,180.161,195,AAPL-2025-11-19-138,N
2025-11-19T09:41:35,180.115,217,AAPL-2025-11-19-139,N
2025-11-19T09:41:40,180.032,198,AAPL-2025-11-19-140,N
2025-11-19T09:41:45,180.01,250,AAPL-2025-11-19-141,N
2025-11-19T09:41:50,180.073,183,AAPL-2025-11-19-142,N
2025-11-19T09:41:55,180.123,184,AAPL-2025-11-19-143,N
2025-11-19T09:42:00,180.088,287,AAPL-2025-11-19-144,N
2025-11-19T09:42:05,180.107,200,AAPL-2025-11-19-145,N
2025-11-19T09:42:10,180.132,213,AAPL-2025-11-19-146,N
2025-11-19T09:42:15,180.129,133,AAPL-2025-11-19-147,N
2025-11-19T09:42:20,180.12,231,AAPL-2025-11-19-148,N
2025-11-19T09:42:25,180.115,245,AAPL-2025-11-19-149,N
2025-11-19T09:42:30,180.129,156,AAPL-2025-11-19-150,N
2025-11-19T09:42:35,180.082,192,AAPL-2025-11-19-151,N
2025-11-19T09:42:40,180.063,216,AAPL-2025-11-19-152,N
2025-11-19T09:42:45,180.037,169,AAPL-2025-11-19-153,N
2025-11-19T09:42:50,180.075,207,AAPL-2025-11-19-154,N
2025-11-19T09:42:55,180.049,200,AAPL-2025-11-19-155,N
2025-11-19T09:43:00,180.099,214,AAPL-2025-11-19-156,N
2025-11-19T09:43:05,180.12,162,AAPL-2025-11-19-157,N
2025-11-19T09:43:10,180.157,315,AAPL-2025-11-19-158,N
2025-11-19T09:43:15,180.129,140,AAPL-2025-11-19-159,N
2025-11-19T09:43:20,180.135,243,AAPL-2025-11-19-160,N
2025-11-19T09:43:25,180.132,147,AAPL-2025-11-19-161,N
2025-11-19T09:43:30,180.128,229,AAPL-2025-11-19-162,N
2025-11-19T09:43:35,180.113,230,AAPL-2025-11-19-163,N
2025-11-19T09:43:40,180.155,212,AAPL-2025-11-19-164,N
2025-11-19T09:43:45,180.154,241,AAPL-2025-11-19-165,N
2025-11-19T09:43:50,180.123,152,AAPL-2025-11-19-166,N
2025-11-19T09:43:55,180.114,175,AAPL-2025-11-19-167,N
2025-11-19T09:44:00,180.085,291,AAPL-2025-11-19-168,N
2025-11-19T09:44:05,180.163,182,AAPL-2025-11-19-169,N
2025-11-19T09:44:10,180.166,190,AAPL-2025-11-19-170,N
2025-11-19T09:44:15,180.206,265,AAPL-2025-11-19-171,N
2025-11-19T09:44:20,180.142,223,AAPL-2025-11-19-172,N
2025-11-19T09:44:25,180.095,287,AAPL-2025-11-19-173,N
2025-11-19T09:44:30,180.111,158,AAPL-2025-11-19-174,N
2025-11-19T09:44:35,180.102,185,AAPL-2025-11-19-175,N
2025-11-19T09:44:40,180.121,252,AAPL-2025-11-19-176,N
2025-11-19T09:44:45,180.08,291,AAPL-2025-11-19-177,N
2025-11-19T09:44:50,180.138,156,AAPL-2025-11-19-178,N
2025-11-19T09:44:55,180.14,285,AAPL-2025-11-19-179,N
2025-11-19T09:45:00,180.185,183,AAPL-2025-11-19-180,N
2025-11-19T09:45:05,180.214,349,AAPL-2025-11-19-181,N
2025-11-19T09:45:10,180.218,168,AAPL-2025-11-19-182,N
2025-11-19T09:45:15,180.224,212,AAPL-2025-11-19-183,N
2025-11-19T09:45:20,180.205,222,AAPL-2025-11-19-184,N
2025-11-19T09:45:25,180.16,166,AAPL-2025-11-19-185,N
2025-11-19T09:45:30,180.187,112,AAPL-2025-11-19-186,N
2025-11-19T09:45:35,180.22,99,AAPL-2025-11-19-187,N
2025-11-19T09:45:40,180.158,175,AAPL-2025-11-19-188,N
2025-11-19T09:45:45,180.168,266,AAPL-2025-11-19-189,N
2025-11-19T09:45:50,180.17,187,AAPL-2025-11-19-190,N
2025-11-19T09:45:55,180.191,156,AAPL-2025-11-19-191,N
2025-11-19T09:46:00,180.196,140,AAPL-2025-11-19-192,N
2025-11-19T09:46:05,180.199,193,AAPL-2025-11-19-193,N
2025-11-19T09:46:10,180.17,208,AAPL-2025-11-19-194,N
2025-11-19T09:46:15,180.176,258,AAPL-2025-11-19-195,N
2025-11-19T09:46:20,180.118,196,AAPL-2025-11-19-196,N
2025-11-19T09:46:25,180.09,243,AAPL-2025-11-19-197,N
2025-11-19T09:46:30,180.117,225,AAPL-2025-11-19-198,N
2025-11-19T09:46:35,180.092,244,AAPL-2025-11-19-199,N
2025-11-19T09:46:40,180.037,113,AAPL-2025-11-19-200,N
2025-11-19T09:46:45,179.991,198,AAPL-2025-11-19-201,N
2025-11-19T09:46:50,180.015,51,AAPL-2025-11-19-202,N
2025-11-19T09:46:55,180.063,206,AAPL-2025-11-19-203,N
2025-11-19T09:47:00,180.007,205,AAPL-2025-11-19-204,N
2025-11-19T09:47:05,180.046,229,AAPL-2025-11-19-205,N
2025-11-19T09:47:10,180.085,131,AAPL-2025-11-19-206,N
2025-11-19T09:47:15,180.071,153,AAPL-2025-11-19-207,N
2025-11-19T09:47:20,180.132,231,AAPL-2025-11-19-208,N
2025-11-19T09:47:25,180.235,176,AAPL-2025-11-19-209,N
2025-11-19T09:47:30,180.209,192,AAPL-2025-11-19-210,N
2025-11-19T09:47:35,180.258,181,AAPL-2025-11-19-211,N
2025-11-19T09:47:40,180.263,204,AAPL-2025-11-19-212,N
2025-11-19T09:47:45,180.264,167,AAPL-2025-11-19-213,N
2025-11-19T09:47:50,180.259,190,AAPL-2025-11-19-214,N
2025-11-19T09:47:55,180.259,247,AAPL-2025-11-19-215,N
2025-11-19T09:48:00,180.323,157,AAPL-2025-11-19-216,N
2025-11-19T09:48:05,180.309,158,AAPL-2025-11-19-217,N
2025-11-19T09:48:10,180.315,173,AAPL-2025-11-19-218,N
2025-11-19T09:48:15,180.324,255,AAPL-2025-11-19-219,N
2025-11-19T09:48:20,180.233,224,AAPL-2025-11-19-220,N
2025-11-19T09:48:25,180.216,223,AAPL-2025-11-19-221,N
2025-11-19T09:48:30,180.184,259,AAPL-2025-11-19-222,N
2025-11-19T09:48:35,180.217,228,AAPL-2025-11-19-223,N
2025-11-19T09:48:40,180.245,162,AAPL-2025-11-19-224,N
2025-11-19T09:48:45,180.223,237,AAPL-2025-11-19-225,N
2025-11-19T09:48:50,180.195,272,AAPL-2025-11-19-226,N
2025-11-19T09:48:55,180.184,225,AAPL-2025-11-19-227,N
2025-11-19T09:49:00,180.259,164,AAPL-2025-11-19-228,N
2025-11-19T09:49:05,180.262,252,AAPL-2025-11-19-229,N
2025-11-19T09:49:10,180.296,183,AAPL-2025-11-19-230,N
2025-11-19T09:49:15,180.278,188,AAPL-2025-11-19-231,N
2025-11-19T09:49:20,180.33,186,AAPL-2025-11-19-232,N
2025-11-19T09:49:25,180.333,178,AAPL-2025-11-19-233,N
2025-11-19T09:49:30,180.358,207,AAPL-2025-11-19-234,N
2025-11-19T09:49:35,180.322,151,AAPL-2025-11-19-235,N
2025-11-19T09:49:40,180.25,158,AAPL-2025-11-19-236,N
2025-11-19T09:49:45,180.278,266,AAPL-2025-11-19-237,N
2025-11-19T09:49:50,180.303,227,AAPL-2025-11-19-238,N
2025-11-19T09:49:55,180.299,238,AAPL-2025-11-19-239,N
2025-11-19T09:50:00,180.309,290,AAPL-2025-11-19-240,N
2025-11-19T09:50:05,180.305,267,AAPL-2025-11-19-241,N
2025-11-19T09:50:10,180.337,236,AAPL-2025-11-19-242,N
2025-11-19T09:50:15,180.264,246,AAPL-2025-11-19-243,N
2025-11-19T09:50:20,180.26,177,AAPL-2025-11-19-244,N
2025-11-19T09:50:25,180.206,199,AAPL-2025-11-19-245,N
2025-11-19T09:50:30,180.207,134,AAPL-2025-11-19-246,N
2025-11-19T09:50:35,180.154,224,AAPL-2025-11-19-247,N
2025-11-19T09:50:40,180.186,209,AAPL-2025-11-19-248,N
2025-11-19T09:50:45,180.227,195,AAPL-2025-11-19-249,N
2025-11-19T09:50:50,180.225,154,AAPL-2025-11-19-250,N
2025-11-19T09:50:55,180.169,292,AAPL-2025-11-19-251,N
2025-11-19T09:51:00,180.21,130,AAPL-2025-11-19-252,N
2025-11-19T09:51:05,180.215,194,AAPL-2025-11-19-253,N
2025-11-19T09:51:10,180.206,179,AAPL-2025-11-19-254,N
2025-11-19T09:51:15,180.219,240,AAPL-2025-11-19-255,N
2025-11-19T09:51:20,180.234,193,AAPL-2025-11-19-256,N
2025-11-19T09:51:25,180.228,246,AAPL-2025-11-19-257,N
2025-11-19T09:51:30,180.245,203,AAPL-2025-11-19-258,N
2025-11-19T09:51:35,180.243,217,AAPL-2025-11-19-259,N
2025-11-19T09:51:40,180.227,241,AAPL-2025-11-19-260,N
2025-11-19T09:51:45,180.188,179,AAPL-2025-11-19-261,N
2025-11-19T09:51:50,180.21,143,AAPL-2025-11-19-262,N
2025-11-19T09:51:55,180.153,203,AAPL-2025-11-19-263,N
2025-11-19T09:52:00,180.092,135,AAPL-2025-11-19-264,N
2025-11-19T09:52:05,180.119,189,AAPL-2025-11-19-265,N
2025-11-19T09:52:10,180.166,139,AAPL-2025-11-19-266,N
2025-11-19T09:52:15,180.162,219,AAPL-2025-11-19-267,N
2025-11-19T09:52:20,180.12,251,AAPL-2025-11-19-268,N
2025-11-19T09:52:25,180.138,119,AAPL-2025-11-19-269,N
2025-11-19T09:52:30,180.137,219,AAPL-2025-11-19-270,N
2025-11-19T09:52:35,180.116,126,AAPL-2025-11-19-271,N
2025-11-19T09:52:40,180.126,310,AAPL-2025-11-19-272,N
2025-11-19T09:52:45,180.112,278,AAPL-2025-11-19-273,N
2025-11-19T09:52:50,180.085,210,AAPL-2025-11-19-274,N
2025-11-19T09:52:55,180.113,199,AAPL-2025-11-19-275,N
2025-11-19T09:53:00,180.102,236,AAPL-2025-11-19-276,N
2025-11-19T09:53:05,180.17,215,AAPL-2025-11-19-277,N
2025-11-19T09:53:10,180.151,190,AAPL-2025-11-19-278,N
2025-11-19T09:53:15,180.242,206,AAPL-2025-11-19-279,N
2025-11-19T09:53:20,180.221,142,AAPL-2025-11-19-280,N
2025-11-19T09:53:25,180.155,218,AAPL-2025-11-19-281,N
2025-11-19T09:53:30,180.179,180,AAPL-2025-11-19-282,N
2025-11-19T09:53:35,180.178,141,AAPL-2025-11-19-283,N
2025-11-19T09:53:40,180.183,224,AAPL-2025-11-19-284,N
2025-11-19T09:53:45,180.163,284,AAPL-2025-11-19-285,N
2025-11-19T09:53:50,180.133,214,AAPL-2025-11-19-286,N
2025-11-19T09:53:55,180.164,196,AAPL-2025-11-19-287,N
2025-11-19T09:54:00,180.157,128,AAPL-2025-11-19-288,N
2025-11-19T09:54:05,180.206,191,AAPL-2025-11-19-289,N
2025-11-19T09:54:10,180.225,233,AAPL-2025-11-19-290,N
2025-11-19T09:54:15,180.203,190,AAPL-2025-11-19-291,N
2025-11-19T09:54:20,180.251,144,AAPL-2025-11-19-292,N
2025-11-19T09:54:25,180.328,162,AAPL-2025-11-19-293,N
2025-11-19T09:54:30,180.285,206,AAPL-2025-11-19-294,N
2025-11-19T09:54:35,180.365,104,AAPL-2025-11-19-295,N
2025-11-19T09:54:40,180.36,223,AAPL-2025-11-19-296,N
2025-11-19T09:54:45,180.361,219,AAPL-2025-11-19-297,N
2025-11-19T09:54:50,180.335,170,AAPL-2025-11-19-298,N
2025-11-19T09:54:55,180.329,143,AAPL-2025-11-19-299,N
2025-11-19T09:55:00,180.328,180,AAPL-2025-11-19-300,N
2025-11-19T09:55:05,180.311,216,AAPL-2025-11-19-301,N
2025-11-19T09:55:10,180.245,188,AAPL-2025-11-19-302,N
2025-11-19T09:55:15,180.329,145,AAPL-2025-11-19-303,N
2025-11-19T09:55:20,180.375,202,AAPL-2025-11-19-304,N
2025-11-19T09:55:25,180.353,133,AAPL-2025-11-19-305,N
2025-11-19T09:55:30,180.358,272,AAPL-2025-11-19-306,N
2025-11-19T09:55:35,180.344,195,AAPL-2025-11-19-307,N
2025-11-19T09:55:40,180.381,217,AAPL-2025-11-19-308,N
2025-11-19T09:55:45,180.324,204,AAPL-2025-11-19-309,N
2025-11-19T09:55:50,180.379,198,AAPL-2025-11-19-310,N
2025-11-19T09:55:55,180.28,219,AAPL-2025-11-19-311,N
2025-11-19T09:56:00,180.273,108,AAPL-2025-11-19-312,N
2025-11-19T09:56:05,180.212,248,AAPL-2025-11-19-313,N
2025-11-19T09:56:10,180.186,154,AAPL-2025-11-19-314,N
2025-11-19T09:56:15,180.184,167,AAPL-2025-11-19-315,N
2025-11-19T09:56:20,180.188,189,AAPL-2025-11-19-316,N
2025-11-19T09:56:25,180.145,174,AAPL-2025-11-19-317,N
2025-11-19T09:56:30,180.161,202,AAPL-2025-11-19-318,N
2025-11-19T09:56:35,180.158,296,AAPL-2025-11-19-319,N
2025-11-19T09:56:40,180.184,242,AAPL-2025-11-19-320,N
2025-11-19T09:56:45,180.178,211,AAPL-2025-11-19-321,N
2025-11-19T09:56:50,180.163,238,AAPL-2025-11-19-322,N
2025-11-19T09:56:55,180.159,211,AAPL-2025-11-19-323,N
2025-11-19T09:57:00,180.164,199,AAPL-2025-11-19-324,N
2025-11-19T09:57:05,180.27,166,AAPL-2025-11-19-325,N
2025-11-19T09:57:10,180.246,234,AAPL-2025-11-19-326,N
2025-11-19T09:57:15,180.224,185,AAPL-2025-11-19-327,N
2025-11-19T09:57:20,180.185,224,AAPL-2025-11-19-328,N
2025-11-19T09:57:25,180.203,184,AAPL-2025-11-19-329,N
2025-11-19T09:57:30,180.229,107,AAPL-2025-11-19-330,N
2025-11-19T09:57:35,180.204,191,AAPL-2025-11-19-331,N
2025-11-19T09:57:40,180.161,112,AAPL-2025-11-19-332,N
2025-11-19T09:57:45,180.15,234,AAPL-2025-11-19-333,N
2025-11-19T09:57:50,180.197,172,AAPL-2025-11-19-334,N
2025-11-19T09:57:55,180.223,231,AAPL-2025-11-19-335,N
2025-11-19T09:58:00,180.267,182,AAPL-2025-11-19-336,N
2025-11-19T09:58:05,180.202,203,AAPL-2025-11-19-337,N
2025-11-19T09:58:10,180.166,163,AAPL-2025-11-19-338,N
2025-11-19T09:58:15,180.155,183,AAPL-2025-11-19-339,N
2025-11-19T09:58:20,180.16,235,AAPL-2025-11-19-340,N
2025-11-19T09:58:25,180.147,219,AAPL-2025-11-19-341,N
2025-11-19T09:58:30,180.147,246,AAPL-2025-11-19-342,N
2025-11-19T09:58:35,180.14,196,AAPL-2025-11-19-343,N
2025-11-19T09:58:40,180.127,191,AAPL-2025-11-19-344,N
2025-11-19T09:58:45,180.099,155,AAPL-2025-11-19-345,N
2025-11-19T09:58:50,180.127,145,AAPL-2025-11-19-346,N
2025-11-19T09:58:55,180.115,250,AAPL-2025-11-19-347,N
2025-11-19T09:59:00,180.102,241,AAPL-2025-11-19-348,N
2025-11-19T09:59:05,180.081,147,AAPL-2025-11-19-349,N
2025-11-19T09:59:10,180.024,265,AAPL-2025-11-19-350,N
2025-11-19T09:59:15,179.983,237,AAPL-2025-11-19-351,N
2025-11-19T09:59:20,179.947,265,AAPL-2025-11-19-352,N
2025-11-19T09:59:25,180.026,115,AAPL-2025-11-19-353,N
2025-11-19T09:59:30,179.987,238,AAPL-2025-11-19-354,N
2025-11-19T09:59:35,180.006,238,AAPL-2025-11-19-355,N
2025-11-19T09:59:40,179.985,299,AAPL-2025-11-19-356,N
2025-11-19T09:59:45,179.989,139,AAPL-2025-11-19-357,N
2025-11-19T09:59:50,179.98,139,AAPL-2025-11-19-358,N
2025-11-19T09:59:55,180.037,166,AAPL-2025-11-19-359,N
2025-11-19T10:00:00,180.055,176,AAPL-2025-11-19-360,N
2025-11-19T10:00:05,180.033,104,AAPL-2025-11-19-361,N
2025-11-19T10:00:10,180.054,264,AAPL-2025-11-19-362,N
2025-11-19T10:00:15,180.021,122,AAPL-2025-11-19-363,N
2025-11-19T10:00:20,180.05,117,AAPL-2025-11-19-364,N
2025-11-19T10:00:25,180.094,154,AAPL-2025-11-19-365,N
2025-11-19T10:00:30,180.054,212,AAPL-2025-11-19-366,N
2025-11-19T10:00:35,180.017,164,AAPL-2025-11-19-367,N
2025-11-19T10:00:40,180.03,78,AAPL-2025-11-19-368,N
2025-11-19T10:00:45,180.089,202,AAPL-2025-11-19-369,N
2025-11-19T10:00:50,180.042,149,AAPL-2025-11-19-370,N
2025-11-19T10:00:55,180.078,230,AAPL-2025-11-19-371,N
2025-11-19T10:01:00,180.128,165,AAPL-2025-11-19-372,N
2025-11-19T10:01:05,180.139,221,AAPL-2025-11-19-373,N
2025-11-19T10:01:10,180.164,256,AAPL-2025-11-19-374,N
2025-11-19T10:01:15,180.138,194,AAPL-2025-11-19-375,N
2025-11-19T10:01:20,180.116,197,AAPL-2025-11-19-376,N
2025-11-19T10:01:25,180.141,117,AAPL-2025-11-19-377,N
2025-11-19T10:01:30,180.181,143,AAPL-2025-11-19-378,N
2025-11-19T10:01:35,180.17,262,AAPL-2025-11-19-379,N
2025-11-19T10:01:40,180.182,216,AAPL-2025-11-19-380,N
2025-11-19T10:01:45,180.139,147,AAPL-2025-11-19-381,N
2025-11-19T10:01:50,180.173,170,AAPL-2025-11-19-382,N
2025-11-19T10:01:55,180.155,248,AAPL-2025-11-19-383,N
2025-11-19T10:02:00,180.118,213,AAPL-2025-11-19-384,N
2025-11-19T10:02:05,180.119,199,AAPL-2025-11-19-385,N
2025-11-19T10:02:10,180.1,171,AAPL-2025-11-19-386,N
2025-11-19T10:02:15,180.062,224,AAPL-2025-11-19-387,N
2025-11-19T10:02:20,180.038,248,AAPL-2025-11-19-388,N
2025-11-19T10:02:25,180.029,147,AAPL-2025-11-19-389,N
2025-11-19T10:02:30,180.021,179,AAPL-2025-11-19-390,N
2025-11-19T10:02:35,180.057,181,AAPL-2025-11-19-391,N
2025-11-19T10:02:40,180.047,270,AAPL-2025-11-19-392,N
2025-11-19T10:02:45,180.066,283,AAPL-2025-11-19-393,N
2025-11-19T10:02:50,180.111,155,AAPL-2025-11-19-394,N
2025-11-19T10:02:55,180.147,276,AAPL-2025-11-19-395,N
2025-11-19T10:03:00,180.202,249,AAPL-2025-11-19-396,N
2025-11-19T10:03:05,180.237,184,AAPL-2025-11-19-397,N
2025-11-19T10:03:10,180.206,182,AAPL-2025-11-19-398,N
2025-11-19T10:03:15,180.146,267,AAPL-2025-11-19-399,N
2025-11-19T10:03:20,180.136,264,AAPL-2025-11-19-400,N
2025-11-19T10:03:25,180.092,254,AAPL-2025-11-19-401,N
2025-11-19T10:03:30,180.074,135,AAPL-2025-11-19-402,N
2025-11-19T10:03:35,180.133,255,AAPL-2025-11-19-403,N
2025-11-19T10:03:40,180.14,201,AAPL-2025-11-19-404,N
2025-11-19T10:03:45,180.156,209,AAPL-2025-11-19-405,N
2025-11-19T10:03:50,180.128,179,AAPL-2025-11-19-406,N
2025-11-19T10:03:55,180.198,333,AAPL-2025-11-19-407,N
2025-11-19T10:04:00,180.255,223,AAPL-2025-11-19-408,N
2025-11-19T10:04:05,180.242,160,AAPL-2025-11-19-409,N
2025-11-19T10:04:10,180.216,172,AAPL-2025-11-19-410,N
2025-11-19T10:04:15,180.293,290,AAPL-2025-11-19-411,N
2025-11-19T10:04:20,180.32,151,AAPL-2025-11-19-412,N
2025-11-19T10:04:25,180.353,188,AAPL-2025-11-19-413,N
2025-11-19T10:04:30,180.275,214,AAPL-2025-11-19-414,N
2025-11-19T10:04:35,180.245,159,AAPL-2025-11-19-415,N
2025-11-19T10:04:40,180.236,175,AAPL-2025-11-19-416,N
2025-11-19T10:04:45,180.234,195,AAPL-2025-11-19-417,N
2025-11-19T10:04:50,180.167,276,AAPL-2025-11-19-418,N
2025-11-19T10:04:55,180.131,152,AAPL-2025-11-19-419,N
2025-11-19T10:05:00,180.119,194,AAPL-2025-11-19-420,N
2025-11-19T10:05:05,180.172,213,AAPL-2025-11-19-421,N
2025-11-19T10:05:10,180.192,213,AAPL-2025-11-19-422,N
2025-11-19T10:05:15,180.201,215,AAPL-2025-11-19-423,N
2025-11-19T10:05:20,180.131,187,AAPL-2025-11-19-424,N
2025-11-19T10:05:25,180.173,397,AAPL-2025-11-19-425,N
2025-11-19T10:05:30,180.13,221,AAPL-2025-11-19-426,N
2025-11-19T10:05:35,180.109,302,AAPL-2025-11-19-427,N
2025-11-19T10:05:40,180.06,231,AAPL-2025-11-19-428,N
2025-11-19T10:05:45,180.01,184,AAPL-2025-11-19-429,N
2025-11-19T10:05:50,180.008,253,AAPL-2025-11-19-430,N
2025-11-19T10:05:55,179.97,233,AAPL-2025-11-19-431,N
2025-11-19T10:06:00,179.97,213,AAPL-2025-11-19-432,N
2025-11-19T10:06:05,180.005,135,AAPL-2025-11-19-433,N
2025-11-19T10:06:10,180.034,171,AAPL-2025-11-19-434,N
2025-11-19T10:06:15,180.073,216,AAPL-2025-11-19-435,N
2025-11-19T10:06:20,180.066,170,AAPL-2025-11-19-436,N
2025-11-19T10:06:25,180.095,263,AAPL-2025-11-19-437,N
2025-11-19T10:06:30,180.076,143,AAPL-2025-11-19-438,N
2025-11-19T10:06:35,180.101,127,AAPL-2025-11-19-439,N
2025-11-19T10:06:40,180.054,146,AAPL-2025-11-19-440,N
2025-11-19T10:06:45,180.039,133,AAPL-2025-11-19-441,N
2025-11-19T10:06:50,179.969,143,AAPL-2025-11-19-442,N
2025-11-19T10:06:55,179.993,136,AAPL-2025-11-19-443,N
2025-11-19T10:07:00,179.98,297,AAPL-2025-11-19-444,N
2025-11-19T10:07:05,179.979,217,AAPL-2025-11-19-445,N
2025-11-19T10:07:10,179.945,308,AAPL-2025-11-19-446,N
2025-11-19T10:07:15,179.925,188,AAPL-2025-11-19-447,N
2025-11-19T10:07:20,179.972,190,AAPL-2025-11-19-448,N
2025-11-19T10:07:25,179.974,185,AAPL-2025-11-19-449,N
2025-11-19T10:07:30,179.964,218,AAPL-2025-11-19-450,N
2025-11-19T10:07:35,179.984,167,AAPL-2025-11-19-451,N
2025-11-19T10:07:40,179.957,169,AAPL-2025-11-19-452,N
2025-11-19T10:07:45,179.906,120,AAPL-2025-11-19-453,N
2025-11-19T10:07:50,179.917,246,AAPL-2025-11-19-454,N
2025-11-19T10:07:55,179.948,80,AAPL-2025-11-19-455,N
2025-11-19T10:08:00,179.939,144,AAPL-2025-11-19-456,N
2025-11-19T10:08:05,179.945,179,AAPL-2025-11-19-457,N
2025-11-19T10:08:10,179.966,199,AAPL-2025-11-19-458,N
2025-11-19T10:08:15,179.898,151,AAPL-2025-11-19-459,N
2025-11-19T10:08:20,179.898,204,AAPL-2025-11-19-460,N
2025-11-19T10:08:25,179.847,123,AAPL-2025-11-19-461,N
2025-11-19T10:08:30,179.849,129,AAPL-2025-11-19-462,N
2025-11-19T10:08:35,179.789,177,AAPL-2025-11-19-463,N
2025-11-19T10:08:40,179.772,156,AAPL-2025-11-19-464,N
2025-11-19T10:08:45,179.746,200,AAPL-2025-11-19-465,N
2025-11-19T10:08:50,179.72,203,AAPL-2025-11-19-466,N
2025-11-19T10:08:55,179.707,208,AAPL-2025-11-19-467,N
2025-11-19T10:09:00,179.738,241,AAPL-2025-11-19-468,N
2025-11-19T10:09:05,179.785,241,AAPL-2025-11-19-469,N
2025-11-19T10:09:10,179.793,178,AAPL-2025-11-19-470,N
2025-11-19T10:09:15,179.779,156,AAPL-2025-11-19-471,N
2025-11-19T10:09:20,179.779,234,AAPL-2025-11-19-472,N
2025-11-19T10:09:25,179.753,198,AAPL-2025-11-19-473,N
2025-11-19T10:09:30,179.729,210,AAPL-2025-11-19-474,N
2025-11-19T10:09:35,179.709,163,AAPL-2025-11-19-475,N
2025-11-19T10:09:40,179.685,225,AAPL-2025-11-19-476,N
2025-11-19T10:09:45,179.681,178,AAPL-2025-11-19-477,N
2025-11-19T10:09:50,179.691,179,AAPL-2025-11-19-478,N
2025-11-19T10:09:55,179.731,151,AAPL-2025-11-19-479,N
2025-11-19T10:10:00,179.725,129,AAPL-2025-11-19-480,N
2025-11-19T10:10:05,179.712,116,AAPL-2025-11-19-481,N
2025-11-19T10:10:10,179.739,238,AAPL-2025-11-19-482,N
2025-11-19T10:10:15,179.767,201,AAPL-2025-11-19-483,N
2025-11-19T10:10:20,179.735,159,AAPL-2025-11-19-484,N
2025-11-19T10:10:25,179.79,271,AAPL-2025-11-19-485,N
2025-11-19T10:10:30,179.795,174,AAPL-2025-11-19-486,N
2025-11-19T10:10:35,179.844,165,AAPL-2025-11-19-487,N
2025-11-19T10:10:40,179.852,267,AAPL-2025-11-19-488,N
2025-11-19T10:10:45,179.822,241,AAPL-2025-11-19-489,N
2025-11-19T10:10:50,179.841,198,AAPL-2025-11-19-490,N
2025-11-19T10:10:55,179.805,163,AAPL-2025-11-19-491,N
2025-11-19T10:11:00,179.816,128,AAPL-2025-11-19-492,N
2025-11-19T10:11:05,179.82,227,AAPL-2025-11-19-493,N
2025-11-19T10:11:10,179.856,130,AAPL-2025-11-19-494,N
2025-11-19T10:11:15,179.903,284,AAPL-2025-11-19-495,N
2025-11-19T10:11:20,179.918,148,AAPL-2025-11-19-496,N
2025-11-19T10:11:25,179.906,197,AAPL-2025-11-19-497,N
2025-11-19T10:11:30,179.916,201,AAPL-2025-11-19-498,N
2025-11-19T10:11:35,179.926,195,AAPL-2025-11-19-499,N
2025-11-19T10:11:40,179.935,176,AAPL-2025-11-19-500,N
2025-11-19T10:11:45,179.923,171,AAPL-2025-11-19-501,N
2025-11-19T10:11:50,179.992,273,AAPL-2025-11-19-502,N
2025-11-19T10:11:55,180.012,266,AAPL-2025-11-19-503,N
2025-11-19T10:12:00,180.041,209,AAPL-2025-11-19-504,N
2025-11-19T10:12:05,179.987,186,AAPL-2025-11-19-505,N
2025-11-19T10:12:10,179.975,143,AAPL-2025-11-19-506,N
2025-11-19T10:12:15,179.921,224,AAPL-2025-11-19-507,N
2025-11-19T10:12:20,179.933,141,AAPL-2025-11-19-508,N
2025-11-19T10:12:25,179.906,258,AAPL-2025-11-19-509,N
2025-11-19T10:12:30,179.874,208,AAPL-2025-11-19-510,N
2025-11-19T10:12:35,179.868,225,AAPL-2025-11-19-511,N
2025-11-19T10:12:40,179.837,204,AAPL-2025-11-19-512,N
2025-11-19T10:12:45,179.843,211,AAPL-2025-11-19-513,N
2025-11-19T10:12:50,179.846,217,AAPL-2025-11-19-514,N
2025-11-19T10:12:55,179.925,328,AAPL-2025-11-19-515,N
2025-11-19T10:13:00,179.902,84,AAPL-2025-11-19-516,N
2025-11-19T10:13:05,179.923,209,AAPL-2025-11-19-517,N
2025-11-19T10:13:10,179.961,214,AAPL-2025-11-19-518,N
2025-11-19T10:13:15,179.963,256,AAPL-2025-11-19-519,N
2025-11-19T10:13:20,180.009,130,AAPL-2025-11-19-520,N
2025-11-19T10:13:25,179.98,194,AAPL-2025-11-19-521,N
2025-11-19T10:13:30,179.983,188,AAPL-2025-11-19-522,N
2025-11-19T10:13:35,179.999,249,AAPL-2025-11-19-523,N
2025-11-19T10:13:40,180.061,228,AAPL-2025-11-19-524,N
2025-11-19T10:13:45,180.03,192,AAPL-2025-11-19-525,N
2025-11-19T10:13:50,180.027,225,AAPL-2025-11-19-526,N
2025-11-19T10:13:55,180.041,302,AAPL-2025-11-19-527,N
2025-11-19T10:14:00,180.025,219,AAPL-2025-11-19-528,N
2025-11-19T10:14:05,180.11,170,AAPL-2025-11-19-529,N
2025-11-19T10:14:10,180.115,152,AAPL-2025-11-19-530,N
2025-11-19T10:14:15,180.118,160,AAPL-2025-11-19-531,N
2025-11-19T10:14:20,180.155,207,AAPL-2025-11-19-532,N
2025-11-19T10:14:25,180.122,242,AAPL-2025-11-19-533,N
2025-11-19T10:14:30,180.128,247,AAPL-2025-11-19-534,N
2025-11-19T10:14:35,180.087,218,AAPL-2025-11-19-535,N
2025-11-19T10:14:40,180.115,178,AAPL-2025-11-19-536,N
2025-11-19T10:14:45,180.069,197,AAPL-2025-11-19-537,N
2025-11-19T10:14:50,180.114,256,AAPL-2025-11-19-538,N
2025-11-19T10:14:55,180.098,135,AAPL-2025-11-19-539,N
2025-11-19T10:15:00,180.083,176,AAPL-2025-11-19-540,N
2025-11-19T10:15:05,180.099,194,AAPL-2025-11-19-541,N
2025-11-19T10:15:10,180.072,255,AAPL-2025-11-19-542,N
2025-11-19T10:15:15,180.077,221,AAPL-2025-11-19-543,N
2025-11-19T10:15:20,180.014,78,AAPL-2025-11-19-544,N
2025-11-19T10:15:25,179.963,175,AAPL-2025-11-19-545,N
2025-11-19T10:15:30,179.983,82,AAPL-2025-11-19-546,N
2025-11-19T10:15:35,180.041,208,AAPL-2025-11-19-547,N
2025-11-19T10:15:40,180.09,155,AAPL-2025-11-19-548,N
2025-11-19T10:15:45,180.108,204,AAPL-2025-11-19-549,N
2025-11-19T10:15:50,180.137,188,AAPL-2025-11-19-550,N
2025-11-19T10:15:55,180.154,255,AAPL-2025-11-19-551,N
2025-11-19T10:16:00,180.131,212,AAPL-2025-11-19-552,N
2025-11-19T10:16:05,180.063,235,AAPL-2025-11-19-553,N
2025-11-19T10:16:10,180.133,137,AAPL-2025-11-19-554,N
2025-11-19T10:16:15,180.13,244,AAPL-2025-11-19-555,N
2025-11-19T10:16:20,180.131,208,AAPL-2025-11-19-556,N
2025-11-19T10:16:25,180.117,178,AAPL-2025-11-19-557,N
2025-11-19T10:16:30,180.114,202,AAPL-2025-11-19-558,N
2025-11-19T10:16:35,180.071,196,AAPL-2025-11-19-559,N
2025-11-19T10:16:40,180.128,179,AAPL-2025-11-19-560,N
2025-11-19T10:16:45,180.083,192,AAPL-2025-11-19-561,N
2025-11-19T10:16:50,180.058,133,AAPL-2025-11-19-562,N
2025-11-19T10:16:55,180.063,164,AAPL-2025-11-19-563,N
2025-11-19T10:17:00,180.04,207,AAPL-2025-11-19-564,N
2025-11-19T10:17:05,179.985,112,AAPL-2025-11-19-565,N
2025-11-19T10:17:10,180.009,103,AAPL-2025-11-19-566,N
2025-11-19T10:17:15,179.974,110,AAPL-2025-11-19-567,N
2025-11-19T10:17:20,179.956,221,AAPL-2025-11-19-568,N
2025-11-19T10:17:25,179.96,319,AAPL-2025-11-19-569,N
2025-11-19T10:17:30,180.0,153,AAPL-2025-11-19-570,N
2025-11-19T10:17:35,179.956,335,AAPL-2025-11-19-571,N
2025-11-19T10:17:40,179.995,229,AAPL-2025-11-19-572,N
2025-11-19T10:17:45,179.997,213,AAPL-2025-11-19-573,N
2025-11-19T10:17:50,179.944,207,AAPL-2025-11-19-574,N
2025-11-19T10:17:55,179.947,154,AAPL-2025-11-19-575,N
2025-11-19T10:18:00,179.927,275,AAPL-2025-11-19-576,N
2025-11-19T10:18:05,179.923,303,AAPL-2025-11-19-577,N
2025-11-19T10:18:10,179.86,173,AAPL-2025-11-19-578,N
2025-11-19T10:18:15,179.804,139,AAPL-2025-11-19-579,N
2025-11-19T10:18:20,179.775,215,AAPL-2025-11-19-580,N
2025-11-19T10:18:25,179.784,166,AAPL-2025-11-19-581,N
2025-11-19T10:18:30,179.704,273,AAPL-2025-11-19-582,N
2025-11-19T10:18:35,179.694,144,AAPL-2025-11-19-583,N
2025-11-19T10:18:40,179.704,210,AAPL-2025-11-19-584,N
2025-11-19T10:18:45,179.692,207,AAPL-2025-11-19-585,N
2025-11-19T10:18:50,179.651,237,AAPL-2025-11-19-586,N
2025-11-19T10:18:55,179.615,169,AAPL-2025-11-19-587,N
2025-11-19T10:19:00,179.638,260,AAPL-2025-11-19-588,N
2025-11-19T10:19:05,179.695,252,AAPL-2025-11-19-589,N
2025-11-19T10:19:10,179.683,122,AAPL-2025-11-19-590,N
2025-11-19T10:19:15,179.734,268,AAPL-2025-11-19-591,N
2025-11-19T10:19:20,179.71,246,AAPL-2025-11-19-592,N
2025-11-19T10:19:25,179.698,275,AAPL-2025-11-19-593,N
2025-11-19T10:19:30,179.679,298,AAPL-2025-11-19-594,N
2025-11-19T10:19:35,179.708,289,AAPL-2025-11-19-595,N
2025-11-19T10:19:40,179.691,220,AAPL-2025-11-19-596,N
2025-11-19T10:19:45,179.656,242,AAPL-2025-11-19-597,N
2025-11-19T10:19:50,179.688,319,AAPL-2025-11-19-598,N
2025-11-19T10:19:55,179.706,236,AAPL-2025-11-19-599,N
2025-11-19T10:20:00,179.689,227,AAPL-2025-11-19-600,N
2025-11-19T10:20:05,179.675,205,AAPL-2025-11-19-601,N
2025-11-19T10:20:10,179.681,182,AAPL-2025-11-19-602,N
2025-11-19T10:20:15,179.684,181,AAPL-2025-11-19-603,N
2025-11-19T10:20:20,179.67,253,AAPL-2025-11-19-604,N
2025-11-19T10:20:25,179.676,217,AAPL-2025-11-19-605,N
2025-11-19T10:20:30,179.624,221,AAPL-2025-11-19-606,N
2025-11-19T10:20:35,179.643,180,AAPL-2025-11-19-607,N
2025-11-19T10:20:40,179.718,85,AAPL-2025-11-19-608,N
2025-11-19T10:20:45,179.746,235,AAPL-2025-11-19-609,N
2025-11-19T10:20:50,179.766,208,AAPL-2025-11-19-610,N
2025-11-19T10:20:55,179.785,243,AAPL-2025-11-19-611,N
2025-11-19T10:21:00,179.759,214,AAPL-2025-11-19-612,N
2025-11-19T10:21:05,179.753,145,AAPL-2025-11-19-613,N
2025-11-19T10:21:10,179.778,171,AAPL-2025-11-19-614,N
2025-11-19T10:21:15,179.725,173,AAPL-2025-11-19-615,N
2025-11-19T10:21:20,179.696,251,AAPL-2025-11-19-616,N
2025-11-19T10:21:25,179.701,269,AAPL-2025-11-19-617,N
2025-11-19T10:21:30,179.677,243,AAPL-2025-11-19-618,N
2025-11-19T10:21:35,179.78,217,AAPL-2025-11-19-619,N
2025-11-19T10:21:40,179.81,234,AAPL-2025-11-19-620,N
2025-11-19T10:21:45,179.759,229,AAPL-2025-11-19-621,N
2025-11-19T10:21:50,179.77,187,AAPL-2025-11-19-622,N
2025-11-19T10:21:55,179.739,234,AAPL-2025-11-19-623,N
2025-11-19T10:22:00,179.704,306,AAPL-2025-11-19-624,N
2025-11-19T10:22:05,179.708,138,AAPL-2025-11-19-625,N
2025-11-19T10:22:10,179.689,186,AAPL-2025-11-19-626,N
2025-11-19T10:22:15,179.776,155,AAPL-2025-11-19-627,N
2025-11-19T10:22:20,179.772,173,AAPL-2025-11-19-628,N
2025-11-19T10:22:25,179.79,173,AAPL-2025-11-19-629,N
2025-11-19T10:22:30,179.749,190,AAPL-2025-11-19-630,N
2025-11-19T10:22:35,179.738,170,AAPL-2025-11-19-631,N
2025-11-19T10:22:40,179.719,259,AAPL-2025-11-19-632,N
2025-11-19T10:22:45,179.707,143,AAPL-2025-11-19-633,N
2025-11-19T10:22:50,179.691,202,AAPL-2025-11-19-634,N
2025-11-19T10:22:55,179.643,281,AAPL-2025-11-19-635,N
2025-11-19T10:23:00,179.674,271,AAPL-2025-11-19-636,N
2025-11-19T10:23:05,179.688,95,AAPL-2025-11-19-637,N
2025-11-19T10:23:10,179.743,156,AAPL-2025-11-19-638,N
2025-11-19T10:23:15,179.715,207,AAPL-2025-11-19-639,N
2025-11-19T10:23:20,179.764,252,AAPL-2025-11-19-640,N
2025-11-19T10:23:25,179.797,184,AAPL-2025-11-19-641,N
2025-11-19T10:23:30,179.785,217,AAPL-2025-11-19-642,N
2025-11-19T10:23:35,179.78,244,AAPL-2025-11-19-643,N
2025-11-19T10:23:40,179.81,229,AAPL-2025-11-19-644,N
2025-11-19T10:23:45,179.719,206,AAPL-2025-11-19-645,N
2025-11-19T10:23:50,179.716,208,AAPL-2025-11-19-646,N
2025-11-19T10:23:55,179.688,133,AAPL-2025-11-19-647,N
2025-11-19T10:24:00,179.705,182,AAPL-2025-11-19-648,N
2025-11-19T10:24:05,179.726,166,AAPL-2025-11-19-649,N
2025-11-19T10:24:10,179.777,250,AAPL-2025-11-19-650,N
2025-11-19T10:24:15,179.787,189,AAPL-2025-11-19-651,N
2025-11-19T10:24:20,179.818,219,AAPL-2025-11-19-652,N
2025-11-19T10:24:25,179.827,252,AAPL-2025-11-19-653,N
2025-11-19T10:24:30,179.878,137,AAPL-2025-11-19-654,N
2025-11-19T10:24:35,179.84,160,AAPL-2025-11-19-655,N
2025-11-19T10:24:40,179.786,196,AAPL-2025-11-19-656,N
2025-11-19T10:24:45,179.808,198,AAPL-2025-11-19-657,N
2025-11-19T10:24:50,179.788,256,AAPL-2025-11-19-658,N
2025-11-19T10:24:55,179.793,217,AAPL-2025-11-19-659,N
2025-11-19T10:25:00,179.835,193,AAPL-2025-11-19-660,N
2025-11-19T10:25:05,179.909,177,AAPL-2025-11-19-661,N
2025-11-19T10:25:10,179.981,151,AAPL-2025-11-19-662,N
2025-11-19T10:25:15,180.0,167,AAPL-2025-11-19-663,N
2025-11-19T10:25:20,180.04,176,AAPL-2025-11-19-664,N
2025-11-19T10:25:25,180.05,167,AAPL-2025-11-19-665,N
2025-11-19T10:25:30,180.084,167,AAPL-2025-11-19-666,N
2025-11-19T10:25:35,180.145,150,AAPL-2025-11-19-667,N
2025-11-19T10:25:40,180.096,247,AAPL-2025-11-19-668,N
2025-11-19T10:25:45,180.075,199,AAPL-2025-11-19-669,N
2025-11-19T10:25:50,180.063,134,AAPL-2025-11-19-670,N
2025-11-19T10:25:55,180.061,263,AAPL-2025-11-19-671,N
2025-11-19T10:26:00,180.097,211,AAPL-2025-11-19-672,N
2025-11-19T10:26:05,180.137,147,AAPL-2025-11-19-673,N
2025-11-19T10:26:10,180.125,219,AAPL-2025-11-19-674,N
2025-11-19T10:26:15,180.12,187,AAPL-2025-11-19-675,N
2025-11-19T10:26:20,180.077,95,AAPL-2025-11-19-676,N
2025-11-19T10:26:25,180.107,212,AAPL-2025-11-19-677,N
2025-11-19T10:26:30,180.139,178,AAPL-2025-11-19-678,N
2025-11-19T10:26:35,180.113,200,AAPL-2025-11-19-679,N
2025-11-19T10:26:40,180.144,188,AAPL-2025-11-19-680,N
2025-11-19T10:26:45,180.173,149,AAPL-2025-11-19-681,N
2025-11-19T10:26:50,180.167,196,AAPL-2025-11-19-682,N
2025-11-19T10:26:55,180.211,210,AAPL-2025-11-19-683,N
2025-11-19T10:27:00,180.274,132,AAPL-2025-11-19-684,N
2025-11-19T10:27:05,180.279,208,AAPL-2025-11-19-685,N
2025-11-19T10:27:10,180.301,159,AAPL-2025-11-19-686,N
2025-11-19T10:27:15,180.362,200,AAPL-2025-11-19-687,N
2025-11-19T10:27:20,180.323,199,AAPL-2025-11-19-688,N
2025-11-19T10:27:25,180.312,339,AAPL-2025-11-19-689,N
2025-11-19T10:27:30,180.349,202,AAPL-2025-11-19-690,N
2025-11-19T10:27:35,180.345,247,AAPL-2025-11-19-691,N
2025-11-19T10:27:40,180.381,54,AAPL-2025-11-19-692,N
2025-11-19T10:27:45,180.405,201,AAPL-2025-11-19-693,N
2025-11-19T10:27:50,180.357,244,AAPL-2025-11-19-694,N
2025-11-19T10:27:55,180.438,227,AAPL-2025-11-19-695,N
2025-11-19T10:28:00,180.478,290,AAPL-2025-11-19-696,N
2025-11-19T10:28:05,180.448,107,AAPL-2025-11-19-697,N
2025-11-19T10:28:10,180.472,187,AAPL-2025-11-19-698,N
2025-11-19T10:28:15,180.422,196,AAPL-2025-11-19-699,N
2025-11-19T10:28:20,180.448,192,AAPL-2025-11-19-700,N
2025-11-19T10:28:25,180.42,188,AAPL-2025-11-19-701,N
2025-11-19T10:28:30,180.419,103,AAPL-2025-11-19-702,N
2025-11-19T10:28:35,180.414,132,AAPL-2025-11-19-703,N
2025-11-19T10:28:40,180.438,121,AAPL-2025-11-19-704,N
2025-11-19T10:28:45,180.475,179,AAPL-2025-11-19-705,N
2025-11-19T10:28:50,180.455,214,AAPL-2025-11-19-706,N
2025-11-19T10:28:55,180.424,213,AAPL-2025-11-19-707,N
2025-11-19T10:29:00,180.397,172,AAPL-2025-11-19-708,N
2025-11-19T10:29:05,180.412,143,AAPL-2025-11-19-709,N
2025-11-19T10:29:10,180.366,212,AAPL-2025-11-19-710,N
2025-11-19T10:29:15,180.365,208,AAPL-2025-11-19-711,N
2025-11-19T10:29:20,180.377,202,AAPL-2025-11-19-712,N
2025-11-19T10:29:25,180.399,204,AAPL-2025-11-19-713,N
2025-11-19T10:29:30,180.327,112,AAPL-2025-11-19-714,N
2025-11-19T10:29:35,180.396,200,AAPL-2025-11-19-715,N
2025-11-19T10:29:40,180.43,182,AAPL-2025-11-19-716,N
2025-11-19T10:29:45,180.428,177,AAPL-2025-11-19-717,N
2025-11-19T10:29:50,180.517,212,AAPL-2025-11-19-718,N
2025-11-19T10:29:55,180.498,117,AAPL-2025-11-19-719,N
2025-11-19T10:30:00,180.569,191,AAPL-2025-11-19-720,N
2025-11-19T10:30:05,180.596,242,AAPL-2025-11-19-721,N
2025-11-19T10:30:10,180.579,233,AAPL-2025-11-19-722,N
2025-11-19T10:30:15,180.558,150,AAPL-2025-11-19-723,N
2025-11-19T10:30:20,180.6,192,AAPL-2025-11-19-724,N
2025-11-19T10:30:25,180.618,220,AAPL-2025-11-19-725,N
2025-11-19T10:30:30,180.641,122,AAPL-2025-11-19-726,N
2025-11-19T10:30:35,180.62,183,AAPL-2025-11-19-727,N
2025-11-19T10:30:40,180.59,221,AAPL-2025-11-19-728,N
2025-11-19T10:30:45,180.633,267,AAPL-2025-11-19-729,N
2025-11-19T10:30:50,180.621,214,AAPL-2025-11-19-730,N
2025-11-19T10:30:55,180.637,231,AAPL-2025-11-19-731,N
2025-11-19T10:31:00,180.605,291,AAPL-2025-11-19-732,N
2025-11-19T10:31:05,180.639,247,AAPL-2025-11-19-733,N
2025-11-19T10:31:10,180.682,226,AAPL-2025-11-19-734,N
2025-11-19T10:31:15,180.645,193,AAPL-2025-11-19-735,N
2025-11-19T10:31:20,180.585,220,AAPL-2025-11-19-736,N
2025-11-19T10:31:25,180.579,197,AAPL-2025-11-19-737,N
2025-11-19T10:31:30,180.623,177,AAPL-2025-11-19-738,N
2025-11-19T10:31:35,180.614,201,AAPL-2025-11-19-739,N
2025-11-19T10:31:40,180.547,186,AAPL-2025-11-19-740,N
2025-11-19T10:31:45,180.457,170,AAPL-2025-11-19-741,N
2025-11-19T10:31:50,180.488,222,AAPL-2025-11-19-742,N
2025-11-19T10:31:55,180.467,202,AAPL-2025-11-19-743,N
2025-11-19T10:32:00,180.428,199,AAPL-2025-11-19-744,N
2025-11-19T10:32:05,180.534,292,AAPL-2025-11-19-745,N
2025-11-19T10:32:10,180.536,208,AAPL-2025-11-19-746,N
2025-11-19T10:32:15,180.5,159,AAPL-2025-11-19-747,N
2025-11-19T10:32:20,180.513,173,AAPL-2025-11-19-748,N
2025-11-19T10:32:25,180.546,278,AAPL-2025-11-19-749,N
2025-11-19T10:32:30,180.558,205,AAPL-2025-11-19-750,N
2025-11-19T10:32:35,180.497,237,AAPL-2025-11-19-751,N
2025-11-19T10:32:40,180.456,179,AAPL-2025-11-19-752,N
2025-11-19T10:32:45,180.491,251,AAPL-2025-11-19-753,N
2025-11-19T10:32:50,180.474,179,AAPL-2025-11-19-754,N
2025-11-19T10:32:55,180.449,140,AAPL-2025-11-19-755,N
2025-11-19T10:33:00,180.426,119,AAPL-2025-11-19-756,N
2025-11-19T10:33:05,180.45,219,AAPL-2025-11-19-757,N
2025-11-19T10:33:10,180.471,152,AAPL-2025-11-19-758,N
2025-11-19T10:33:15,180.427,202,AAPL-2025-11-19-759,N
2025-11-19T10:33:20,180.43,192,AAPL-2025-11-19-760,N
2025-11-19T10:33:25,180.419,285,AAPL-2025-11-19-761,N
2025-11-19T10:33:30,180.435,298,AAPL-2025-11-19-762,N
2025-11-19T10:33:35,180.48,285,AAPL-2025-11-19-763,N
2025-11-19T10:33:40,180.442,229,AAPL-2025-11-19-764,N
2025-11-19T10:33:45,180.426,116,AAPL-2025-11-19-765,N
2025-11-19T10:33:50,180.48,185,AAPL-2025-11-19-766,N
2025-11-19T10:33:55,180.442,179,AAPL-2025-11-19-767,N
2025-11-19T10:34:00,180.413,165,AAPL-2025-11-19-768,N
2025-11-19T10:34:05,180.405,286,AAPL-2025-11-19-769,N
2025-11-19T10:34:10,180.381,282,AAPL-2025-11-19-770,N
2025-11-19T10:34:15,180.412,219,AAPL-2025-11-19-771,N
2025-11-19T10:34:20,180.439,200,AAPL-2025-11-19-772,N
2025-11-19T10:34:25,180.485,228,AAPL-2025-11-19-773,N
2025-11-19T10:34:30,180.425,214,AAPL-2025-11-19-774,N
2025-11-19T10:34:35,180.453,185,AAPL-2025-11-19-775,N
2025-11-19T10:34:40,180.458,169,AAPL-2025-11-19-776,N
2025-11-19T10:34:45,180.408,122,AAPL-2025-11-19-777,N
2025-11-19T10:34:50,180.353,233,AAPL-2025-11-19-778,N
2025-11-19T10:34:55,180.263,166,AAPL-2025-11-19-779,N
2025-11-19T10:35:00,180.235,185,AAPL-2025-11-19-780,N
2025-11-19T10:35:05,180.169,220,AAPL-2025-11-19-781,N
2025-11-19T10:35:10,180.123,256,AAPL-2025-11-19-782,N
2025-11-19T10:35:15,180.1,195,AAPL-2025-11-19-783,N
2025-11-19T10:35:20,180.1,212,AAPL-2025-11-19-784,N
2025-11-19T10:35:25,180.102,178,AAPL-2025-11-19-785,N
2025-11-19T10:35:30,180.114,223,AAPL-2025-11-19-786,N
2025-11-19T10:35:35,180.087,221,AAPL-2025-11-19-787,N
2025-11-19T10:35:40,180.129,235,AAPL-2025-11-19-788,N
2025-11-19T10:35:45,180.163,208,AAPL-2025-11-19-789,N
2025-11-19T10:35:50,180.129,159,AAPL-2025-11-19-790,N
2025-11-19T10:35:55,180.141,247,AAPL-2025-11-19-791,N
2025-11-19T10:36:00,180.241,249,AAPL-2025-11-19-792,N
2025-11-19T10:36:05,180.199,161,AAPL-2025-11-19-793,N
2025-11-19T10:36:10,180.281,189,AAPL-2025-11-19-794,N
2025-11-19T10:36:15,180.283,151,AAPL-2025-11-19-795,N
2025-11-19T10:36:20,180.339,225,AAPL-2025-11-19-796,N
2025-11-19T10:36:25,180.311,150,AAPL-2025-11-19-797,N
2025-11-19T10:36:30,180.322,202,AAPL-2025-11-19-798,N
2025-11-19T10:36:35,180.352,227,AAPL-2025-11-19-799,N
2025-11-19T10:36:40,180.343,172,AAPL-2025-11-19-800,N
2025-11-19T10:36:45,180.337,172,AAPL-2025-11-19-801,N
2025-11-19T10:36:50,180.332,200,AAPL-2025-11-19-802,N
2025-11-19T10:36:55,180.3,231,AAPL-2025-11-19-803,N
2025-11-19T10:37:00,180.287,157,AAPL-2025-11-19-804,N
2025-11-19T10:37:05,180.274,212,AAPL-2025-11-19-805,N
2025-11-19T10:37:10,180.277,221,AAPL-2025-11-19-806,N
2025-11-19T10:37:15,180.309,265,AAPL-2025-11-19-807,N
2025-11-19T10:37:20,180.32,146,AAPL-2025-11-19-808,N
2025-11-19T10:37:25,180.31,149,AAPL-2025-11-19-809,N
2025-11-19T10:37:30,180.371,299,AAPL-2025-11-19-810,N
2025-11-19T10:37:35,180.395,242,AAPL-2025-11-19-811,N
2025-11-19T10:37:40,180.404,218,AAPL-2025-11-19-812,N
2025-11-19T10:37:45,180.346,196,AAPL-2025-11-19-813,N
2025-11-19T10:37:50,180.314,214,AAPL-2025-11-19-814,N
2025-11-19T10:37:55,180.312,297,AAPL-2025-11-19-815,N
2025-11-19T10:38:00,180.345,214,AAPL-2025-11-19-816,N
2025-11-19T10:38:05,180.336,283,AAPL-2025-11-19-817,N
2025-11-19T10:38:10,180.334,216,AAPL-2025-11-19-818,N
2025-11-19T10:38:15,180.336,179,AAPL-2025-11-19-819,N
2025-11-19T10:38:20,180.337,101,AAPL-2025-11-19-820,N
2025-11-19T10:38:25,180.281,217,AAPL-2025-11-19-821,N
2025-11-19T10:38:30,180.338,217,AAPL-2025-11-19-822,N
2025-11-19T10:38:35,180.312,127,AAPL-2025-11-19-823,N
2025-11-19T10:38:40,180.34,171,AAPL-2025-11-19-824,N
2025-11-19T10:38:45,180.364,219,AAPL-2025-11-19-825,N
2025-11-19T10:38:50,180.381,201,AAPL-2025-11-19-826,N
2025-11-19T10:38:55,180.395,194,AAPL-2025-11-19-827,N
2025-11-19T10:39:00,180.372,151,AAPL-2025-11-19-828,N
2025-11-19T10:39:05,180.286,190,AAPL-2025-11-19-829,N
2025-11-19T10:39:10,180.34,236,AAPL-2025-11-19-830,N
2025-11-19T10:39:15,180.349,163,AAPL-2025-11-19-831,N
2025-11-19T10:39:20,180.385,194,AAPL-2025-11-19-832,N
2025-11-19T10:39:25,180.441,150,AAPL-2025-11-19-833,N
2025-11-19T10:39:30,180.414,157,AAPL-2025-11-19-834,N
2025-11-19T10:39:35,180.361,153,AAPL-2025-11-19-835,N
2025-11-19T10:39:40,180.365,164,AAPL-2025-11-19-836,N
2025-11-19T10:39:45,180.225,253,AAPL-2025-11-19-837,N
2025-11-19T10:39:50,180.165,229,AAPL-2025-11-19-838,N
2025-11-19T10:39:55,180.166,305,AAPL-2025-11-19-839,N
2025-11-19T10:40:00,180.202,174,AAPL-2025-11-19-840,N
2025-11-19T10:40:05,180.177,275,AAPL-2025-11-19-841,N
2025-11-19T10:40:10,180.123,209,AAPL-2025-11-19-842,N
2025-11-19T10:40:15,180.119,182,AAPL-2025-11-19-843,N
2025-11-19T10:40:20,180.131,209,AAPL-2025-11-19-844,N
2025-11-19T10:40:25,180.148,206,AAPL-2025-11-19-845,N
2025-11-19T10:40:30,180.163,204,AAPL-2025-11-19-846,N
2025-11-19T10:40:35,180.139,200,AAPL-2025-11-19-847,N
2025-11-19T10:40:40,180.113,160,AAPL-2025-11-19-848,N
2025-11-19T10:40:45,180.101,194,AAPL-2025-11-19-849,N
2025-11-19T10:40:50,180.103,245,AAPL-2025-11-19-850,N
2025-11-19T10:40:55,180.085,209,AAPL-2025-11-19-851,N
2025-11-19T10:41:00,180.089,169,AAPL-2025-11-19-852,N
2025-11-19T10:41:05,180.092,250,AAPL-2025-11-19-853,N
2025-11-19T10:41:10,180.098,211,AAPL-2025-11-19-854,N
2025-11-19T10:41:15,180.073,298,AAPL-2025-11-19-855,N
2025-11-19T10:41:20,180.049,116,AAPL-2025-11-19-856,N
2025-11-19T10:41:25,180.08,194,AAPL-2025-11-19-857,N
2025-11-19T10:41:30,180.07,172,AAPL-2025-11-19-858,N
2025-11-19T10:41:35,180.137,217,AAPL-2025-11-19-859,N
2025-11-19T10:41:40,180.157,208,AAPL-2025-11-19-860,N
2025-11-19T10:41:45,180.166,269,AAPL-2025-11-19-861,N
2025-11-19T10:41:50,180.157,127,AAPL-2025-11-19-862,N
2025-11-19T10:41:55,180.189,224,AAPL-2025-11-19-863,N
2025-11-19T10:42:00,180.193,223,AAPL-2025-11-19-864,N
2025-11-19T10:42:05,180.179,201,AAPL-2025-11-19-865,N
2025-11-19T10:42:10,180.174,170,AAPL-2025-11-19-866,N
2025-11-19T10:42:15,180.217,129,AAPL-2025-11-19-867,N
2025-11-19T10:42:20,180.302,243,AAPL-2025-11-19-868,N
2025-11-19T10:42:25,180.238,188,AAPL-2025-11-19-869,N
2025-11-19T10:42:30,180.232,219,AAPL-2025-11-19-870,N
2025-11-19T10:42:35,180.197,201,AAPL-2025-11-19-871,N
2025-11-19T10:42:40,180.192,163,AAPL-2025-11-19-872,N
2025-11-19T10:42:45,180.161,245,AAPL-2025-11-19-873,N
2025-11-19T10:42:50,180.099,223,AAPL-2025-11-19-874,N
2025-11-19T10:42:55,180.128,189,AAPL-2025-11-19-875,N
2025-11-19T10:43:00,180.13,258,AAPL-2025-11-19-876,N
2025-11-19T10:43:05,180.105,169,AAPL-2025-11-19-877,N
2025-11-19T10:43:10,180.087,258,AAPL-2025-11-19-878,N
2025-11-19T10:43:15,180.133,130,AAPL-2025-11-19-879,N
2025-11-19T10:43:20,180.17,240,AAPL-2025-11-19-880,N
2025-11-19T10:43:25,180.226,219,AAPL-2025-11-19-881,N
2025-11-19T10:43:30,180.224,257,AAPL-2025-11-19-882,N
2025-11-19T10:43:35,180.249,312,AAPL-2025-11-19-883,N
2025-11-19T10:43:40,180.284,207,AAPL-2025-11-19-884,N
2025-11-19T10:43:45,180.241,170,AAPL-2025-11-19-885,N
2025-11-19T10:43:50,180.19,189,AAPL-2025-11-19-886,N
2025-11-19T10:43:55,180.223,199,AAPL-2025-11-19-887,N
2025-11-19T10:44:00,180.26,216,AAPL-2025-11-19-888,N
2025-11-19T10:44:05,180.245,204,AAPL-2025-11-19-889,N
2025-11-19T10:44:10,180.262,206,AAPL-2025-11-19-890,N
2025-11-19T10:44:15,180.268,161,AAPL-2025-11-19-891,N
2025-11-19T10:44:20,180.252,312,AAPL-2025-11-19-892,N
2025-11-19T10:44:25,180.297,126,AAPL-2025-11-19-893,N
2025-11-19T10:44:30,180.211,203,AAPL-2025-11-19-894,N
2025-11-19T10:44:35,180.243,174,AAPL-2025-11-19-895,N
2025-11-19T10:44:40,180.28,202,AAPL-2025-11-19-896,N
2025-11-19T10:44:45,180.274,237,AAPL-2025-11-19-897,N
2025-11-19T10:44:50,180.255,185,AAPL-2025-11-19-898,N
2025-11-19T10:44:55,180.279,198,AAPL-2025-11-19-899,N
2025-11-19T10:45:00,180.348,234,AAPL-2025-11-19-900,N
2025-11-19T10:45:05,180.371,197,AAPL-2025-11-19-901,N
2025-11-19T10:45:10,180.402,183,AAPL-2025-11-19-902,N
2025-11-19T10:45:15,180.413,154,AAPL-2025-11-19-903,N
2025-11-19T10:45:20,180.45,214,AAPL-2025-11-19-904,N
2025-11-19T10:45:25,180.522,319,AAPL-2025-11-19-905,N
2025-11-19T10:45:30,180.549,203,AAPL-2025-11-19-906,N
2025-11-19T10:45:35,180.515,245,AAPL-2025-11-19-907,N
2025-11-19T10:45:40,180.523,226,AAPL-2025-11-19-908,N
2025-11-19T10:45:45,180.585,158,AAPL-2025-11-19-909,N
2025-11-19T10:45:50,180.552,188,AAPL-2025-11-19-910,N
2025-11-19T10:45:55,180.581,227,AAPL-2025-11-19-911,N
2025-11-19T10:46:00,180.549,237,AAPL-2025-11-19-912,N
2025-11-19T10:46:05,180.506,158,AAPL-2025-11-19-913,N
2025-11-19T10:46:10,180.501,172,AAPL-2025-11-19-914,N
2025-11-19T10:46:15,180.534,214,AAPL-2025-11-19-915,N
2025-11-19T10:46:20,180.597,187,AAPL-2025-11-19-916,N
2025-11-19T10:46:25,180.593,260,AAPL-2025-11-19-917,N
2025-11-19T10:46:30,180.59,274,AAPL-2025-11-19-918,N
2025-11-19T10:46:35,180.609,82,AAPL-2025-11-19-919,N
2025-11-19T10:46:40,180.652,245,AAPL-2025-11-19-920,N
2025-11-19T10:46:45,180.686,104,AAPL-2025-11-19-921,N
2025-11-19T10:46:50,180.662,170,AAPL-2025-11-19-922,N
2025-11-19T10:46:55,180.632,287,AAPL-2025-11-19-923,N
2025-11-19T10:47:00,180.631,198,AAPL-2025-11-19-924,N
2025-11-19T10:47:05,180.651,228,AAPL-2025-11-19-925,N
2025-11-19T10:47:10,180.531,167,AAPL-2025-11-19-926,N
2025-11-19T10:47:15,180.48,220,AAPL-2025-11-19-927,N
2025-11-19T10:47:20,180.469,200,AAPL-2025-11-19-928,N
2025-11-19T10:47:25,180.394,184,AAPL-2025-11-19-929,N
2025-11-19T10:47:30,180.434,270,AAPL-2025-11-19-930,N
2025-11-19T10:47:35,180.46,133,AAPL-2025-11-19-931,N
2025-11-19T10:47:40,180.506,236,AAPL-2025-11-19-932,N
2025-11-19T10:47:45,180.502,98,AAPL-2025-11-19-933,N
2025-11-19T10:47:50,180.536,170,AAPL-2025-11-19-934,N
2025-11-19T10:47:55,180.549,203,AAPL-2025-11-19-935,N
2025-11-19T10:48:00,180.604,193,AAPL-2025-11-19-936,N
2025-11-19T10:48:05,180.604,278,AAPL-2025-11-19-937,N
2025-11-19T10:48:10,180.58,240,AAPL-2025-11-19-938,N
2025-11-19T10:48:15,180.573,149,AAPL-2025-11-19-939,N
2025-11-19T10:48:20,180.573,234,AAPL-2025-11-19-940,N
2025-11-19T10:48:25,180.622,273,AAPL-2025-11-19-941,N
2025-11-19T10:48:30,180.611,150,AAPL-2025-11-19-942,N
2025-11-19T10:48:35,180.599,140,AAPL-2025-11-19-943,N
2025-11-19T10:48:40,180.592,182,AAPL-2025-11-19-944,N
2025-11-19T10:48:45,180.618,89,AAPL-2025-11-19-945,N
2025-11-19T10:48:50,180.591,163,AAPL-2025-11-19-946,N
2025-11-19T10:48:55,180.634,144,AAPL-2025-11-19-947,N
2025-11-19T10:49:00,180.642,193,AAPL-2025-11-19-948,N
2025-11-19T10:49:05,180.68,229,AAPL-2025-11-19-949,N
2025-11-19T10:49:10,180.684,172,AAPL-2025-11-19-950,N
2025-11-19T10:49:15,180.618,212,AAPL-2025-11-19-951,N
2025-11-19T10:49:20,180.637,121,AAPL-2025-11-19-952,N
2025-11-19T10:49:25,180.592,212,AAPL-2025-11-19-953,N
2025-11-19T10:49:30,180.604,150,AAPL-2025-11-19-954,N
2025-11-19T10:49:35,180.584,108,AAPL-2025-11-19-955,N
2025-11-19T10:49:40,180.633,135,AAPL-2025-11-19-956,N
2025-11-19T10:49:45,180.653,198,AAPL-2025-11-19-957,N
2025-11-19T10:49:50,180.7,160,AAPL-2025-11-19-958,N
2025-11-19T10:49:55,180.702,115,AAPL-2025-11-19-959,N
2025-11-19T10:50:00,180.632,229,AAPL-2025-11-19-960,N
2025-11-19T10:50:05,180.567,188,AAPL-2025-11-19-961,N
2025-11-19T10:50:10,180.604,237,AAPL-2025-11-19-962,N
2025-11-19T10:50:15,180.58,120,AAPL-2025-11-19-963,N
2025-11-19T10:50:20,180.598,267,AAPL-2025-11-19-964,N
2025-11-19T10:50:25,180.574,159,AAPL-2025-11-19-965,N
2025-11-19T10:50:30,180.555,228,AAPL-2025-11-19-966,N
2025-11-19T10:50:35,180.6,138,AAPL-2025-11-19-967,N
2025-11-19T10:50:40,180.545,316,AAPL-2025-11-19-968,N
2025-11-19T10:50:45,180.539,212,AAPL-2025-11-19-969,N
2025-11-19T10:50:50,180.514,224,AAPL-2025-11-19-970,N
2025-11-19T10:50:55,180.549,214,AAPL-2025-11-19-971,N
2025-11-19T10:51:00,180.612,183,AAPL-2025-11-19-972,N
2025-11-19T10:51:05,180.602,211,AAPL-2025-11-19-973,N
2025-11-19T10:51:10,180.619,211,AAPL-2025-11-19-974,N
2025-11-19T10:51:15,180.573,215,AAPL-2025-11-19-975,N
2025-11-19T10:51:20,180.559,170,AAPL-2025-11-19-976,N
2025-11-19T10:51:25,180.56,151,AAPL-2025-11-19-977,N
2025-11-19T10:51:30,180.519,69,AAPL-2025-11-19-978,N
2025-11-19T10:51:35,180.582,227,AAPL-2025-11-19-979,N
2025-11-19T10:51:40,180.578,166,AAPL-2025-11-19-980,N
2025-11-19T10:51:45,180.474,163,AAPL-2025-11-19-981,N
2025-11-19T10:51:50,180.5,247,AAPL-2025-11-19-982,N
2025-11-19T10:51:55,180.523,207,AAPL-2025-11-19-983,N
2025-11-19T10:52:00,180.57,183,AAPL-2025-11-19-984,N
2025-11-19T10:52:05,180.609,180,AAPL-2025-11-19-985,N
2025-11-19T10:52:10,180.578,149,AAPL-2025-11-19-986,N
2025-11-19T10:52:15,180.539,232,AAPL-2025-11-19-987,N
2025-11-19T10:52:20,180.512,148,AAPL-2025-11-19-988,N
2025-11-19T10:52:25,180.538,216,AAPL-2025-11-19-989,N
2025-11-19T10:52:30,180.573,225,AAPL-2025-11-19-990,N
2025-11-19T10:52:35,180.546,203,AAPL-2025-11-19-991,N
2025-11-19T10:52:40,180.55,154,AAPL-2025-11-19-992,N
2025-11-19T10:52:45,180.51,165,AAPL-2025-11-19-993,N
2025-11-19T10:52:50,180.584,179,AAPL-2025-11-19-994,N
2025-11-19T10:52:55,180.628,176,AAPL-2025-11-19-995,N
2025-11-19T10:53:00,180.661,245,AAPL-2025-11-19-996,N
2025-11-19T10:53:05,180.695,219,AAPL-2025-11-19-997,N
2025-11-19T10:53:10,180.745,218,AAPL-2025-11-19-998,N
2025-11-19T10:53:15,180.807,119,AAPL-2025-11-19-999,N
2025-11-19T10:53:20,180.819,214,AAPL-2025-11-19-1000,N
2025-11-19T10:53:25,180.785,228,AAPL-2025-11-19-1001,N
2025-11-19T10:53:30,180.731,167,AAPL-2025-11-19-1002,N
2025-11-19T10:53:35,180.659,277,AAPL-2025-11-19-1003,N
2025-11-19T10:53:40,180.651,308,AAPL-2025-11-19-1004,N
2025-11-19T10:53:45,180.68,222,AAPL-2025-11-19-1005,N
2025-11-19T10:53:50,180.659,147,AAPL-2025-11-19-1006,N
2025-11-19T10:53:55,180.678,196,AAPL-2025-11-19-1007,N
2025-11-19T10:54:00,180.629,124,AAPL-2025-11-19-1008,N
2025-11-19T10:54:05,180.595,291,AAPL-2025-11-19-1009,N
2025-11-19T10:54:10,180.674,210,AAPL-2025-11-19-1010,N
2025-11-19T10:54:15,180.68,183,AAPL-2025-11-19-1011,N
2025-11-19T10:54:20,180.646,268,AAPL-2025-11-19-1012,N
2025-11-19T10:54:25,180.714,155,AAPL-2025-11-19-1013,N
2025-11-19T10:54:30,180.711,177,AAPL-2025-11-19-1014,N
2025-11-19T10:54:35,180.696,259,AAPL-2025-11-19-1015,N
2025-11-19T10:54:40,180.648,223,AAPL-2025-11-19-1016,N
2025-11-19T10:54:45,180.675,192,AAPL-2025-11-19-1017,N
2025-11-19T10:54:50,180.707,207,AAPL-2025-11-19-1018,N
2025-11-19T10:54:55,180.751,123,AAPL-2025-11-19-1019,N
2025-11-19T10:55:00,180.738,196,AAPL-2025-11-19-1020,N
2025-11-19T10:55:05,180.642,145,AAPL-2025-11-19-1021,N
2025-11-19T10:55:10,180.612,247,AAPL-2025-11-19-1022,N
2025-11-19T10:55:15,180.587,159,AAPL-2025-11-19-1023,N
2025-11-19T10:55:20,180.616,119,AAPL-2025-11-19-1024,N
2025-11-19T10:55:25,180.541,181,AAPL-2025-11-19-1025,N
2025-11-19T10:55:30,180.489,129,AAPL-2025-11-19-1026,N
2025-11-19T10:55:35,180.51,243,AAPL-2025-11-19-1027,N
2025-11-19T10:55:40,180.538,255,AAPL-2025-11-19-1028,N
2025-11-19T10:55:45,180.583,93,AAPL-2025-11-19-1029,N
2025-11-19T10:55:50,180.599,173,AAPL-2025-11-19-1030,N
2025-11-19T10:55:55,180.572,228,AAPL-2025-11-19-1031,N
2025-11-19T10:56:00,180.51,112,AAPL-2025-11-19-1032,N
2025-11-19T10:56:05,180.533,224,AAPL-2025-11-19-1033,N
2025-11-19T10:56:10,180.538,156,AAPL-2025-11-19-1034,N
2025-11-19T10:56:15,180.565,234,AAPL-2025-11-19-1035,N
2025-11-19T10:56:20,180.568,141,AAPL-2025-11-19-1036,N
2025-11-19T10:56:25,180.552,241,AAPL-2025-11-19-1037,N
2025-11-19T10:56:30,180.6,183,AAPL-2025-11-19-1038,N
2025-11-19T10:56:35,180.591,191,AAPL-2025-11-19-1039,N
2025-11-19T10:56:40,180.601,170,AAPL-2025-11-19-1040,N
2025-11-19T10:56:45,180.497,259,AAPL-2025-11-19-1041,N
2025-11-19T10:56:50,180.561,169,AAPL-2025-11-19-1042,N
2025-11-19T10:56:55,180.523,193,AAPL-2025-11-19-1043,N
2025-11-19T10:57:00,180.516,249,AAPL-2025-11-19-1044,N
2025-11-19T10:57:05,180.518,160,AAPL-2025-11-19-1045,N
2025-11-19T10:57:10,180.47,243,AAPL-2025-11-19-1046,N
2025-11-19T10:57:15,180.492,253,AAPL-2025-11-19-1047,N
2025-11-19T10:57:20,180.457,291,AAPL-2025-11-19-1048,N
2025-11-19T10:57:25,180.394,235,AAPL-2025-11-19-1049,N
2025-11-19T10:57:30,180.325,160,AAPL-2025-11-19-1050,N
2025-11-19T10:57:35,180.382,241,AAPL-2025-11-19-1051,N
2025-11-19T10:57:40,180.362,174,AAPL-2025-11-19-1052,N
2025-11-19T10:57:45,180.365,225,AAPL-2025-11-19-1053,N
2025-11-19T10:57:50,180.411,177,AAPL-2025-11-19-1054,N
2025-11-19T10:57:55,180.352,207,AAPL-2025-11-19-1055,N
2025-11-19T10:58:00,180.336,134,AAPL-2025-11-19-1056,N
2025-11-19T10:58:05,180.347,189,AAPL-2025-11-19-1057,N
2025-11-19T10:58:10,180.358,155,AAPL-2025-11-19-1058,N
2025-11-19T10:58:15,180.375,134,AAPL-2025-11-19-1059,N
2025-11-19T10:58:20,180.345,187,AAPL-2025-11-19-1060,N
2025-11-19T10:58:25,180.408,239,AAPL-2025-11-19-1061,N
2025-11-19T10:58:30,180.447,270,AAPL-2025-11-19-1062,N
2025-11-19T10:58:35,180.577,202,AAPL-2025-11-19-1063,N
2025-11-19T10:58:40,180.628,250,AAPL-2025-11-19-1064,N
2025-11-19T10:58:45,180.664,288,AAPL-2025-11-19-1065,N
2025-11-19T10:58:50,180.649,175,AAPL-2025-11-19-1066,N
2025-11-19T10:58:55,180.661,190,AAPL-2025-11-19-1067,N
2025-11-19T10:59:00,180.672,278,AAPL-2025-11-19-1068,N
2025-11-19T10:59:05,180.655,184,AAPL-2025-11-19-1069,N
2025-11-19T10:59:10,180.661,188,AAPL-2025-11-19-1070,N
2025-11-19T10:59:15,180.592,170,AAPL-2025-11-19-1071,N
2025-11-19T10:59:20,180.617,271,AAPL-2025-11-19-1072,N
2025-11-19T10:59:25,180.575,142,AAPL-2025-11-19-1073,N
2025-11-19T10:59:30,180.576,96,AAPL-2025-11-19-1074,N
2025-11-19T10:59:35,180.56,113,AAPL-2025-11-19-1075,N
2025-11-19T10:59:40,180.61,161,AAPL-2025-11-19-1076,N
2025-11-19T10:59:45,180.67,255,AAPL-2025-11-19-1077,N
2025-11-19T10:59:50,180.646,146,AAPL-2025-11-19-1078,N
2025-11-19T10:59:55,180.639,194,AAPL-2025-11-19-1079,N
2025-11-19T11:00:00,180.652,161,AAPL-2025-11-19-1080,N
2025-11-19T11:00:05,180.679,213,AAPL-2025-11-19-1081,N
2025-11-19T11:00:10,180.666,164,AAPL-2025-11-19-1082,N
2025-11-19T11:00:15,180.66,159,AAPL-2025-11-19-1083,N
2025-11-19T11:00:20,180.662,204,AAPL-2025-11-19-1084,N
2025-11-19T11:00:25,180.671,288,AAPL-2025-11-19-1085,N
2025-11-19T11:00:30,180.666,250,AAPL-2025-11-19-1086,N
2025-11-19T11:00:35,180.675,188,AAPL-2025-11-19-1087,N
2025-11-19T11:00:40,180.67,197,AAPL-2025-11-19-1088,N
2025-11-19T11:00:45,180.681,152,AAPL-2025-11-19-1089,N
2025-11-19T11:00:50,180.628,232,AAPL-2025-11-19-1090,N
2025-11-19T11:00:55,180.66,237,AAPL-2025-11-19-1091,N
2025-11-19T11:01:00,180.666,238,AAPL-2025-11-19-1092,N
2025-11-19T11:01:05,180.691,239,AAPL-2025-11-19-1093,N
2025-11-19T11:01:10,180.66,145,AAPL-2025-11-19-1094,N
2025-11-19T11:01:15,180.646,199,AAPL-2025-11-19-1095,N
2025-11-19T11:01:20,180.638,106,AAPL-2025-11-19-1096,N
2025-11-19T11:01:25,180.7,186,AAPL-2025-11-19-1097,N
2025-11-19T11:01:30,180.706,262,AAPL-2025-11-19-1098,N
2025-11-19T11:01:35,180.621,174,AAPL-2025-11-19-1099,N
2025-11-19T11:01:40,180.607,183,AAPL-2025-11-19-1100,N
2025-11-19T11:01:45,180.601,272,AAPL-2025-11-19-1101,N
2025-11-19T11:01:50,180.625,247,AAPL-2025-11-19-1102,N
2025-11-19T11:01:55,180.627,130,AAPL-2025-11-19-1103,N
2025-11-19T11:02:00,180.552,123,AAPL-2025-11-19-1104,N
2025-11-19T11:02:05,180.565,201,AAPL-2025-11-19-1105,N
2025-11-19T11:02:10,180.557,181,AAPL-2025-11-19-1106,N
2025-11-19T11:02:15,180.63,158,AAPL-2025-11-19-1107,N
2025-11-19T11:02:20,180.663,200,AAPL-2025-11-19-1108,N
2025-11-19T11:02:25,180.661,258,AAPL-2025-11-19-1109,N
2025-11-19T11:02:30,180.714,188,AAPL-2025-11-19-1110,N
2025-11-19T11:02:35,180.743,218,AAPL-2025-11-19-1111,N
2025-11-19T11:02:40,180.743,210,AAPL-2025-11-19-1112,N
2025-11-19T11:02:45,180.718,184,AAPL-2025-11-19-1113,N
2025-11-19T11:02:50,180.697,245,AAPL-2025-11-19-1114,N
2025-11-19T11:02:55,180.694,135,AAPL-2025-11-19-1115,N
2025-11-19T11:03:00,180.668,40,AAPL-2025-11-19-1116,N
2025-11-19T11:03:05,180.65,201,AAPL-2025-11-19-1117,N
2025-11-19T11:03:10,180.645,299,AAPL-2025-11-19-1118,N
2025-11-19T11:03:15,180.666,226,AAPL-2025-11-19-1119,N
2025-11-19T11:03:20,180.606,181,AAPL-2025-11-19-1120,N
2025-11-19T11:03:25,180.589,160,AAPL-2025-11-19-1121,N
2025-11-19T11:03:30,180.56,109,AAPL-2025-11-19-1122,N
2025-11-19T11:03:35,180.514,243,AAPL-2025-11-19-1123,N
2025-11-19T11:03:40,180.509,174,AAPL-2025-11-19-1124,N
2025-11-19T11:03:45,180.509,258,AAPL-2025-11-19-1125,N
2025-11-19T11:03:50,180.509,227,AAPL-2025-11-19-1126,N
2025-11-19T11:03:55,180.478,169,AAPL-2025-11-19-1127,N
2025-11-19T11:04:00,180.491,294,AAPL-2025-11-19-1128,N
2025-11-19T11:04:05,180.543,229,AAPL-2025-11-19-1129,N
2025-11-19T11:04:10,180.548,270,AAPL-2025-11-19-1130,N
2025-11-19T11:04:15,180.577,85,AAPL-2025-11-19-1131,N
2025-11-19T11:04:20,180.539,216,AAPL-2025-11-19-1132,N
2025-11-19T11:04:25,180.474,155,AAPL-2025-11-19-1133,N
2025-11-19T11:04:30,180.449,187,AAPL-2025-11-19-1134,N
2025-11-19T11:04:35,180.438,185,AAPL-2025-11-19-1135,N
2025-11-19T11:04:40,180.468,186,AAPL-2025-11-19-1136,N
2025-11-19T11:04:45,180.454,132,AAPL-2025-11-19-1137,N
2025-11-19T11:04:50,180.491,166,AAPL-2025-11-19-1138,N
2025-11-19T11:04:55,180.452,210,AAPL-2025-11-19-1139,N
2025-11-19T11:05:00,180.424,173,AAPL-2025-11-19-1140,N
2025-11-19T11:05:05,180.434,183,AAPL-2025-11-19-1141,N
2025-11-19T11:05:10,180.517,196,AAPL-2025-11-19-1142,N
2025-11-19T11:05:15,180.539,102,AAPL-2025-11-19-1143,N
2025-11-19T11:05:20,180.508,145,AAPL-2025-11-19-1144,N
2025-11-19T11:05:25,180.474,220,AAPL-2025-11-19-1145,N
2025-11-19T11:05:30,180.511,217,AAPL-2025-11-19-1146,N
2025-11-19T11:05:35,180.503,168,AAPL-2025-11-19-1147,N
2025-11-19T11:05:40,180.543,303,AAPL-2025-11-19-1148,N
2025-11-19T11:05:45,180.548,246,AAPL-2025-11-19-1149,N
2025-11-19T11:05:50,180.561,237,AAPL-2025-11-19-1150,N
2025-11-19T11:05:55,180.519,175,AAPL-2025-11-19-1151,N
2025-11-19T11:06:00,180.533,260,AAPL-2025-11-19-1152,N
2025-11-19T11:06:05,180.503,98,AAPL-2025-11-19-1153,N
2025-11-19T11:06:10,180.485,250,AAPL-2025-11-19-1154,N
2025-11-19T11:06:15,180.428,141,AAPL-2025-11-19-1155,N
2025-11-19T11:06:20,180.434,194,AAPL-2025-11-19-1156,N
2025-11-19T11:06:25,180.455,138,AAPL-2025-11-19-1157,N
2025-11-19T11:06:30,180.443,259,AAPL-2025-11-19-1158,N
2025-11-19T11:06:35,180.4,273,AAPL-2025-11-19-1159,N
2025-11-19T11:06:40,180.362,242,AAPL-2025-11-19-1160,N
2025-11-19T11:06:45,180.348,142,AAPL-2025-11-19-1161,N
2025-11-19T11:06:50,180.331,227,AAPL-2025-11-19-1162,N
2025-11-19T11:06:55,180.33,255,AAPL-2025-11-19-1163,N
2025-11-19T11:07:00,180.382,140,AAPL-2025-11-19-1164,N
2025-11-19T11:07:05,180.337,134,AAPL-2025-11-19-1165,N
2025-11-19T11:07:10,180.304,255,AAPL-2025-11-19-1166,N
2025-11-19T11:07:15,180.325,172,AAPL-2025-11-19-1167,N
2025-11-19T11:07:20,180.324,270,AAPL-2025-11-19-1168,N
2025-11-19T11:07:25,180.393,212,AAPL-2025-11-19-1169,N
2025-11-19T11:07:30,180.297,214,AAPL-2025-11-19-1170,N
2025-11-19T11:07:35,180.331,211,AAPL-2025-11-19-1171,N
2025-11-19T11:07:40,180.357,217,AAPL-2025-11-19-1172,N
2025-11-19T11:07:45,180.312,155,AAPL-2025-11-19-1173,N
2025-11-19T11:07:50,180.301,253,AAPL-2025-11-19-1174,N
2025-11-19T11:07:55,180.273,222,AAPL-2025-11-19-1175,N
2025-11-19T11:08:00,180.284,279,AAPL-2025-11-19-1176,N
2025-11-19T11:08:05,180.283,112,AAPL-2025-11-19-1177,N
2025-11-19T11:08:10,180.306,306,AAPL-2025-11-19-1178,N
2025-11-19T11:08:15,180.332,160,AAPL-2025-11-19-1179,N
2025-11-19T11:08:20,180.293,152,AAPL-2025-11-19-1180,N
2025-11-19T11:08:25,180.365,183,AAPL-2025-11-19-1181,N
2025-11-19T11:08:30,180.341,192,AAPL-2025-11-19-1182,N
2025-11-19T11:08:35,180.33,278,AAPL-2025-11-19-1183,N
2025-11-19T11:08:40,180.293,259,AAPL-2025-11-19-1184,N
2025-11-19T11:08:45,180.297,260,AAPL-2025-11-19-1185,N
2025-11-19T11:08:50,180.354,204,AAPL-2025-11-19-1186,N
2025-11-19T11:08:55,180.343,203,AAPL-2025-11-19-1187,N
2025-11-19T11:09:00,180.34,117,AAPL-2025-11-19-1188,N
2025-11-19T11:09:05,180.396,212,AAPL-2025-11-19-1189,N
2025-11-19T11:09:10,180.354,96,AAPL-2025-11-19-1190,N
2025-11-19T11:09:15,180.27,238,AAPL-2025-11-19-1191,N
2025-11-19T11:09:20,180.247,177,AAPL-2025-11-19-1192,N
2025-11-19T11:09:25,180.265,174,AAPL-2025-11-19-1193,N
2025-11-19T11:09:30,180.285,204,AAPL-2025-11-19-1194,N
2025-11-19T11:09:35,180.282,121,AAPL-2025-11-19-1195,N
2025-11-19T11:09:40,180.252,230,AAPL-2025-11-19-1196,N
2025-11-19T11:09:45,180.228,260,AAPL-2025-11-19-1197,N
2025-11-19T11:09:50,180.312,232,AAPL-2025-11-19-1198,N
2025-11-19T11:09:55,180.366,236,AAPL-2025-11-19-1199,N
2025-11-19T11:10:00,180.347,210,AAPL-2025-11-19-1200,N
2025-11-19T11:10:05,180.419,173,AAPL-2025-11-19-1201,N
2025-11-19T11:10:10,180.382,143,AAPL-2025-11-19-1202,N
2025-11-19T11:10:15,180.374,149,AAPL-2025-11-19-1203,N
2025-11-19T11:10:20,180.434,210,AAPL-2025-11-19-1204,N
2025-11-19T11:10:25,180.469,185,AAPL-2025-11-19-1205,N
2025-11-19T11:10:30,180.428,134,AAPL-2025-11-19-1206,N
2025-11-19T11:10:35,180.395,217,AAPL-2025-11-19-1207,N
2025-11-19T11:10:40,180.414,230,AAPL-2025-11-19-1208,N
2025-11-19T11:10:45,180.36,199,AAPL-2025-11-19-1209,N
2025-11-19T11:10:50,180.323,220,AAPL-2025-11-19-1210,N
2025-11-19T11:10:55,180.341,141,AAPL-2025-11-19-1211,N
2025-11-19T11:11:00,180.376,316,AAPL-2025-11-19-1212,N
2025-11-19T11:11:05,180.406,191,AAPL-2025-11-19-1213,N
2025-11-19T11:11:10,180.394,189,AAPL-2025-11-19-1214,N
2025-11-19T11:11:15,180.367,212,AAPL-2025-11-19-1215,N
2025-11-19T11:11:20,180.326,105,AAPL-2025-11-19-1216,N
2025-11-19T11:11:25,180.334,201,AAPL-2025-11-19-1217,N
2025-11-19T11:11:30,180.313,135,AAPL-2025-11-19-1218,N
2025-11-19T11:11:35,180.324,150,AAPL-2025-11-19-1219,N
2025-11-19T11:11:40,180.319,288,AAPL-2025-11-19-1220,N
2025-11-19T11:11:45,180.342,131,AAPL-2025-11-19-1221,N
2025-11-19T11:11:50,180.296,207,AAPL-2025-11-19-1222,N
2025-11-19T11:11:55,180.247,99,AAPL-2025-11-19-1223,N
2025-11-19T11:12:00,180.266,216,AAPL-2025-11-19-1224,N
2025-11-19T11:12:05,180.282,213,AAPL-2025-11-19-1225,N
2025-11-19T11:12:10,180.28,166,AAPL-2025-11-19-1226,N
2025-11-19T11:12:15,180.298,276,AAPL-2025-11-19-1227,N
2025-11-19T11:12:20,180.28,148,AAPL-2025-11-19-1228,N
2025-11-19T11:12:25,180.239,156,AAPL-2025-11-19-1229,N
2025-11-19T11:12:30,180.247,93,AAPL-2025-11-19-1230,N
2025-11-19T11:12:35,180.262,232,AAPL-2025-11-19-1231,N
2025-11-19T11:12:40,180.198,151,AAPL-2025-11-19-1232,N
2025-11-19T11:12:45,180.2,192,AAPL-2025-11-19-1233,N
2025-11-19T11:12:50,180.219,192,AAPL-2025-11-19-1234,N
2025-11-19T11:12:55,180.265,183,AAPL-2025-11-19-1235,N
2025-11-19T11:13:00,180.229,146,AAPL-2025-11-19-1236,N
2025-11-19T11:13:05,180.256,201,AAPL-2025-11-19-1237,N
2025-11-19T11:13:10,180.279,230,AAPL-2025-11-19-1238,N
2025-11-19T11:13:15,180.206,142,AAPL-2025-11-19-1239,N
2025-11-19T11:13:20,180.169,159,AAPL-2025-11-19-1240,N
2025-11-19T11:13:25,180.154,249,AAPL-2025-11-19-1241,N
2025-11-19T11:13:30,180.197,185,AAPL-2025-11-19-1242,N
2025-11-19T11:13:35,180.188,164,AAPL-2025-11-19-1243,N
2025-11-19T11:13:40,180.191,210,AAPL-2025-11-19-1244,N
2025-11-19T11:13:45,180.22,239,AAPL-2025-11-19-1245,N
2025-11-19T11:13:50,180.137,192,AAPL-2025-11-19-1246,N
2025-11-19T11:13:55,180.187,178,AAPL-2025-11-19-1247,N
2025-11-19T11:14:00,180.228,184,AAPL-2025-11-19-1248,N
2025-11-19T11:14:05,180.235,143,AAPL-2025-11-19-1249,N
2025-11-19T11:14:10,180.195,236,AAPL-2025-11-19-1250,N
2025-11-19T11:14:15,180.227,201,AAPL-2025-11-19-1251,N
2025-11-19T11:14:20,180.182,202,AAPL-2025-11-19-1252,N
2025-11-19T11:14:25,180.228,287,AAPL-2025-11-19-1253,N
2025-11-19T11:14:30,180.216,117,AAPL-2025-11-19-1254,N
2025-11-19T11:14:35,180.247,186,AAPL-2025-11-19-1255,N
2025-11-19T11:14:40,180.281,214,AAPL-2025-11-19-1256,N
2025-11-19T11:14:45,180.249,202,AAPL-2025-11-19-1257,N
2025-11-19T11:14:50,180.296,192,AAPL-2025-11-19-1258,N
2025-11-19T11:14:55,180.259,120,AAPL-2025-11-19-1259,N
2025-11-19T11:15:00,180.231,179,AAPL-2025-11-19-1260,N
2025-11-19T11:15:05,180.26,143,AAPL-2025-11-19-1261,N
2025-11-19T11:15:10,180.316,133,AAPL-2025-11-19-1262,N
2025-11-19T11:15:15,180.4,286,AAPL-2025-11-19-1263,N
2025-11-19T11:15:20,180.406,117,AAPL-2025-11-19-1264,N
2025-11-19T11:15:25,180.404,180,AAPL-2025-11-19-1265,N
2025-11-19T11:15:30,180.358,214,AAPL-2025-11-19-1266,N
2025-11-19T11:15:35,180.328,164,AAPL-2025-11-19-1267,N
2025-11-19T11:15:40,180.32,171,AAPL-2025-11-19-1268,N
2025-11-19T11:15:45,180.395,173,AAPL-2025-11-19-1269,N
2025-11-19T11:15:50,180.411,207,AAPL-2025-11-19-1270,N
2025-11-19T11:15:55,180.424,221,AAPL-2025-11-19-1271,N
2025-11-19T11:16:00,180.456,213,AAPL-2025-11-19-1272,N
2025-11-19T11:16:05,180.464,202,AAPL-2025-11-19-1273,N
2025-11-19T11:16:10,180.459,154,AAPL-2025-11-19-1274,N
2025-11-19T11:16:15,180.457,212,AAPL-2025-11-19-1275,N
2025-11-19T11:16:20,180.471,209,AAPL-2025-11-19-1276,N
2025-11-19T11:16:25,180.463,197,AAPL-2025-11-19-1277,N
2025-11-19T11:16:30,180.443,215,AAPL-2025-11-19-1278,N
2025-11-19T11:16:35,180.435,209,AAPL-2025-11-19-1279,N
2025-11-19T11:16:40,180.471,164,AAPL-2025-11-19-1280,N
2025-11-19T11:16:45,180.493,201,AAPL-2025-11-19-1281,N
2025-11-19T11:16:50,180.566,189,AAPL-2025-11-19-1282,N
2025-11-19T11:16:55,180.591,200,AAPL-2025-11-19-1283,N
2025-11-19T11:17:00,180.541,173,AAPL-2025-11-19-1284,N
2025-11-19T11:17:05,180.572,178,AAPL-2025-11-19-1285,N
2025-11-19T11:17:10,180.492,198,AAPL-2025-11-19-1286,N
2025-11-19T11:17:15,180.453,206,AAPL-2025-11-19-1287,N
2025-11-19T11:17:20,180.509,238,AAPL-2025-11-19-1288,N
2025-11-19T11:17:25,180.564,171,AAPL-2025-11-19-1289,N
2025-11-19T11:17:30,180.559,147,AAPL-2025-11-19-1290,N
2025-11-19T11:17:35,180.534,153,AAPL-2025-11-19-1291,N
2025-11-19T11:17:40,180.487,268,AAPL-2025-11-19-1292,N
2025-11-19T11:17:45,180.412,268,AAPL-2025-11-19-1293,N
2025-11-19T11:17:50,180.457,224,AAPL-2025-11-19-1294,N
2025-11-19T11:17:55,180.416,120,AAPL-2025-11-19-1295,N
2025-11-19T11:18:00,180.397,231,AAPL-2025-11-19-1296,N
2025-11-19T11:18:05,180.397,147,AAPL-2025-11-19-1297,N
2025-11-19T11:18:10,180.438,284,AAPL-2025-11-19-1298,N
2025-11-19T11:18:15,180.43,205,AAPL-2025-11-19-1299,N
2025-11-19T11:18:20,180.375,179,AAPL-2025-11-19-1300,N
2025-11-19T11:18:25,180.394,217,AAPL-2025-11-19-1301,N
2025-11-19T11:18:30,180.376,186,AAPL-2025-11-19-1302,N
2025-11-19T11:18:35,180.359,186,AAPL-2025-11-19-1303,N
2025-11-19T11:18:40,180.375,101,AAPL-2025-11-19-1304,N
2025-11-19T11:18:45,180.372,217,AAPL-2025-11-19-1305,N
2025-11-19T11:18:50,180.351,176,AAPL-2025-11-19-1306,N
2025-11-19T11:18:55,180.335,176,AAPL-2025-11-19-1307,N
2025-11-19T11:19:00,180.335,206,AAPL-2025-11-19-1308,N
2025-11-19T11:19:05,180.26,232,AAPL-2025-11-19-1309,N
2025-11-19T11:19:10,180.249,296,AAPL-2025-11-19-1310,N
2025-11-19T11:19:15,180.206,156,AAPL-2025-11-19-1311,N
2025-11-19T11:19:20,180.199,220,AAPL-2025-11-19-1312,N
2025-11-19T11:19:25,180.129,158,AAPL-2025-11-19-1313,N
2025-11-19T11:19:30,180.15,152,AAPL-2025-11-19-1314,N
2025-11-19T11:19:35,180.199,177,AAPL-2025-11-19-1315,N
2025-11-19T11:19:40,180.167,230,AAPL-2025-11-19-1316,N
2025-11-19T11:19:45,180.225,220,AAPL-2025-11-19-1317,N
2025-11-19T11:19:50,180.27,283,AAPL-2025-11-19-1318,N
2025-11-19T11:19:55,180.237,246,AAPL-2025-11-19-1319,N
2025-11-19T11:20:00,180.182,221,AAPL-2025-11-19-1320,N
2025-11-19T11:20:05,180.179,262,AAPL-2025-11-19-1321,N
2025-11-19T11:20:10,180.222,228,AAPL-2025-11-19-1322,N
2025-11-19T11:20:15,180.232,225,AAPL-2025-11-19-1323,N
2025-11-19T11:20:20,180.235,196,AAPL-2025-11-19-1324,N
2025-11-19T11:20:25,180.287,278,AAPL-2025-11-19-1325,N
2025-11-19T11:20:30,180.282,211,AAPL-2025-11-19-1326,N
2025-11-19T11:20:35,180.285,119,AAPL-2025-11-19-1327,N
2025-11-19T11:20:40,180.272,279,AAPL-2025-11-19-1328,N
2025-11-19T11:20:45,180.245,305,AAPL-2025-11-19-1329,N
2025-11-19T11:20:50,180.288,220,AAPL-2025-11-19-1330,N
2025-11-19T11:20:55,180.308,154,AAPL-2025-11-19-1331,N
2025-11-19T11:21:00,180.298,272,AAPL-2025-11-19-1332,N
2025-11-19T11:21:05,180.276,253,AAPL-2025-11-19-1333,N
2025-11-19T11:21:10,180.226,140,AAPL-2025-11-19-1334,N
2025-11-19T11:21:15,180.295,199,AAPL-2025-11-19-1335,N
2025-11-19T11:21:20,180.276,268,AAPL-2025-11-19-1336,N
2025-11-19T11:21:25,180.321,246,AAPL-2025-11-19-1337,N
2025-11-19T11:21:30,180.3,185,AAPL-2025-11-19-1338,N
2025-11-19T11:21:35,180.311,234,AAPL-2025-11-19-1339,N
2025-11-19T11:21:40,180.293,208,AAPL-2025-11-19-1340,N
2025-11-19T11:21:45,180.302,264,AAPL-2025-11-19-1341,N
2025-11-19T11:21:50,180.33,124,AAPL-2025-11-19-1342,N
2025-11-19T11:21:55,180.322,153,AAPL-2025-11-19-1343,N
2025-11-19T11:22:00,180.342,246,AAPL-2025-11-19-1344,N
2025-11-19T11:22:05,180.346,186,AAPL-2025-11-19-1345,N
2025-11-19T11:22:10,180.349,210,AAPL-2025-11-19-1346,N
2025-11-19T11:22:15,180.326,139,AAPL-2025-11-19-1347,N
2025-11-19T11:22:20,180.252,263,AAPL-2025-11-19-1348,N
2025-11-19T11:22:25,180.27,218,AAPL-2025-11-19-1349,N
2025-11-19T11:22:30,180.315,137,AAPL-2025-11-19-1350,N
2025-11-19T11:22:35,180.253,219,AAPL-2025-11-19-1351,N
2025-11-19T11:22:40,180.263,113,AAPL-2025-11-19-1352,N
2025-11-19T11:22:45,180.276,179,AAPL-2025-11-19-1353,N
2025-11-19T11:22:50,180.247,183,AAPL-2025-11-19-1354,N
2025-11-19T11:22:55,180.159,170,AAPL-2025-11-19-1355,N
2025-11-19T11:23:00,180.134,227,AAPL-2025-11-19-1356,N
2025-11-19T11:23:05,180.128,231,AAPL-2025-11-19-1357,N
2025-11-19T11:23:10,180.036,158,AAPL-2025-11-19-1358,N
2025-11-19T11:23:15,180.056,184,AAPL-2025-11-19-1359,N
2025-11-19T11:23:20,180.086,109,AAPL-2025-11-19-1360,N
2025-11-19T11:23:25,180.113,168,AAPL-2025-11-19-1361,N
2025-11-19T11:23:30,180.086,249,AAPL-2025-11-19-1362,N
2025-11-19T11:23:35,180.128,251,AAPL-2025-11-19-1363,N
2025-11-19T11:23:40,180.202,263,AAPL-2025-11-19-1364,N
2025-11-19T11:23:45,180.173,207,AAPL-2025-11-19-1365,N
2025-11-19T11:23:50,180.16,301,AAPL-2025-11-19-1366,N
2025-11-19T11:23:55,180.2,190,AAPL-2025-11-19-1367,N
2025-11-19T11:24:00,180.231,138,AAPL-2025-11-19-1368,N
2025-11-19T11:24:05,180.24,153,AAPL-2025-11-19-1369,N
2025-11-19T11:24:10,180.18,239,AAPL-2025-11-19-1370,N
2025-11-19T11:24:15,180.212,222,AAPL-2025-11-19-1371,N
2025-11-19T11:24:20,180.206,136,AAPL-2025-11-19-1372,N
2025-11-19T11:24:25,180.164,151,AAPL-2025-11-19-1373,N
2025-11-19T11:24:30,180.155,253,AAPL-2025-11-19-1374,N
2025-11-19T11:24:35,180.194,117,AAPL-2025-11-19-1375,N
2025-11-19T11:24:40,180.169,163,AAPL-2025-11-19-1376,N
2025-11-19T11:24:45,180.077,228,AAPL-2025-11-19-1377,N
2025-11-19T11:24:50,180.069,194,AAPL-2025-11-19-1378,N
2025-11-19T11:24:55,180.117,204,AAPL-2025-11-19-1379,N
2025-11-19T11:25:00,180.102,228,AAPL-2025-11-19-1380,N
2025-11-19T11:25:05,180.14,214,AAPL-2025-11-19-1381,N
2025-11-19T11:25:10,180.164,192,AAPL-2025-11-19-1382,N
2025-11-19T11:25:15,180.162,205,AAPL-2025-11-19-1383,N
2025-11-19T11:25:20,180.134,171,AAPL-2025-11-19-1384,N
2025-11-19T11:25:25,180.184,300,AAPL-2025-11-19-1385,N
2025-11-19T11:25:30,180.241,133,AAPL-2025-11-19-1386,N
2025-11-19T11:25:35,180.19,140,AAPL-2025-11-19-1387,N
2025-11-19T11:25:40,180.195,59,AAPL-2025-11-19-1388,N
2025-11-19T11:25:45,180.174,270,AAPL-2025-11-19-1389,N
2025-11-19T11:25:50,180.209,174,AAPL-2025-11-19-1390,N
2025-11-19T11:25:55,180.194,228,AAPL-2025-11-19-1391,N
2025-11-19T11:26:00,180.227,173,AAPL-2025-11-19-1392,N
2025-11-19T11:26:05,180.219,171,AAPL-2025-11-19-1393,N
2025-11-19T11:26:10,180.171,189,AAPL-2025-11-19-1394,N
2025-11-19T11:26:15,180.16,136,AAPL-2025-11-19-1395,N
2025-11-19T11:26:20,180.184,224,AAPL-2025-11-19-1396,N
2025-11-19T11:26:25,180.209,161,AAPL-2025-11-19-1397,N
2025-11-19T11:26:30,180.137,223,AAPL-2025-11-19-1398,N
2025-11-19T11:26:35,180.113,155,AAPL-2025-11-19-1399,N
2025-11-19T11:26:40,180.068,186,AAPL-2025-11-19-1400,N
2025-11-19T11:26:45,180.125,174,AAPL-2025-11-19-1401,N
2025-11-19T11:26:50,180.085,232,AAPL-2025-11-19-1402,N
2025-11-19T11:26:55,180.092,94,AAPL-2025-11-19-1403,N
2025-11-19T11:27:00,180.116,306,AAPL-2025-11-19-1404,N
2025-11-19T11:27:05,180.022,138,AAPL-2025-11-19-1405,N
2025-11-19T11:27:10,179.919,196,AAPL-2025-11-19-1406,N
2025-11-19T11:27:15,179.955,205,AAPL-2025-11-19-1407,N
2025-11-19T11:27:20,180.005,241,AAPL-2025-11-19-1408,N
2025-11-19T11:27:25,180.066,258,AAPL-2025-11-19-1409,N
2025-11-19T11:27:30,180.052,203,AAPL-2025-11-19-1410,N
2025-11-19T11:27:35,180.021,188,AAPL-2025-11-19-1411,N
2025-11-19T11:27:40,180.023,195,AAPL-2025-11-19-1412,N
2025-11-19T11:27:45,180.071,183,AAPL-2025-11-19-1413,N
2025-11-19T11:27:50,180.037,156,AAPL-2025-11-19-1414,N
2025-11-19T11:27:55,180.061,129,AAPL-2025-11-19-1415,N
2025-11-19T11:28:00,180.054,266,AAPL-2025-11-19-1416,N
2025-11-19T11:28:05,180.064,196,AAPL-2025-11-19-1417,N
2025-11-19T11:28:10,180.063,148,AAPL-2025-11-19-1418,N
2025-11-19T11:28:15,180.032,190,AAPL-2025-11-19-1419,N
2025-11-19T11:28:20,180.042,247,AAPL-2025-11-19-1420,N
2025-11-19T11:28:25,180.045,267,AAPL-2025-11-19-1421,N
2025-11-19T11:28:30,180.103,239,AAPL-2025-11-19-1422,N
2025-11-19T11:28:35,180.147,150,AAPL-2025-11-19-1423,N
2025-11-19T11:28:40,180.106,225,AAPL-2025-11-19-1424,N
2025-11-19T11:28:45,180.058,185,AAPL-2025-11-19-1425,N
2025-11-19T11:28:50,180.085,270,AAPL-2025-11-19-1426,N
2025-11-19T11:28:55,180.076,167,AAPL-2025-11-19-1427,N
2025-11-19T11:29:00,180.088,146,AAPL-2025-11-19-1428,N
2025-11-19T11:29:05,180.081,199,AAPL-2025-11-19-1429,N
2025-11-19T11:29:10,180.08,204,AAPL-2025-11-19-1430,N
2025-11-19T11:29:15,180.05,163,AAPL-2025-11-19-1431,N
2025-11-19T11:29:20,180.023,118,AAPL-2025-11-19-1432,N
2025-11-19T11:29:25,180.036,244,AAPL-2025-11-19-1433,N
2025-11-19T11:29:30,180.064,186,AAPL-2025-11-19-1434,N
2025-11-19T11:29:35,180.035,237,AAPL-2025-11-19-1435,N
2025-11-19T11:29:40,180.058,210,AAPL-2025-11-19-1436,N
2025-11-19T11:29:45,180.121,198,AAPL-2025-11-19-1437,N
2025-11-19T11:29:50,180.112,180,AAPL-2025-11-19-1438,N
2025-11-19T11:29:55,180.056,233,AAPL-2025-11-19-1439,N
2025-11-19T11:30:00,180.052,225,AAPL-2025-11-19-1440,N
2025-11-19T11:30:05,180.118,180,AAPL-2025-11-19-1441,N
2025-11-19T11:30:10,180.034,224,AAPL-2025-11-19-1442,N
2025-11-19T11:30:15,180.04,163,AAPL-2025-11-19-1443,N
2025-11-19T11:30:20,180.054,239,AAPL-2025-11-19-1444,N
2025-11-19T11:30:25,180.02,184,AAPL-2025-11-19-1445,N
2025-11-19T11:30:30,180.073,163,AAPL-2025-11-19-1446,N
2025-11-19T11:30:35,180.076,68,AAPL-2025-11-19-1447,N
2025-11-19T11:30:40,180.022,207,AAPL-2025-11-19-1448,N
2025-11-19T11:30:45,180.067,131,AAPL-2025-11-19-1449,N
2025-11-19T11:30:50,180.069,181,AAPL-2025-11-19-1450,N
2025-11-19T11:30:55,180.104,139,AAPL-2025-11-19-1451,N
2025-11-19T11:31:00,180.119,167,AAPL-2025-11-19-1452,N
2025-11-19T11:31:05,180.127,203,AAPL-2025-11-19-1453,N
2025-11-19T11:31:10,180.118,223,AAPL-2025-11-19-1454,N
2025-11-19T11:31:15,180.12,193,AAPL-2025-11-19-1455,N
2025-11-19T11:31:20,180.107,203,AAPL-2025-11-19-1456,N
2025-11-19T11:31:25,180.115,150,AAPL-2025-11-19-1457,N
2025-11-19T11:31:30,180.102,147,AAPL-2025-11-19-1458,N
2025-11-19T11:31:35,180.101,170,AAPL-2025-11-19-1459,N
2025-11-19T11:31:40,180.128,233,AAPL-2025-11-19-1460,N
2025-11-19T11:31:45,180.095,199,AAPL-2025-11-19-1461,N
2025-11-19T11:31:50,180.118,191,AAPL-2025-11-19-1462,N
2025-11-19T11:31:55,180.092,145,AAPL-2025-11-19-1463,N
2025-11-19T11:32:00,180.123,245,AAPL-2025-11-19-1464,N
2025-11-19T11:32:05,180.115,238,AAPL-2025-11-19-1465,N
2025-11-19T11:32:10,180.008,266,AAPL-2025-11-19-1466,N
2025-11-19T11:32:15,180.003,207,AAPL-2025-11-19-1467,N
2025-11-19T11:32:20,179.991,269,AAPL-2025-11-19-1468,N
2025-11-19T11:32:25,179.953,273,AAPL-2025-11-19-1469,N
2025-11-19T11:32:30,179.967,231,AAPL-2025-11-19-1470,N
2025-11-19T11:32:35,179.955,134,AAPL-2025-11-19-1471,N
2025-11-19T11:32:40,179.989,215,AAPL-2025-11-19-1472,N
2025-11-19T11:32:45,180.038,190,AAPL-2025-11-19-1473,N
2025-11-19T11:32:50,180.023,269,AAPL-2025-11-19-1474,N
2025-11-19T11:32:55,180.092,200,AAPL-2025-11-19-1475,N
2025-11-19T11:33:00,180.065,240,AAPL-2025-11-19-1476,N
2025-11-19T11:33:05,180.055,229,AAPL-2025-11-19-1477,N
2025-11-19T11:33:10,180.046,278,AAPL-2025-11-19-1478,N
2025-11-19T11:33:15,180.021,224,AAPL-2025-11-19-1479,N
2025-11-19T11:33:20,180.003,185,AAPL-2025-11-19-1480,N
2025-11-19T11:33:25,179.989,236,AAPL-2025-11-19-1481,N
2025-11-19T11:33:30,180.022,227,AAPL-2025-11-19-1482,N
2025-11-19T11:33:35,180.018,207,AAPL-2025-11-19-1483,N
2025-11-19T11:33:40,180.05,246,AAPL-2025-11-19-1484,N
2025-11-19T11:33:45,179.953,186,AAPL-2025-11-19-1485,N
2025-11-19T11:33:50,179.945,233,AAPL-2025-11-19-1486,N
2025-11-19T11:33:55,179.943,235,AAPL-2025-11-19-1487,N
2025-11-19T11:34:00,179.904,213,AAPL-2025-11-19-1488,N
2025-11-19T11:34:05,179.936,126,AAPL-2025-11-19-1489,N
2025-11-19T11:34:10,180.027,259,AAPL-2025-11-19-1490,N
2025-11-19T11:34:15,180.027,158,AAPL-2025-11-19-1491,N
2025-11-19T11:34:20,180.02,204,AAPL-2025-11-19-1492,N
2025-11-19T11:34:25,180.036,275,AAPL-2025-11-19-1493,N
2025-11-19T11:34:30,180.019,228,AAPL-2025-11-19-1494,N
2025-11-19T11:34:35,179.973,179,AAPL-2025-11-19-1495,N
2025-11-19T11:34:40,179.986,234,AAPL-2025-11-19-1496,N
2025-11-19T11:34:45,179.959,177,AAPL-2025-11-19-1497,N
2025-11-19T11:34:50,180.012,258,AAPL-2025-11-19-1498,N
2025-11-19T11:34:55,180.019,88,AAPL-2025-11-19-1499,N
2025-11-19T11:35:00,180.11,199,AAPL-2025-11-19-1500,N
2025-11-19T11:35:05,180.098,173,AAPL-2025-11-19-1501,N
2025-11-19T11:35:10,180.112,219,AAPL-2025-11-19-1502,N
2025-11-19T11:35:15,180.146,153,AAPL-2025-11-19-1503,N
2025-11-19T11:35:20,180.135,301,AAPL-2025-11-19-1504,N
2025-11-19T11:35:25,180.143,191,AAPL-2025-11-19-1505,N
2025-11-19T11:35:30,180.109,225,AAPL-2025-11-19-1506,N
2025-11-19T11:35:35,180.146,243,AAPL-2025-11-19-1507,N
2025-11-19T11:35:40,180.137,218,AAPL-2025-11-19-1508,N
2025-11-19T11:35:45,180.197,253,AAPL-2025-11-19-1509,N
2025-11-19T11:35:50,180.169,72,AAPL-2025-11-19-1510,N
2025-11-19T11:35:55,180.179,239,AAPL-2025-11-19-1511,N
2025-11-19T11:36:00,180.14,199,AAPL-2025-11-19-1512,N
2025-11-19T11:36:05,180.131,205,AAPL-2025-11-19-1513,N
2025-11-19T11:36:10,180.111,264,AAPL-2025-11-19-1514,N
2025-11-19T11:36:15,180.116,156,AAPL-2025-11-19-1515,N
2025-11-19T11:36:20,180.149,136,AAPL-2025-11-19-1516,N
2025-11-19T11:36:25,180.196,249,AAPL-2025-11-19-1517,N
2025-11-19T11:36:30,180.246,192,AAPL-2025-11-19-1518,N
2025-11-19T11:36:35,180.228,204,AAPL-2025-11-19-1519,N
2025-11-19T11:36:40,180.225,167,AAPL-2025-11-19-1520,N
2025-11-19T11:36:45,180.205,181,AAPL-2025-11-19-1521,N
2025-11-19T11:36:50,180.163,233,AAPL-2025-11-19-1522,N
2025-11-19T11:36:55,180.161,184,AAPL-2025-11-19-1523,N
2025-11-19T11:37:00,180.121,141,AAPL-2025-11-19-1524,N
2025-11-19T11:37:05,180.191,168,AAPL-2025-11-19-1525,N
2025-11-19T11:37:10,180.213,208,AAPL-2025-11-19-1526,N
2025-11-19T11:37:15,180.113,289,AAPL-2025-11-19-1527,N
2025-11-19T11:37:20,180.137,161,AAPL-2025-11-19-1528,N
2025-11-19T11:37:25,180.136,142,AAPL-2025-11-19-1529,N
2025-11-19T11:37:30,180.202,154,AAPL-2025-11-19-1530,N
2025-11-19T11:37:35,180.183,163,AAPL-2025-11-19-1531,N
2025-11-19T11:37:40,180.186,268,AAPL-2025-11-19-1532,N
2025-11-19T11:37:45,180.251,180,AAPL-2025-11-19-1533,N
2025-11-19T11:37:50,180.264,204,AAPL-2025-11-19-1534,N
2025-11-19T11:37:55,180.229,321,AAPL-2025-11-19-1535,N
2025-11-19T11:38:00,180.278,209,AAPL-2025-11-19-1536,N
2025-11-19T11:38:05,180.335,260,AAPL-2025-11-19-1537,N
2025-11-19T11:38:10,180.338,216,AAPL-2025-11-19-1538,N
2025-11-19T11:38:15,180.392,152,AAPL-2025-11-19-1539,N
2025-11-19T11:38:20,180.453,188,AAPL-2025-11-19-1540,N
2025-11-19T11:38:25,180.508,199,AAPL-2025-11-19-1541,N
2025-11-19T11:38:30,180.52,198,AAPL-2025-11-19-1542,N
2025-11-19T11:38:35,180.501,186,AAPL-2025-11-19-1543,N
2025-11-19T11:38:40,180.551,84,AAPL-2025-11-19-1544,N
2025-11-19T11:38:45,180.506,163,AAPL-2025-11-19-1545,N
2025-11-19T11:38:50,180.467,275,AAPL-2025-11-19-1546,N
2025-11-19T11:38:55,180.512,229,AAPL-2025-11-19-1547,N
2025-11-19T11:39:00,180.489,266,AAPL-2025-11-19-1548,N
2025-11-19T11:39:05,180.432,307,AAPL-2025-11-19-1549,N
2025-11-19T11:39:10,180.407,186,AAPL-2025-11-19-1550,N
2025-11-19T11:39:15,180.392,146,AAPL-2025-11-19-1551,N
2025-11-19T11:39:20,180.461,239,AAPL-2025-11-19-1552,N
2025-11-19T11:39:25,180.505,138,AAPL-2025-11-19-1553,N
2025-11-19T11:39:30,180.512,226,AAPL-2025-11-19-1554,N
2025-11-19T11:39:35,180.521,141,AAPL-2025-11-19-1555,N
2025-11-19T11:39:40,180.56,206,AAPL-2025-11-19-1556,N
2025-11-19T11:39:45,180.526,107,AAPL-2025-11-19-1557,N
2025-11-19T11:39:50,180.548,322,AAPL-2025-11-19-1558,N
2025-11-19T11:39:55,180.511,208,AAPL-2025-11-19-1559,N
2025-11-19T11:40:00,180.551,136,AAPL-2025-11-19-1560,N
2025-11-19T11:40:05,180.534,156,AAPL-2025-11-19-1561,N
2025-11-19T11:40:10,180.569,266,AAPL-2025-11-19-1562,N
2025-11-19T11:40:15,180.575,157,AAPL-2025-11-19-1563,N
2025-11-19T11:40:20,180.559,168,AAPL-2025-11-19-1564,N
2025-11-19T11:40:25,180.524,194,AAPL-2025-11-19-1565,N
2025-11-19T11:40:30,180.545,224,AAPL-2025-11-19-1566,N
2025-11-19T11:40:35,180.544,202,AAPL-2025-11-19-1567,N
2025-11-19T11:40:40,180.541,135,AAPL-2025-11-19-1568,N
2025-11-19T11:40:45,180.547,170,AAPL-2025-11-19-1569,N
2025-11-19T11:40:50,180.498,218,AAPL-2025-11-19-1570,N
2025-11-19T11:40:55,180.476,211,AAPL-2025-11-19-1571,N
2025-11-19T11:41:00,180.507,152,AAPL-2025-11-19-1572,N
2025-11-19T11:41:05,180.51,109,AAPL-2025-11-19-1573,N
2025-11-19T11:41:10,180.566,132,AAPL-2025-11-19-1574,N
2025-11-19T11:41:15,180.547,266,AAPL-2025-11-19-1575,N
2025-11-19T11:41:20,180.539,140,AAPL-2025-11-19-1576,N
2025-11-19T11:41:25,180.564,234,AAPL-2025-11-19-1577,N
2025-11-19T11:41:30,180.541,173,AAPL-2025-11-19-1578,N
2025-11-19T11:41:35,180.526,189,AAPL-2025-11-19-1579,N
2025-11-19T11:41:40,180.457,190,AAPL-2025-11-19-1580,N
2025-11-19T11:41:45,180.522,155,AAPL-2025-11-19-1581,N
2025-11-19T11:41:50,180.501,140,AAPL-2025-11-19-1582,N
2025-11-19T11:41:55,180.523,260,AAPL-2025-11-19-1583,N
2025-11-19T11:42:00,180.565,137,AAPL-2025-11-19-1584,N
2025-11-19T11:42:05,180.583,271,AAPL-2025-11-19-1585,N
2025-11-19T11:42:10,180.602,223,AAPL-2025-11-19-1586,N
2025-11-19T11:42:15,180.585,211,AAPL-2025-11-19-1587,N
2025-11-19T11:42:20,180.629,216,AAPL-2025-11-19-1588,N
2025-11-19T11:42:25,180.584,177,AAPL-2025-11-19-1589,N
2025-11-19T11:42:30,180.628,216,AAPL-2025-11-19-1590,N
2025-11-19T11:42:35,180.632,172,AAPL-2025-11-19-1591,N
2025-11-19T11:42:40,180.675,283,AAPL-2025-11-19-1592,N
2025-11-19T11:42:45,180.721,272,AAPL-2025-11-19-1593,N
2025-11-19T11:42:50,180.708,174,AAPL-2025-11-19-1594,N
2025-11-19T11:42:55,180.702,201,AAPL-2025-11-19-1595,N
2025-11-19T11:43:00,180.754,258,AAPL-2025-11-19-1596,N
2025-11-19T11:43:05,180.774,128,AAPL-2025-11-19-1597,N
2025-11-19T11:43:10,180.712,212,AAPL-2025-11-19-1598,N
2025-11-19T11:43:15,180.744,196,AAPL-2025-11-19-1599,N
2025-11-19T11:43:20,180.814,145,AAPL-2025-11-19-1600,N
2025-11-19T11:43:25,180.77,166,AAPL-2025-11-19-1601,N
2025-11-19T11:43:30,180.744,226,AAPL-2025-11-19-1602,N
2025-11-19T11:43:35,180.729,122,AAPL-2025-11-19-1603,N
2025-11-19T11:43:40,180.761,112,AAPL-2025-11-19-1604,N
2025-11-19T11:43:45,180.723,118,AAPL-2025-11-19-1605,N
2025-11-19T11:43:50,180.73,209,AAPL-2025-11-19-1606,N
2025-11-19T11:43:55,180.799,245,AAPL-2025-11-19-1607,N
2025-11-19T11:44:00,180.852,214,AAPL-2025-11-19-1608,N
2025-11-19T11:44:05,180.816,206,AAPL-2025-11-19-1609,N
2025-11-19T11:44:10,180.838,235,AAPL-2025-11-19-1610,N
2025-11-19T11:44:15,180.821,224,AAPL-2025-11-19-1611,N
2025-11-19T11:44:20,180.787,147,AAPL-2025-11-19-1612,N
2025-11-19T11:44:25,180.746,201,AAPL-2025-11-19-1613,N
2025-11-19T11:44:30,180.704,178,AAPL-2025-11-19-1614,N
2025-11-19T11:44:35,180.737,148,AAPL-2025-11-19-1615,N
2025-11-19T11:44:40,180.718,203,AAPL-2025-11-19-1616,N
2025-11-19T11:44:45,180.727,175,AAPL-2025-11-19-1617,N
2025-11-19T11:44:50,180.756,229,AAPL-2025-11-19-1618,N
2025-11-19T11:44:55,180.797,195,AAPL-2025-11-19-1619,N
2025-11-19T11:45:00,180.778,165,AAPL-2025-11-19-1620,N
2025-11-19T11:45:05,180.789,181,AAPL-2025-11-19-1621,N
2025-11-19T11:45:10,180.769,177,AAPL-2025-11-19-1622,N
2025-11-19T11:45:15,180.744,209,AAPL-2025-11-19-1623,N
2025-11-19T11:45:20,180.693,215,AAPL-2025-11-19-1624,N
2025-11-19T11:45:25,180.718,170,AAPL-2025-11-19-1625,N
2025-11-19T11:45:30,180.787,200,AAPL-2025-11-19-1626,N
2025-11-19T11:45:35,180.731,185,AAPL-2025-11-19-1627,N
2025-11-19T11:45:40,180.733,222,AAPL-2025-11-19-1628,N
2025-11-19T11:45:45,180.724,149,AAPL-2025-11-19-1629,N
2025-11-19T11:45:50,180.684,167,AAPL-2025-11-19-1630,N
2025-11-19T11:45:55,180.664,143,AAPL-2025-11-19-1631,N
2025-11-19T11:46:00,180.637,232,AAPL-2025-11-19-1632,N
2025-11-19T11:46:05,180.697,237,AAPL-2025-11-19-1633,N
2025-11-19T11:46:10,180.744,248,AAPL-2025-11-19-1634,N
2025-11-19T11:46:15,180.774,183,AAPL-2025-11-19-1635,N
2025-11-19T11:46:20,180.779,178,AAPL-2025-11-19-1636,N
2025-11-19T11:46:25,180.771,203,AAPL-2025-11-19-1637,N
2025-11-19T11:46:30,180.797,221,AAPL-2025-11-19-1638,N
2025-11-19T11:46:35,180.791,202,AAPL-2025-11-19-1639,N
2025-11-19T11:46:40,180.807,233,AAPL-2025-11-19-1640,N
2025-11-19T11:46:45,180.752,146,AAPL-2025-11-19-1641,N
2025-11-19T11:46:50,180.792,196,AAPL-2025-11-19-1642,N
2025-11-19T11:46:55,180.777,186,AAPL-2025-11-19-1643,N
2025-11-19T11:47:00,180.767,227,AAPL-2025-11-19-1644,N
2025-11-19T11:47:05,180.727,201,AAPL-2025-11-19-1645,N
2025-11-19T11:47:10,180.736,219,AAPL-2025-11-19-1646,N
2025-11-19T11:47:15,180.744,225,AAPL-2025-11-19-1647,N
2025-11-19T11:47:20,180.723,152,AAPL-2025-11-19-1648,N
2025-11-19T11:47:25,180.812,184,AAPL-2025-11-19-1649,N
2025-11-19T11:47:30,180.806,233,AAPL-2025-11-19-1650,N
2025-11-19T11:47:35,180.863,172,AAPL-2025-11-19-1651,N
2025-11-19T11:47:40,180.827,137,AAPL-2025-11-19-1652,N
2025-11-19T11:47:45,180.885,148,AAPL-2025-11-19-1653,N
2025-11-19T11:47:50,180.884,151,AAPL-2025-11-19-1654,N
2025-11-19T11:47:55,180.831,185,AAPL-2025-11-19-1655,N
2025-11-19T11:48:00,180.797,165,AAPL-2025-11-19-1656,N
2025-11-19T11:48:05,180.87,221,AAPL-2025-11-19-1657,N
2025-11-19T11:48:10,180.904,241,AAPL-2025-11-19-1658,N
2025-11-19T11:48:15,180.9,178,AAPL-2025-11-19-1659,N
2025-11-19T11:48:20,180.909,208,AAPL-2025-11-19-1660,N
2025-11-19T11:48:25,180.888,206,AAPL-2025-11-19-1661,N
2025-11-19T11:48:30,180.863,191,AAPL-2025-11-19-1662,N
2025-11-19T11:48:35,180.851,136,AAPL-2025-11-19-1663,N
2025-11-19T11:48:40,180.766,153,AAPL-2025-11-19-1664,N
2025-11-19T11:48:45,180.831,184,AAPL-2025-11-19-1665,N
2025-11-19T11:48:50,180.859,93,AAPL-2025-11-19-1666,N
2025-11-19T11:48:55,180.823,132,AAPL-2025-11-19-1667,N
2025-11-19T11:49:00,180.815,321,AAPL-2025-11-19-1668,N
2025-11-19T11:49:05,180.832,284,AAPL-2025-11-19-1669,N
2025-11-19T11:49:10,180.823,268,AAPL-2025-11-19-1670,N
2025-11-19T11:49:15,180.898,194,AAPL-2025-11-19-1671,N
2025-11-19T11:49:20,180.878,134,AAPL-2025-11-19-1672,N
2025-11-19T11:49:25,180.867,204,AAPL-2025-11-19-1673,N
2025-11-19T11:49:30,180.94,135,AAPL-2025-11-19-1674,N
2025-11-19T11:49:35,180.943,109,AAPL-2025-11-19-1675,N
2025-11-19T11:49:40,180.927,215,AAPL-2025-11-19-1676,N
2025-11-19T11:49:45,180.946,229,AAPL-2025-11-19-1677,N
2025-11-19T11:49:50,180.96,229,AAPL-2025-11-19-1678,N
2025-11-19T11:49:55,180.962,147,AAPL-2025-11-19-1679,N
2025-11-19T11:50:00,180.895,172,AAPL-2025-11-19-1680,N
2025-11-19T11:50:05,180.89,262,AAPL-2025-11-19-1681,N
2025-11-19T11:50:10,180.886,190,AAPL-2025-11-19-1682,N
2025-11-19T11:50:15,180.9,186,AAPL-2025-11-19-1683,N
2025-11-19T11:50:20,180.929,298,AAPL-2025-11-19-1684,N
2025-11-19T11:50:25,181.009,204,AAPL-2025-11-19-1685,N
2025-11-19T11:50:30,181.021,278,AAPL-2025-11-19-1686,N
2025-11-19T11:50:35,181.015,233,AAPL-2025-11-19-1687,N
2025-11-19T11:50:40,180.974,184,AAPL-2025-11-19-1688,N
2025-11-19T11:50:45,181.016,164,AAPL-2025-11-19-1689,N
2025-11-19T11:50:50,181.012,121,AAPL-2025-11-19-1690,N
2025-11-19T11:50:55,181.084,263,AAPL-2025-11-19-1691,N
2025-11-19T11:51:00,181.091,225,AAPL-2025-11-19-1692,N
2025-11-19T11:51:05,181.105,269,AAPL-2025-11-19-1693,N
2025-11-19T11:51:10,181.087,236,AAPL-2025-11-19-1694,N
2025-11-19T11:51:15,181.126,260,AAPL-2025-11-19-1695,N
2025-11-19T11:51:20,181.044,170,AAPL-2025-11-19-1696,N
2025-11-19T11:51:25,181.007,207,AAPL-2025-11-19-1697,N
2025-11-19T11:51:30,180.934,97,AAPL-2025-11-19-1698,N
2025-11-19T11:51:35,181.012,230,AAPL-2025-11-19-1699,N
2025-11-19T11:51:40,181.017,218,AAPL-2025-11-19-1700,N
2025-11-19T11:51:45,181.022,249,AAPL-2025-11-19-1701,N
2025-11-19T11:51:50,180.999,209,AAPL-2025-11-19-1702,N
2025-11-19T11:51:55,181.007,147,AAPL-2025-11-19-1703,N
2025-11-19T11:52:00,181.054,177,AAPL-2025-11-19-1704,N
2025-11-19T11:52:05,181.09,205,AAPL-2025-11-19-1705,N
2025-11-19T11:52:10,181.15,147,AAPL-2025-11-19-1706,N
2025-11-19T11:52:15,181.11,154,AAPL-2025-11-19-1707,N
2025-11-19T11:52:20,181.115,277,AAPL-2025-11-19-1708,N
2025-11-19T11:52:25,181.173,84,AAPL-2025-11-19-1709,N
2025-11-19T11:52:30,181.182,39,AAPL-2025-11-19-1710,N
2025-11-19T11:52:35,181.211,255,AAPL-2025-11-19-1711,N
2025-11-19T11:52:40,181.209,204,AAPL-2025-11-19-1712,N
2025-11-19T11:52:45,181.212,160,AAPL-2025-11-19-1713,N
2025-11-19T11:52:50,181.228,188,AAPL-2025-11-19-1714,N
2025-11-19T11:52:55,181.261,194,AAPL-2025-11-19-1715,N
2025-11-19T11:53:00,181.23,123,AAPL-2025-11-19-1716,N
2025-11-19T11:53:05,181.163,265,AAPL-2025-11-19-1717,N
2025-11-19T11:53:10,181.146,216,AAPL-2025-11-19-1718,N
2025-11-19T11:53:15,181.211,171,AAPL-2025-11-19-1719,N
2025-11-19T11:53:20,181.188,193,AAPL-2025-11-19-1720,N
2025-11-19T11:53:25,181.189,294,AAPL-2025-11-19-1721,N
2025-11-19T11:53:30,181.246,231,AAPL-2025-11-19-1722,N
2025-11-19T11:53:35,181.298,191,AAPL-2025-11-19-1723,N
2025-11-19T11:53:40,181.309,184,AAPL-2025-11-19-1724,N
2025-11-19T11:53:45,181.262,260,AAPL-2025-11-19-1725,N
2025-11-19T11:53:50,181.281,200,AAPL-2025-11-19-1726,N
2025-11-19T11:53:55,181.281,124,AAPL-2025-11-19-1727,N
2025-11-19T11:54:00,181.246,216,AAPL-2025-11-19-1728,N
2025-11-19T11:54:05,181.227,189,AAPL-2025-11-19-1729,N
2025-11-19T11:54:10,181.223,165,AAPL-2025-11-19-1730,N
2025-11-19T11:54:15,181.188,119,AAPL-2025-11-19-1731,N
2025-11-19T11:54:20,181.183,230,AAPL-2025-11-19-1732,N
2025-11-19T11:54:25,181.123,198,AAPL-2025-11-19-1733,N
2025-11-19T11:54:30,181.133,150,AAPL-2025-11-19-1734,N
2025-11-19T11:54:35,181.185,180,AAPL-2025-11-19-1735,N
2025-11-19T11:54:40,181.181,191,AAPL-2025-11-19-1736,N
2025-11-19T11:54:45,181.117,250,AAPL-2025-11-19-1737,N
2025-11-19T11:54:50,181.082,188,AAPL-2025-11-19-1738,N
2025-11-19T11:54:55,181.104,273,AAPL-2025-11-19-1739,N
2025-11-19T11:55:00,181.065,177,AAPL-2025-11-19-1740,N
2025-11-19T11:55:05,181.115,223,AAPL-2025-11-19-1741,N
2025-11-19T11:55:10,181.139,147,AAPL-2025-11-19-1742,N
2025-11-19T11:55:15,181.125,191,AAPL-2025-11-19-1743,N
2025-11-19T11:55:20,181.094,116,AAPL-2025-11-19-1744,N
2025-11-19T11:55:25,181.076,267,AAPL-2025-11-19-1745,N
2025-11-19T11:55:30,181.078,268,AAPL-2025-11-19-1746,N
2025-11-19T11:55:35,181.084,161,AAPL-2025-11-19-1747,N
2025-11-19T11:55:40,181.131,210,AAPL-2025-11-19-1748,N
2025-11-19T11:55:45,181.166,146,AAPL-2025-11-19-1749,N
2025-11-19T11:55:50,181.203,253,AAPL-2025-11-19-1750,N
2025-11-19T11:55:55,181.214,159,AAPL-2025-11-19-1751,N
2025-11-19T11:56:00,181.212,230,AAPL-2025-11-19-1752,N
2025-11-19T11:56:05,181.221,230,AAPL-2025-11-19-1753,N
2025-11-19T11:56:10,181.257,167,AAPL-2025-11-19-1754,N
2025-11-19T11:56:15,181.215,198,AAPL-2025-11-19-1755,N
2025-11-19T11:56:20,181.203,239,AAPL-2025-11-19-1756,N
2025-11-19T11:56:25,181.165,251,AAPL-2025-11-19-1757,N
2025-11-19T11:56:30,181.214,200,AAPL-2025-11-19-1758,N
2025-11-19T11:56:35,181.216,161,AAPL-2025-11-19-1759,N
2025-11-19T11:56:40,181.196,179,AAPL-2025-11-19-1760,N
2025-11-19T11:56:45,181.248,196,AAPL-2025-11-19-1761,N
2025-11-19T11:56:50,181.2,212,AAPL-2025-11-19-1762,N
2025-11-19T11:56:55,181.23,198,AAPL-2025-11-19-1763,N
2025-11-19T11:57:00,181.284,238,AAPL-2025-11-19-1764,N
2025-11-19T11:57:05,181.246,172,AAPL-2025-11-19-1765,N
2025-11-19T11:57:10,181.254,116,AAPL-2025-11-19-1766,N
2025-11-19T11:57:15,181.266,111,AAPL-2025-11-19-1767,N
2025-11-19T11:57:20,181.303,245,AAPL-2025-11-19-1768,N
2025-11-19T11:57:25,181.321,166,AAPL-2025-11-19-1769,N
2025-11-19T11:57:30,181.328,174,AAPL-2025-11-19-1770,N
2025-11-19T11:57:35,181.29,183,AAPL-2025-11-19-1771,N
2025-11-19T11:57:40,181.316,202,AAPL-2025-11-19-1772,N
2025-11-19T11:57:45,181.368,238,AAPL-2025-11-19-1773,N
2025-11-19T11:57:50,181.392,119,AAPL-2025-11-19-1774,N
2025-11-19T11:57:55,181.382,146,AAPL-2025-11-19-1775,N
2025-11-19T11:58:00,181.375,165,AAPL-2025-11-19-1776,N
2025-11-19T11:58:05,181.361,253,AAPL-2025-11-19-1777,N
2025-11-19T11:58:10,181.379,250,AAPL-2025-11-19-1778,N
2025-11-19T11:58:15,181.321,202,AAPL-2025-11-19-1779,N
2025-11-19T11:58:20,181.356,275,AAPL-2025-11-19-1780,N
2025-11-19T11:58:25,181.299,182,AAPL-2025-11-19-1781,N
2025-11-19T11:58:30,181.337,190,AAPL-2025-11-19-1782,N
2025-11-19T11:58:35,181.304,122,AAPL-2025-11-19-1783,N
2025-11-19T11:58:40,181.269,115,AAPL-2025-11-19-1784,N
2025-11-19T11:58:45,181.272,244,AAPL-2025-11-19-1785,N
2025-11-19T11:58:50,181.226,212,AAPL-2025-11-19-1786,N
2025-11-19T11:58:55,181.257,199,AAPL-2025-11-19-1787,N
2025-11-19T11:59:00,181.198,219,AAPL-2025-11-19-1788,N
2025-11-19T11:59:05,181.196,192,AAPL-2025-11-19-1789,N
2025-11-19T11:59:10,181.176,204,AAPL-2025-11-19-1790,N
2025-11-19T11:59:15,181.195,319,AAPL-2025-11-19-1791,N
2025-11-19T11:59:20,181.199,275,AAPL-2025-11-19-1792,N
2025-11-19T11:59:25,181.212,195,AAPL-2025-11-19-1793,N
2025-11-19T11:59:30,181.217,138,AAPL-2025-11-19-1794,N
2025-11-19T11:59:35,181.228,100,AAPL-2025-11-19-1795,N
2025-11-19T11:59:40,181.197,205,AAPL-2025-11-19-1796,N
2025-11-19T11:59:45,181.24,271,AAPL-2025-11-19-1797,N
2025-11-19T11:59:50,181.232,207,AAPL-2025-11-19-1798,N
2025-11-19T11:59:55,181.267,133,AAPL-2025-11-19-1799,N
2025-11-19T12:00:00,181.282,158,AAPL-2025-11-19-1800,N
2025-11-19T12:00:05,181.276,177,AAPL-2025-11-19-1801,N
2025-11-19T12:00:10,181.292,227,AAPL-2025-11-19-1802,N
2025-11-19T12:00:15,181.324,217,AAPL-2025-11-19-1803,N
2025-11-19T12:00:20,181.33,292,AAPL-2025-11-19-1804,N
2025-11-19T12:00:25,181.275,284,AAPL-2025-11-19-1805,N
2025-11-19T12:00:30,181.264,228,AAPL-2025-11-19-1806,N
2025-11-19T12:00:35,181.253,164,AAPL-2025-11-19-1807,N
2025-11-19T12:00:40,181.27,252,AAPL-2025-11-19-1808,N
2025-11-19T12:00:45,181.287,172,AAPL-2025-11-19-1809,N
2025-11-19T12:00:50,181.418,259,AAPL-2025-11-19-1810,N
2025-11-19T12:00:55,181.452,182,AAPL-2025-11-19-1811,N
2025-11-19T12:01:00,181.429,186,AAPL-2025-11-19-1812,N
2025-11-19T12:01:05,181.469,150,AAPL-2025-11-19-1813,N
2025-11-19T12:01:10,181.43,226,AAPL-2025-11-19-1814,N
2025-11-19T12:01:15,181.441,161,AAPL-2025-11-19-1815,N
2025-11-19T12:01:20,181.402,271,AAPL-2025-11-19-1816,N
2025-11-19T12:01:25,181.415,131,AAPL-2025-11-19-1817,N
2025-11-19T12:01:30,181.368,181,AAPL-2025-11-19-1818,N
2025-11-19T12:01:35,181.394,229,AAPL-2025-11-19-1819,N
2025-11-19T12:01:40,181.436,125,AAPL-2025-11-19-1820,N
2025-11-19T12:01:45,181.444,271,AAPL-2025-11-19-1821,N
2025-11-19T12:01:50,181.492,217,AAPL-2025-11-19-1822,N
2025-11-19T12:01:55,181.577,230,AAPL-2025-11-19-1823,N
2025-11-19T12:02:00,181.615,202,AAPL-2025-11-19-1824,N
2025-11-19T12:02:05,181.587,156,AAPL-2025-11-19-1825,N
2025-11-19T12:02:10,181.593,189,AAPL-2025-11-19-1826,N
2025-11-19T12:02:15,181.529,148,AAPL-2025-11-19-1827,N
2025-11-19T12:02:20,181.518,236,AAPL-2025-11-19-1828,N
2025-11-19T12:02:25,181.517,196,AAPL-2025-11-19-1829,N
2025-11-19T12:02:30,181.481,201,AAPL-2025-11-19-1830,N
2025-11-19T12:02:35,181.529,207,AAPL-2025-11-19-1831,N
2025-11-19T12:02:40,181.474,137,AAPL-2025-11-19-1832,N
2025-11-19T12:02:45,181.496,188,AAPL-2025-11-19-1833,N
2025-11-19T12:02:50,181.493,169,AAPL-2025-11-19-1834,N
2025-11-19T12:02:55,181.511,184,AAPL-2025-11-19-1835,N
2025-11-19T12:03:00,181.504,157,AAPL-2025-11-19-1836,N
2025-11-19T12:03:05,181.538,188,AAPL-2025-11-19-1837,N
2025-11-19T12:03:10,181.56,140,AAPL-2025-11-19-1838,N
2025-11-19T12:03:15,181.623,263,AAPL-2025-11-19-1839,N
2025-11-19T12:03:20,181.554,159,AAPL-2025-11-19-1840,N
2025-11-19T12:03:25,181.571,134,AAPL-2025-11-19-1841,N
2025-11-19T12:03:30,181.566,221,AAPL-2025-11-19-1842,N
2025-11-19T12:03:35,181.559,226,AAPL-2025-11-19-1843,N
2025-11-19T12:03:40,181.534,87,AAPL-2025-11-19-1844,N
2025-11-19T12:03:45,181.57,248,AAPL-2025-11-19-1845,N
2025-11-19T12:03:50,181.661,89,AAPL-2025-11-19-1846,N
2025-11-19T12:03:55,181.688,101,AAPL-2025-11-19-1847,N
2025-11-19T12:04:00,181.752,224,AAPL-2025-11-19-1848,N
2025-11-19T12:04:05,181.717,239,AAPL-2025-11-19-1849,N
2025-11-19T12:04:10,181.697,215,AAPL-2025-11-19-1850,N
2025-11-19T12:04:15,181.705,287,AAPL-2025-11-19-1851,N
2025-11-19T12:04:20,181.771,170,AAPL-2025-11-19-1852,N
2025-11-19T12:04:25,181.809,217,AAPL-2025-11-19-1853,N
2025-11-19T12:04:30,181.758,165,AAPL-2025-11-19-1854,N
2025-11-19T12:04:35,181.843,217,AAPL-2025-11-19-1855,N
2025-11-19T12:04:40,181.879,189,AAPL-2025-11-19-1856,N
2025-11-19T12:04:45,181.859,201,AAPL-2025-11-19-1857,N
2025-11-19T12:04:50,181.85,125,AAPL-2025-11-19-1858,N
2025-11-19T12:04:55,181.813,235,AAPL-2025-11-19-1859,N
2025-11-19T12:05:00,181.799,201,AAPL-2025-11-19-1860,N
2025-11-19T12:05:05,181.808,215,AAPL-2025-11-19-1861,N
2025-11-19T12:05:10,181.85,145,AAPL-2025-11-19-1862,N
2025-11-19T12:05:15,181.87,237,AAPL-2025-11-19-1863,N
2025-11-19T12:05:20,181.906,129,AAPL-2025-11-19-1864,N
2025-11-19T12:05:25,181.916,285,AAPL-2025-11-19-1865,N
2025-11-19T12:05:30,181.912,224,AAPL-2025-11-19-1866,N
2025-11-19T12:05:35,181.94,148,AAPL-2025-11-19-1867,N
2025-11-19T12:05:40,182.007,224,AAPL-2025-11-19-1868,N
2025-11-19T12:05:45,182.026,116,AAPL-2025-11-19-1869,N
2025-11-19T12:05:50,182.055,225,AAPL-2025-11-19-1870,N
2025-11-19T12:05:55,182.114,184,AAPL-2025-11-19-1871,N
2025-11-19T12:06:00,182.078,165,AAPL-2025-11-19-1872,N
2025-11-19T12:06:05,182.06,144,AAPL-2025-11-19-1873,N
2025-11-19T12:06:10,182.107,266,AAPL-2025-11-19-1874,N
2025-11-19T12:06:15,182.099,180,AAPL-2025-11-19-1875,N
2025-11-19T12:06:20,182.033,234,AAPL-2025-11-19-1876,N
2025-11-19T12:06:25,182.094,168,AAPL-2025-11-19-1877,N
2025-11-19T12:06:30,182.089,221,AAPL-2025-11-19-1878,N
2025-11-19T12:06:35,182.152,209,AAPL-2025-11-19-1879,N
2025-11-19T12:06:40,182.159,208,AAPL-2025-11-19-1880,N
2025-11-19T12:06:45,182.107,127,AAPL-2025-11-19-1881,N
2025-11-19T12:06:50,182.078,250,AAPL-2025-11-19-1882,N
2025-11-19T12:06:55,182.066,173,AAPL-2025-11-19-1883,N
2025-11-19T12:07:00,182.046,193,AAPL-2025-11-19-1884,N
2025-11-19T12:07:05,182.108,192,AAPL-2025-11-19-1885,N
2025-11-19T12:07:10,182.079,201,AAPL-2025-11-19-1886,N
2025-11-19T12:07:15,182.143,174,AAPL-2025-11-19-1887,N
2025-11-19T12:07:20,182.1,174,AAPL-2025-11-19-1888,N
2025-11-19T12:07:25,182.105,234,AAPL-2025-11-19-1889,N
2025-11-19T12:07:30,182.141,147,AAPL-2025-11-19-1890,N
2025-11-19T12:07:35,182.107,183,AAPL-2025-11-19-1891,N
2025-11-19T12:07:40,182.132,136,AAPL-2025-11-19-1892,N
2025-11-19T12:07:45,182.11,170,AAPL-2025-11-19-1893,N
2025-11-19T12:07:50,182.144,226,AAPL-2025-11-19-1894,N
2025-11-19T12:07:55,182.177,266,AAPL-2025-11-19-1895,N
2025-11-19T12:08:00,182.166,140,AAPL-2025-11-19-1896,N
2025-11-19T12:08:05,182.123,108,AAPL-2025-11-19-1897,N
2025-11-19T12:08:10,182.106,180,AAPL-2025-11-19-1898,N
2025-11-19T12:08:15,182.135,200,AAPL-2025-11-19-1899,N
2025-11-19T12:08:20,182.117,194,AAPL-2025-11-19-1900,N
2025-11-19T12:08:25,182.079,251,AAPL-2025-11-19-1901,N
2025-11-19T12:08:30,182.05,143,AAPL-2025-11-19-1902,N
2025-11-19T12:08:35,182.08,228,AAPL-2025-11-19-1903,N
2025-11-19T12:08:40,182.017,242,AAPL-2025-11-19-1904,N
2025-11-19T12:08:45,181.99,181,AAPL-2025-11-19-1905,N
2025-11-19T12:08:50,181.997,229,AAPL-2025-11-19-1906,N
2025-11-19T12:08:55,182.013,197,AAPL-2025-11-19-1907,N
2025-11-19T12:09:00,181.998,220,AAPL-2025-11-19-1908,N
2025-11-19T12:09:05,181.993,290,AAPL-2025-11-19-1909,N
2025-11-19T12:09:10,182.015,153,AAPL-2025-11-19-1910,N
2025-11-19T12:09:15,181.997,202,AAPL-2025-11-19-1911,N
2025-11-19T12:09:20,182.045,270,AAPL-2025-11-19-1912,N
2025-11-19T12:09:25,182.03,153,AAPL-2025-11-19-1913,N
2025-11-19T12:09:30,181.992,212,AAPL-2025-11-19-1914,N
2025-11-19T12:09:35,182.076,226,AAPL-2025-11-19-1915,N
2025-11-19T12:09:40,182.017,163,AAPL-2025-11-19-1916,N
2025-11-19T12:09:45,181.995,158,AAPL-2025-11-19-1917,N
2025-11-19T12:09:50,181.981,218,AAPL-2025-11-19-1918,N
2025-11-19T12:09:55,182.005,254,AAPL-2025-11-19-1919,N
2025-11-19T12:10:00,182.025,102,AAPL-2025-11-19-1920,N
2025-11-19T12:10:05,181.986,192,AAPL-2025-11-19-1921,N
2025-11-19T12:10:10,181.991,243,AAPL-2025-11-19-1922,N
2025-11-19T12:10:15,181.993,202,AAPL-2025-11-19-1923,N
2025-11-19T12:10:20,182.002,187,AAPL-2025-11-19-1924,N
2025-11-19T12:10:25,182.005,256,AAPL-2025-11-19-1925,N
2025-11-19T12:10:30,182.002,198,AAPL-2025-11-19-1926,N
2025-11-19T12:10:35,182.001,264,AAPL-2025-11-19-1927,N
2025-11-19T12:10:40,181.96,288,AAPL-2025-11-19-1928,N
2025-11-19T12:10:45,181.917,167,AAPL-2025-11-19-1929,N
2025-11-19T12:10:50,181.944,251,AAPL-2025-11-19-1930,N
2025-11-19T12:10:55,181.893,145,AAPL-2025-11-19-1931,N
2025-11-19T12:11:00,181.904,317,AAPL-2025-11-19-1932,N
2025-11-19T12:11:05,181.949,187,AAPL-2025-11-19-1933,N
2025-11-19T12:11:10,181.861,204,AAPL-2025-11-19-1934,N
2025-11-19T12:11:15,181.874,180,AAPL-2025-11-19-1935,N
2025-11-19T12:11:20,181.843,207,AAPL-2025-11-19-1936,N
2025-11-19T12:11:25,181.809,293,AAPL-2025-11-19-1937,N
2025-11-19T12:11:30,181.864,232,AAPL-2025-11-19-1938,N
2025-11-19T12:11:35,181.867,166,AAPL-2025-11-19-1939,N
2025-11-19T12:11:40,181.866,281,AAPL-2025-11-19-1940,N
2025-11-19T12:11:45,181.898,210,AAPL-2025-11-19-1941,N
2025-11-19T12:11:50,181.932,227,AAPL-2025-11-19-1942,N
2025-11-19T12:11:55,181.946,249,AAPL-2025-11-19-1943,N
2025-11-19T12:12:00,181.965,242,AAPL-2025-11-19-1944,N
2025-11-19T12:12:05,181.971,187,AAPL-2025-11-19-1945,N
2025-11-19T12:12:10,181.951,166,AAPL-2025-11-19-1946,N
2025-11-19T12:12:15,181.892,154,AAPL-2025-11-19-1947,N
2025-11-19T12:12:20,181.858,174,AAPL-2025-11-19-1948,N
2025-11-19T12:12:25,181.915,192,AAPL-2025-11-19-1949,N
2025-11-19T12:12:30,181.924,213,AAPL-2025-11-19-1950,N
2025-11-19T12:12:35,181.982,171,AAPL-2025-11-19-1951,N
2025-11-19T12:12:40,181.973,194,AAPL-2025-11-19-1952,N
2025-11-19T12:12:45,182.015,267,AAPL-2025-11-19-1953,N
2025-11-19T12:12:50,182.032,261,AAPL-2025-11-19-1954,N
2025-11-19T12:12:55,182.039,191,AAPL-2025-11-19-1955,N
2025-11-19T12:13:00,182.081,224,AAPL-2025-11-19-1956,N
2025-11-19T12:13:05,182.055,249,AAPL-2025-11-19-1957,N
2025-11-19T12:13:10,182.047,183,AAPL-2025-11-19-1958,N
2025-11-19T12:13:15,182.08,195,AAPL-2025-11-19-1959,N
2025-11-19T12:13:20,182.094,233,AAPL-2025-11-19-1960,N
2025-11-19T12:13:25,182.065,219,AAPL-2025-11-19-1961,N
2025-11-19T12:13:30,182.114,152,AAPL-2025-11-19-1962,N
2025-11-19T12:13:35,182.131,158,AAPL-2025-11-19-1963,N
2025-11-19T12:13:40,182.168,250,AAPL-2025-11-19-1964,N
2025-11-19T12:13:45,182.155,310,AAPL-2025-11-19-1965,N
2025-11-19T12:13:50,182.195,235,AAPL-2025-11-19-1966,N
2025-11-19T12:13:55,182.219,249,AAPL-2025-11-19-1967,N
2025-11-19T12:14:00,182.183,209,AAPL-2025-11-19-1968,N
2025-11-19T12:14:05,182.197,179,AAPL-2025-11-19-1969,N
2025-11-19T12:14:10,182.214,261,AAPL-2025-11-19-1970,N
2025-11-19T12:14:15,182.198,197,AAPL-2025-11-19-1971,N
2025-11-19T12:14:20,182.168,110,AAPL-2025-11-19-1972,N
2025-11-19T12:14:25,182.197,198,AAPL-2025-11-19-1973,N
2025-11-19T12:14:30,182.199,150,AAPL-2025-11-19-1974,N
2025-11-19T12:14:35,182.192,254,AAPL-2025-11-19-1975,N
2025-11-19T12:14:40,182.192,201,AAPL-2025-11-19-1976,N
2025-11-19T12:14:45,182.199,138,AAPL-2025-11-19-1977,N
2025-11-19T12:14:50,182.222,137,AAPL-2025-11-19-1978,N
2025-11-19T12:14:55,182.188,147,AAPL-2025-11-19-1979,N
2025-11-19T12:15:00,182.182,182,AAPL-2025-11-19-1980,N
2025-11-19T12:15:05,182.182,154,AAPL-2025-11-19-1981,N
2025-11-19T12:15:10,182.218,241,AAPL-2025-11-19-1982,N
2025-11-19T12:15:15,182.212,176,AAPL-2025-11-19-1983,N
2025-11-19T12:15:20,182.191,184,AAPL-2025-11-19-1984,N
2025-11-19T12:15:25,182.14,152,AAPL-2025-11-19-1985,N
2025-11-19T12:15:30,182.171,215,AAPL-2025-11-19-1986,N
2025-11-19T12:15:35,182.231,185,AAPL-2025-11-19-1987,N
2025-11-19T12:15:40,182.217,179,AAPL-2025-11-19-1988,N
2025-11-19T12:15:45,182.206,167,AAPL-2025-11-19-1989,N
2025-11-19T12:15:50,182.216,201,AAPL-2025-11-19-1990,N
2025-11-19T12:15:55,182.197,262,AAPL-2025-11-19-1991,N
2025-11-19T12:16:00,182.266,258,AAPL-2025-11-19-1992,N
2025-11-19T12:16:05,182.286,238,AAPL-2025-11-19-1993,N
2025-11-19T12:16:10,182.354,238,AAPL-2025-11-19-1994,N
2025-11-19T12:16:15,182.333,219,AAPL-2025-11-19-1995,N
2025-11-19T12:16:20,182.356,150,AAPL-2025-11-19-1996,N
2025-11-19T12:16:25,182.345,255,AAPL-2025-11-19-1997,N
2025-11-19T12:16:30,182.279,137,AAPL-2025-11-19-1998,N
2025-11-19T12:16:35,182.272,217,AAPL-2025-11-19-1999,N
2025-11-19T12:16:40,182.223,193,AAPL-2025-11-19-2000,N
2025-11-19T12:16:45,182.265,203,AAPL-2025-11-19-2001,N
2025-11-19T12:16:50,182.299,170,AAPL-2025-11-19-2002,N
2025-11-19T12:16:55,182.27,242,AAPL-2025-11-19-2003,N
2025-11-19T12:17:00,182.283,140,AAPL-2025-11-19-2004,N
2025-11-19T12:17:05,182.254,278,AAPL-2025-11-19-2005,N
2025-11-19T12:17:10,182.22,246,AAPL-2025-11-19-2006,N
2025-11-19T12:17:15,182.203,199,AAPL-2025-11-19-2007,N
2025-11-19T12:17:20,182.213,94,AAPL-2025-11-19-2008,N
2025-11-19T12:17:25,182.16,204,AAPL-2025-11-19-2009,N
2025-11-19T12:17:30,182.134,249,AAPL-2025-11-19-2010,N
2025-11-19T12:17:35,182.075,228,AAPL-2025-11-19-2011,N
2025-11-19T12:17:40,182.025,182,AAPL-2025-11-19-2012,N
2025-11-19T12:17:45,181.986,295,AAPL-2025-11-19-2013,N
2025-11-19T12:17:50,181.938,193,AAPL-2025-11-19-2014,N
2025-11-19T12:17:55,181.875,279,AAPL-2025-11-19-2015,N
2025-11-19T12:18:00,181.889,206,AAPL-2025-11-19-2016,N
2025-11-19T12:18:05,181.943,207,AAPL-2025-11-19-2017,N
2025-11-19T12:18:10,181.951,206,AAPL-2025-11-19-2018,N
2025-11-19T12:18:15,181.972,175,AAPL-2025-11-19-2019,N
2025-11-19T12:18:20,181.964,240,AAPL-2025-11-19-2020,N
2025-11-19T12:18:25,181.974,194,AAPL-2025-11-19-2021,N
2025-11-19T12:18:30,181.923,274,AAPL-2025-11-19-2022,N
2025-11-19T12:18:35,181.899,249,AAPL-2025-11-19-2023,N
2025-11-19T12:18:40,181.905,135,AAPL-2025-11-19-2024,N
2025-11-19T12:18:45,181.951,212,AAPL-2025-11-19-2025,N
2025-11-19T12:18:50,181.999,190,AAPL-2025-11-19-2026,N
2025-11-19T12:18:55,182.025,111,AAPL-2025-11-19-2027,N
2025-11-19T12:19:00,182.007,136,AAPL-2025-11-19-2028,N
2025-11-19T12:19:05,181.993,223,AAPL-2025-11-19-2029,N
2025-11-19T12:19:10,181.971,243,AAPL-2025-11-19-2030,N
2025-11-19T12:19:15,181.94,244,AAPL-2025-11-19-2031,N
2025-11-19T12:19:20,181.988,250,AAPL-2025-11-19-2032,N
2025-11-19T12:19:25,181.975,93,AAPL-2025-11-19-2033,N
2025-11-19T12:19:30,181.996,193,AAPL-2025-11-19-2034,N
2025-11-19T12:19:35,181.961,172,AAPL-2025-11-19-2035,N
2025-11-19T12:19:40,182.013,143,AAPL-2025-11-19-2036,N
2025-11-19T12:19:45,182.03,210,AAPL-2025-11-19-2037,N
2025-11-19T12:19:50,182.017,232,AAPL-2025-11-19-2038,N
2025-11-19T12:19:55,182.076,185,AAPL-2025-11-19-2039,N
2025-11-19T12:20:00,182.067,231,AAPL-2025-11-19-2040,N
2025-11-19T12:20:05,182.101,193,AAPL-2025-11-19-2041,N
2025-11-19T12:20:10,182.09,89,AAPL-2025-11-19-2042,N
2025-11-19T12:20:15,182.061,143,AAPL-2025-11-19-2043,N
2025-11-19T12:20:20,182.086,187,AAPL-2025-11-19-2044,N
2025-11-19T12:20:25,182.076,199,AAPL-2025-11-19-2045,N
2025-11-19T12:20:30,182.044,277,AAPL-2025-11-19-2046,N
2025-11-19T12:20:35,182.092,280,AAPL-2025-11-19-2047,N
2025-11-19T12:20:40,182.117,198,AAPL-2025-11-19-2048,N
2025-11-19T12:20:45,182.175,165,AAPL-2025-11-19-2049,N
2025-11-19T12:20:50,182.144,169,AAPL-2025-11-19-2050,N
2025-11-19T12:20:55,182.163,161,AAPL-2025-11-19-2051,N
2025-11-19T12:21:00,182.157,119,AAPL-2025-11-19-2052,N
2025-11-19T12:21:05,182.175,124,AAPL-2025-11-19-2053,N
2025-11-19T12:21:10,182.141,260,AAPL-2025-11-19-2054,N
2025-11-19T12:21:15,182.184,218,AAPL-2025-11-19-2055,N
2025-11-19T12:21:20,182.194,173,AAPL-2025-11-19-2056,N
2025-11-19T12:21:25,182.165,181,AAPL-2025-11-19-2057,N
2025-11-19T12:21:30,182.11,212,AAPL-2025-11-19-2058,N
2025-11-19T12:21:35,182.112,153,AAPL-2025-11-19-2059,N
2025-11-19T12:21:40,182.169,230,AAPL-2025-11-19-2060,N
2025-11-19T12:21:45,182.194,175,AAPL-2025-11-19-2061,N
2025-11-19T12:21:50,182.194,231,AAPL-2025-11-19-2062,N
2025-11-19T12:21:55,182.2,280,AAPL-2025-11-19-2063,N
2025-11-19T12:22:00,182.192,174,AAPL-2025-11-19-2064,N
2025-11-19T12:22:05,182.216,136,AAPL-2025-11-19-2065,N
2025-11-19T12:22:10,182.249,134,AAPL-2025-11-19-2066,N
2025-11-19T12:22:15,182.273,167,AAPL-2025-11-19-2067,N
2025-11-19T12:22:20,182.29,245,AAPL-2025-11-19-2068,N
2025-11-19T12:22:25,182.296,140,AAPL-2025-11-19-2069,N
2025-11-19T12:22:30,182.263,163,AAPL-2025-11-19-2070,N
2025-11-19T12:22:35,182.194,256,AAPL-2025-11-19-2071,N
2025-11-19T12:22:40,182.198,143,AAPL-2025-11-19-2072,N
2025-11-19T12:22:45,182.251,164,AAPL-2025-11-19-2073,N
2025-11-19T12:22:50,182.26,158,AAPL-2025-11-19-2074,N
2025-11-19T12:22:55,182.186,131,AAPL-2025-11-19-2075,N
2025-11-19T12:23:00,182.17,244,AAPL-2025-11-19-2076,N
2025-11-19T12:23:05,182.183,207,AAPL-2025-11-19-2077,N
2025-11-19T12:23:10,182.109,263,AAPL-2025-11-19-2078,N
2025-11-19T12:23:15,182.118,194,AAPL-2025-11-19-2079,N
2025-11-19T12:23:20,182.159,262,AAPL-2025-11-19-2080,N
2025-11-19T12:23:25,182.201,187,AAPL-2025-11-19-2081,N
2025-11-19T12:23:30,182.164,249,AAPL-2025-11-19-2082,N
2025-11-19T12:23:35,182.115,297,AAPL-2025-11-19-2083,N
2025-11-19T12:23:40,182.116,146,AAPL-2025-11-19-2084,N
2025-11-19T12:23:45,182.071,136,AAPL-2025-11-19-2085,N
2025-11-19T12:23:50,182.076,199,AAPL-2025-11-19-2086,N
2025-11-19T12:23:55,182.031,182,AAPL-2025-11-19-2087,N
2025-11-19T12:24:00,181.981,229,AAPL-2025-11-19-2088,N
2025-11-19T12:24:05,181.979,181,AAPL-2025-11-19-2089,N
2025-11-19T12:24:10,181.932,184,AAPL-2025-11-19-2090,N
2025-11-19T12:24:15,181.917,215,AAPL-2025-11-19-2091,N
2025-11-19T12:24:20,181.923,239,AAPL-2025-11-19-2092,N
2025-11-19T12:24:25,181.906,106,AAPL-2025-11-19-2093,N
2025-11-19T12:24:30,181.942,153,AAPL-2025-11-19-2094,N
2025-11-19T12:24:35,181.901,197,AAPL-2025-11-19-2095,N
2025-11-19T12:24:40,181.912,173,AAPL-2025-11-19-2096,N
2025-11-19T12:24:45,181.893,180,AAPL-2025-11-19-2097,N
2025-11-19T12:24:50,181.944,199,AAPL-2025-11-19-2098,N
2025-11-19T12:24:55,181.909,152,AAPL-2025-11-19-2099,N
2025-11-19T12:25:00,181.9,211,AAPL-2025-11-19-2100,N
2025-11-19T12:25:05,181.917,206,AAPL-2025-11-19-2101,N
2025-11-19T12:25:10,181.887,178,AAPL-2025-11-19-2102,N
2025-11-19T12:25:15,181.914,142,AAPL-2025-11-19-2103,N
2025-11-19T12:25:20,181.897,229,AAPL-2025-11-19-2104,N
2025-11-19T12:25:25,181.928,190,AAPL-2025-11-19-2105,N
2025-11-19T12:25:30,181.913,133,AAPL-2025-11-19-2106,N
2025-11-19T12:25:35,181.933,265,AAPL-2025-11-19-2107,N
2025-11-19T12:25:40,182.026,219,AAPL-2025-11-19-2108,N
2025-11-19T12:25:45,182.024,154,AAPL-2025-11-19-2109,N
2025-11-19T12:25:50,181.956,208,AAPL-2025-11-19-2110,N
2025-11-19T12:25:55,182.041,263,AAPL-2025-11-19-2111,N
2025-11-19T12:26:00,182.082,212,AAPL-2025-11-19-2112,N
2025-11-19T12:26:05,182.095,78,AAPL-2025-11-19-2113,N
2025-11-19T12:26:10,182.123,171,AAPL-2025-11-19-2114,N
2025-11-19T12:26:15,182.097,183,AAPL-2025-11-19-2115,N
2025-11-19T12:26:20,182.084,164,AAPL-2025-11-19-2116,N
2025-11-19T12:26:25,182.085,172,AAPL-2025-11-19-2117,N
2025-11-19T12:26:30,182.088,125,AAPL-2025-11-19-2118,N
2025-11-19T12:26:35,182.081,145,AAPL-2025-11-19-2119,N
2025-11-19T12:26:40,182.057,207,AAPL-2025-11-19-2120,N
2025-11-19T12:26:45,181.999,158,AAPL-2025-11-19-2121,N
2025-11-19T12:26:50,182.019,129,AAPL-2025-11-19-2122,N
2025-11-19T12:26:55,182.084,260,AAPL-2025-11-19-2123,N
2025-11-19T12:27:00,182.066,160,AAPL-2025-11-19-2124,N
2025-11-19T12:27:05,182.074,127,AAPL-2025-11-19-2125,N
2025-11-19T12:27:10,182.001,177,AAPL-2025-11-19-2126,N
2025-11-19T12:27:15,181.996,204,AAPL-2025-11-19-2127,N
2025-11-19T12:27:20,181.973,263,AAPL-2025-11-19-2128,N
2025-11-19T12:27:25,181.919,143,AAPL-2025-11-19-2129,N
2025-11-19T12:27:30,181.937,141,AAPL-2025-11-19-2130,N
2025-11-19T12:27:35,181.893,206,AAPL-2025-11-19-2131,N
2025-11-19T12:27:40,181.855,193,AAPL-2025-11-19-2132,N
2025-11-19T12:27:45,181.829,156,AAPL-2025-11-19-2133,N
2025-11-19T12:27:50,181.753,206,AAPL-2025-11-19-2134,N
2025-11-19T12:27:55,181.707,191,AAPL-2025-11-19-2135,N
2025-11-19T12:28:00,181.689,189,AAPL-2025-11-19-2136,N
2025-11-19T12:28:05,181.683,209,AAPL-2025-11-19-2137,N
2025-11-19T12:28:10,181.657,262,AAPL-2025-11-19-2138,N
2025-11-19T12:28:15,181.59,188,AAPL-2025-11-19-2139,N
2025-11-19T12:28:20,181.62,223,AAPL-2025-11-19-2140,N
2025-11-19T12:28:25,181.585,159,AAPL-2025-11-19-2141,N
2025-11-19T12:28:30,181.548,229,AAPL-2025-11-19-2142,N
2025-11-19T12:28:35,181.521,212,AAPL-2025-11-19-2143,N
2025-11-19T12:28:40,181.531,318,AAPL-2025-11-19-2144,N
2025-11-19T12:28:45,181.542,159,AAPL-2025-11-19-2145,N
2025-11-19T12:28:50,181.489,186,AAPL-2025-11-19-2146,N
2025-11-19T12:28:55,181.485,89,AAPL-2025-11-19-2147,N
2025-11-19T12:29:00,181.459,214,AAPL-2025-11-19-2148,N
2025-11-19T12:29:05,181.44,248,AAPL-2025-11-19-2149,N
2025-11-19T12:29:10,181.383,233,AAPL-2025-11-19-2150,N
2025-11-19T12:29:15,181.416,247,AAPL-2025-11-19-2151,N
2025-11-19T12:29:20,181.36,215,AAPL-2025-11-19-2152,N
2025-11-19T12:29:25,181.335,129,AAPL-2025-11-19-2153,N
2025-11-19T12:29:30,181.32,154,AAPL-2025-11-19-2154,N
2025-11-19T12:29:35,181.354,225,AAPL-2025-11-19-2155,N
2025-11-19T12:29:40,181.312,163,AAPL-2025-11-19-2156,N
2025-11-19T12:29:45,181.298,196,AAPL-2025-11-19-2157,N
2025-11-19T12:29:50,181.335,234,AAPL-2025-11-19-2158,N
2025-11-19T12:29:55,181.336,186,AAPL-2025-11-19-2159,N
2025-11-19T12:30:00,181.272,264,AAPL-2025-11-19-2160,N
2025-11-19T12:30:05,181.256,277,AAPL-2025-11-19-2161,N
2025-11-19T12:30:10,181.263,301,AAPL-2025-11-19-2162,N
2025-11-19T12:30:15,181.285,128,AAPL-2025-11-19-2163,N
2025-11-19T12:30:20,181.263,191,AAPL-2025-11-19-2164,N
2025-11-19T12:30:25,181.231,181,AAPL-2025-11-19-2165,N
2025-11-19T12:30:30,181.181,200,AAPL-2025-11-19-2166,N
2025-11-19T12:30:35,181.19,149,AAPL-2025-11-19-2167,N
2025-11-19T12:30:40,181.26,203,AAPL-2025-11-19-2168,N
2025-11-19T12:30:45,181.231,118,AAPL-2025-11-19-2169,N
2025-11-19T12:30:50,181.233,186,AAPL-2025-11-19-2170,N
2025-11-19T12:30:55,181.261,192,AAPL-2025-11-19-2171,N
2025-11-19T12:31:00,181.218,283,AAPL-2025-11-19-2172,N
2025-11-19T12:31:05,181.234,187,AAPL-2025-11-19-2173,N
2025-11-19T12:31:10,181.24,223,AAPL-2025-11-19-2174,N
2025-11-19T12:31:15,181.188,207,AAPL-2025-11-19-2175,N
2025-11-19T12:31:20,181.172,225,AAPL-2025-11-19-2176,N
2025-11-19T12:31:25,181.145,169,AAPL-2025-11-19-2177,N
2025-11-19T12:31:30,181.205,261,AAPL-2025-11-19-2178,N
2025-11-19T12:31:35,181.086,257,AAPL-2025-11-19-2179,N
2025-11-19T12:31:40,181.083,164,AAPL-2025-11-19-2180,N
2025-11-19T12:31:45,181.047,152,AAPL-2025-11-19-2181,N
2025-11-19T12:31:50,181.022,143,AAPL-2025-11-19-2182,N
2025-11-19T12:31:55,180.973,147,AAPL-2025-11-19-2183,N
2025-11-19T12:32:00,180.985,202,AAPL-2025-11-19-2184,N
2025-11-19T12:32:05,181.005,196,AAPL-2025-11-19-2185,N
2025-11-19T12:32:10,180.957,224,AAPL-2025-11-19-2186,N
2025-11-19T12:32:15,180.921,232,AAPL-2025-11-19-2187,N
2025-11-19T12:32:20,180.879,165,AAPL-2025-11-19-2188,N
2025-11-19T12:32:25,180.866,233,AAPL-2025-11-19-2189,N
2025-11-19T12:32:30,180.872,201,AAPL-2025-11-19-2190,N
2025-11-19T12:32:35,180.94,108,AAPL-2025-11-19-2191,N
2025-11-19T12:32:40,180.903,145,AAPL-2025-11-19-2192,N
2025-11-19T12:32:45,180.839,164,AAPL-2025-11-19-2193,N
2025-11-19T12:32:50,180.864,170,AAPL-2025-11-19-2194,N
2025-11-19T12:32:55,180.852,113,AAPL-2025-11-19-2195,N
2025-11-19T12:33:00,180.823,176,AAPL-2025-11-19-2196,N
2025-11-19T12:33:05,180.846,116,AAPL-2025-11-19-2197,N
2025-11-19T12:33:10,180.83,254,AAPL-2025-11-19-2198,N
2025-11-19T12:33:15,180.813,94,AAPL-2025-11-19-2199,N
2025-11-19T12:33:20,180.86,236,AAPL-2025-11-19-2200,N
2025-11-19T12:33:25,180.891,112,AAPL-2025-11-19-2201,N
2025-11-19T12:33:30,180.946,161,AAPL-2025-11-19-2202,N
2025-11-19T12:33:35,180.927,164,AAPL-2025-11-19-2203,N
2025-11-19T12:33:40,180.962,191,AAPL-2025-11-19-2204,N
2025-11-19T12:33:45,180.979,203,AAPL-2025-11-19-2205,N
2025-11-19T12:33:50,180.976,152,AAPL-2025-11-19-2206,N
2025-11-19T12:33:55,181.041,126,AAPL-2025-11-19-2207,N
2025-11-19T12:34:00,181.056,218,AAPL-2025-11-19-2208,N
2025-11-19T12:34:05,181.098,269,AAPL-2025-11-19-2209,N
2025-11-19T12:34:10,181.093,226,AAPL-2025-11-19-2210,N
2025-11-19T12:34:15,181.157,196,AAPL-2025-11-19-2211,N
2025-11-19T12:34:20,181.118,180,AAPL-2025-11-19-2212,N
2025-11-19T12:34:25,181.071,218,AAPL-2025-11-19-2213,N
2025-11-19T12:34:30,181.11,193,AAPL-2025-11-19-2214,N
2025-11-19T12:34:35,181.051,251,AAPL-2025-11-19-2215,N
2025-11-19T12:34:40,180.987,122,AAPL-2025-11-19-2216,N
2025-11-19T12:34:45,180.98,212,AAPL-2025-11-19-2217,N
2025-11-19T12:34:50,180.995,196,AAPL-2025-11-19-2218,N
2025-11-19T12:34:55,181.059,203,AAPL-2025-11-19-2219,N
2025-11-19T12:35:00,181.097,239,AAPL-2025-11-19-2220,N
2025-11-19T12:35:05,181.05,191,AAPL-2025-11-19-2221,N
2025-11-19T12:35:10,181.127,174,AAPL-2025-11-19-2222,N
2025-11-19T12:35:15,181.102,208,AAPL-2025-11-19-2223,N
2025-11-19T12:35:20,181.085,160,AAPL-2025-11-19-2224,N
2025-11-19T12:35:25,181.068,271,AAPL-2025-11-19-2225,N
2025-11-19T12:35:30,181.063,133,AAPL-2025-11-19-2226,N
2025-11-19T12:35:35,181.008,310,AAPL-2025-11-19-2227,N
2025-11-19T12:35:40,181.0,221,AAPL-2025-11-19-2228,N
2025-11-19T12:35:45,180.972,216,AAPL-2025-11-19-2229,N
2025-11-19T12:35:50,181.025,167,AAPL-2025-11-19-2230,N
2025-11-19T12:35:55,181.041,129,AAPL-2025-11-19-2231,N
2025-11-19T12:36:00,181.115,213,AAPL-2025-11-19-2232,N
2025-11-19T12:36:05,181.1,185,AAPL-2025-11-19-2233,N
2025-11-19T12:36:10,181.081,177,AAPL-2025-11-19-2234,N
2025-11-19T12:36:15,180.993,195,AAPL-2025-11-19-2235,N
2025-11-19T12:36:20,180.988,224,AAPL-2025-11-19-2236,N
2025-11-19T12:36:25,180.969,161,AAPL-2025-11-19-2237,N
2025-11-19T12:36:30,180.968,119,AAPL-2025-11-19-2238,N
2025-11-19T12:36:35,180.974,106,AAPL-2025-11-19-2239,N
2025-11-19T12:36:40,181.014,234,AAPL-2025-11-19-2240,N
2025-11-19T12:36:45,180.981,233,AAPL-2025-11-19-2241,N
2025-11-19T12:36:50,180.985,149,AAPL-2025-11-19-2242,N
2025-11-19T12:36:55,180.911,215,AAPL-2025-11-19-2243,N
2025-11-19T12:37:00,180.883,254,AAPL-2025-11-19-2244,N
2025-11-19T12:37:05,180.883,165,AAPL-2025-11-19-2245,N
2025-11-19T12:37:10,180.948,228,AAPL-2025-11-19-2246,N
2025-11-19T12:37:15,180.816,175,AAPL-2025-11-19-2247,N
2025-11-19T12:37:20,180.766,160,AAPL-2025-11-19-2248,N
2025-11-19T12:37:25,180.761,217,AAPL-2025-11-19-2249,N
2025-11-19T12:37:30,180.77,253,AAPL-2025-11-19-2250,N
2025-11-19T12:37:35,180.793,228,AAPL-2025-11-19-2251,N
2025-11-19T12:37:40,180.8,264,AAPL-2025-11-19-2252,N
2025-11-19T12:37:45,180.789,185,AAPL-2025-11-19-2253,N
2025-11-19T12:37:50,180.72,252,AAPL-2025-11-19-2254,N
2025-11-19T12:37:55,180.717,346,AAPL-2025-11-19-2255,N
2025-11-19T12:38:00,180.703,204,AAPL-2025-11-19-2256,N
2025-11-19T12:38:05,180.722,144,AAPL-2025-11-19-2257,N
2025-11-19T12:38:10,180.735,201,AAPL-2025-11-19-2258,N
2025-11-19T12:38:15,180.724,258,AAPL-2025-11-19-2259,N
2025-11-19T12:38:20,180.692,213,AAPL-2025-11-19-2260,N
2025-11-19T12:38:25,180.744,164,AAPL-2025-11-19-2261,N
2025-11-19T12:38:30,180.734,317,AAPL-2025-11-19-2262,N
2025-11-19T12:38:35,180.751,174,AAPL-2025-11-19-2263,N
2025-11-19T12:38:40,180.78,171,AAPL-2025-11-19-2264,N
2025-11-19T12:38:45,180.723,268,AAPL-2025-11-19-2265,N
2025-11-19T12:38:50,180.683,322,AAPL-2025-11-19-2266,N
2025-11-19T12:38:55,180.666,306,AAPL-2025-11-19-2267,N
2025-11-19T12:39:00,180.616,251,AAPL-2025-11-19-2268,N
2025-11-19T12:39:05,180.634,241,AAPL-2025-11-19-2269,N
2025-11-19T12:39:10,180.669,175,AAPL-2025-11-19-2270,N
2025-11-19T12:39:15,180.622,197,AAPL-2025-11-19-2271,N
2025-11-19T12:39:20,180.63,176,AAPL-2025-11-19-2272,N
2025-11-19T12:39:25,180.64,216,AAPL-2025-11-19-2273,N
2025-11-19T12:39:30,180.607,219,AAPL-2025-11-19-2274,N
2025-11-19T12:39:35,180.597,165,AAPL-2025-11-19-2275,N
2025-11-19T12:39:40,180.626,161,AAPL-2025-11-19-2276,N
2025-11-19T12:39:45,180.609,203,AAPL-2025-11-19-2277,N
2025-11-19T12:39:50,180.659,209,AAPL-2025-11-19-2278,N
2025-11-19T12:39:55,180.678,185,AAPL-2025-11-19-2279,N
2025-11-19T12:40:00,180.675,197,AAPL-2025-11-19-2280,N
2025-11-19T12:40:05,180.686,185,AAPL-2025-11-19-2281,N
2025-11-19T12:40:10,180.734,181,AAPL-2025-11-19-2282,N
2025-11-19T12:40:15,180.673,337,AAPL-2025-11-19-2283,N
2025-11-19T12:40:20,180.661,265,AAPL-2025-11-19-2284,N
2025-11-19T12:40:25,180.711,247,AAPL-2025-11-19-2285,N
2025-11-19T12:40:30,180.704,214,AAPL-2025-11-19-2286,N
2025-11-19T12:40:35,180.658,299,AAPL-2025-11-19-2287,N
2025-11-19T12:40:40,180.627,187,AAPL-2025-11-19-2288,N
2025-11-19T12:40:45,180.631,194,AAPL-2025-11-19-2289,N
2025-11-19T12:40:50,180.607,269,AAPL-2025-11-19-2290,N
2025-11-19T12:40:55,180.642,216,AAPL-2025-11-19-2291,N
2025-11-19T12:41:00,180.627,253,AAPL-2025-11-19-2292,N
2025-11-19T12:41:05,180.61,278,AAPL-2025-11-19-2293,N
2025-11-19T12:41:10,180.614,261,AAPL-2025-11-19-2294,N
2025-11-19T12:41:15,180.61,203,AAPL-2025-11-19-2295,N
2025-11-19T12:41:20,180.655,309,AAPL-2025-11-19-2296,N
2025-11-19T12:41:25,180.711,243,AAPL-2025-11-19-2297,N
2025-11-19T12:41:30,180.732,174,AAPL-2025-11-19-2298,N
2025-11-19T12:41:35,180.743,154,AAPL-2025-11-19-2299,N
2025-11-19T12:41:40,180.757,222,AAPL-2025-11-19-2300,N
2025-11-19T12:41:45,180.686,201,AAPL-2025-11-19-2301,N
2025-11-19T12:41:50,180.701,195,AAPL-2025-11-19-2302,N
2025-11-19T12:41:55,180.714,132,AAPL-2025-11-19-2303,N
2025-11-19T12:42:00,180.686,251,AAPL-2025-11-19-2304,N
2025-11-19T12:42:05,180.686,216,AAPL-2025-11-19-2305,N
2025-11-19T12:42:10,180.666,200,AAPL-2025-11-19-2306,N
2025-11-19T12:42:15,180.583,242,AAPL-2025-11-19-2307,N
2025-11-19T12:42:20,180.648,146,AAPL-2025-11-19-2308,N
2025-11-19T12:42:25,180.614,222,AAPL-2025-11-19-2309,N
2025-11-19T12:42:30,180.667,199,AAPL-2025-11-19-2310,N
2025-11-19T12:42:35,180.623,189,AAPL-2025-11-19-2311,N
2025-11-19T12:42:40,180.586,166,AAPL-2025-11-19-2312,N
2025-11-19T12:42:45,180.575,153,AAPL-2025-11-19-2313,N
2025-11-19T12:42:50,180.546,203,AAPL-2025-11-19-2314,N
2025-11-19T12:42:55,180.554,128,AAPL-2025-11-19-2315,N
2025-11-19T12:43:00,180.569,180,AAPL-2025-11-19-2316,N
2025-11-19T12:43:05,180.595,239,AAPL-2025-11-19-2317,N
2025-11-19T12:43:10,180.575,230,AAPL-2025-11-19-2318,N
2025-11-19T12:43:15,180.545,266,AAPL-2025-11-19-2319,N
2025-11-19T12:43:20,180.516,217,AAPL-2025-11-19-2320,N
2025-11-19T12:43:25,180.509,149,AAPL-2025-11-19-2321,N
2025-11-19T12:43:30,180.542,169,AAPL-2025-11-19-2322,N
2025-11-19T12:43:35,180.48,55,AAPL-2025-11-19-2323,N
2025-11-19T12:43:40,180.449,268,AAPL-2025-11-19-2324,N
2025-11-19T12:43:45,180.494,164,AAPL-2025-11-19-2325,N
2025-11-19T12:43:50,180.48,176,AAPL-2025-11-19-2326,N
2025-11-19T12:43:55,180.432,152,AAPL-2025-11-19-2327,N
2025-11-19T12:44:00,180.468,225,AAPL-2025-11-19-2328,N
2025-11-19T12:44:05,180.478,133,AAPL-2025-11-19-2329,N
2025-11-19T12:44:10,180.481,84,AAPL-2025-11-19-2330,N
2025-11-19T12:44:15,180.512,212,AAPL-2025-11-19-2331,N
2025-11-19T12:44:20,180.463,280,AAPL-2025-11-19-2332,N
2025-11-19T12:44:25,180.398,226,AAPL-2025-11-19-2333,N
2025-11-19T12:44:30,180.418,138,AAPL-2025-11-19-2334,N
2025-11-19T12:44:35,180.417,118,AAPL-2025-11-19-2335,N
2025-11-19T12:44:40,180.314,146,AAPL-2025-11-19-2336,N
2025-11-19T12:44:45,180.292,232,AAPL-2025-11-19-2337,N
2025-11-19T12:44:50,180.294,204,AAPL-2025-11-19-2338,N
2025-11-19T12:44:55,180.258,173,AAPL-2025-11-19-2339,N
2025-11-19T12:45:00,180.224,138,AAPL-2025-11-19-2340,N
2025-11-19T12:45:05,180.203,203,AAPL-2025-11-19-2341,N
2025-11-19T12:45:10,180.182,183,AAPL-2025-11-19-2342,N
2025-11-19T12:45:15,180.207,174,AAPL-2025-11-19-2343,N
2025-11-19T12:45:20,180.159,228,AAPL-2025-11-19-2344,N
2025-11-19T12:45:25,180.169,216,AAPL-2025-11-19-2345,N
2025-11-19T12:45:30,180.191,222,AAPL-2025-11-19-2346,N
2025-11-19T12:45:35,180.192,319,AAPL-2025-11-19-2347,N
2025-11-19T12:45:40,180.146,170,AAPL-2025-11-19-2348,N
2025-11-19T12:45:45,180.181,207,AAPL-2025-11-19-2349,N
2025-11-19T12:45:50,180.208,208,AAPL-2025-11-19-2350,N
2025-11-19T12:45:55,180.258,149,AAPL-2025-11-19-2351,N
2025-11-19T12:46:00,180.306,258,AAPL-2025-11-19-2352,N
2025-11-19T12:46:05,180.263,231,AAPL-2025-11-19-2353,N
2025-11-19T12:46:10,180.261,169,AAPL-2025-11-19-2354,N
2025-11-19T12:46:15,180.193,149,AAPL-2025-11-19-2355,N
2025-11-19T12:46:20,180.218,240,AAPL-2025-11-19-2356,N
2025-11-19T12:46:25,180.211,240,AAPL-2025-11-19-2357,N
2025-11-19T12:46:30,180.245,207,AAPL-2025-11-19-2358,N
2025-11-19T12:46:35,180.219,222,AAPL-2025-11-19-2359,N
2025-11-19T12:46:40,180.236,233,AAPL-2025-11-19-2360,N
2025-11-19T12:46:45,180.268,131,AAPL-2025-11-19-2361,N
2025-11-19T12:46:50,180.249,105,AAPL-2025-11-19-2362,N
2025-11-19T12:46:55,180.276,189,AAPL-2025-11-19-2363,N
2025-11-19T12:47:00,180.292,126,AAPL-2025-11-19-2364,N
2025-11-19T12:47:05,180.342,140,AAPL-2025-11-19-2365,N
2025-11-19T12:47:10,180.37,205,AAPL-2025-11-19-2366,N
2025-11-19T12:47:15,180.363,186,AAPL-2025-11-19-2367,N
2025-11-19T12:47:20,180.34,264,AAPL-2025-11-19-2368,N
2025-11-19T12:47:25,180.341,136,AAPL-2025-11-19-2369,N
2025-11-19T12:47:30,180.327,206,AAPL-2025-11-19-2370,N
2025-11-19T12:47:35,180.359,169,AAPL-2025-11-19-2371,N
2025-11-19T12:47:40,180.34,201,AAPL-2025-11-19-2372,N
2025-11-19T12:47:45,180.371,131,AAPL-2025-11-19-2373,N
2025-11-19T12:47:50,180.39,176,AAPL-2025-11-19-2374,N
2025-11-19T12:47:55,180.378,300,AAPL-2025-11-19-2375,N
2025-11-19T12:48:00,180.371,237,AAPL-2025-11-19-2376,N
2025-11-19T12:48:05,180.397,140,AAPL-2025-11-19-2377,N
2025-11-19T12:48:10,180.33,241,AAPL-2025-11-19-2378,N
2025-11-19T12:48:15,180.291,116,AAPL-2025-11-19-2379,N
2025-11-19T12:48:20,180.328,149,AAPL-2025-11-19-2380,N
2025-11-19T12:48:25,180.3,298,AAPL-2025-11-19-2381,N
2025-11-19T12:48:30,180.24,137,AAPL-2025-11-19-2382,N
2025-11-19T12:48:35,180.224,187,AAPL-2025-11-19-2383,N
2025-11-19T12:48:40,180.192,142,AAPL-2025-11-19-2384,N
2025-11-19T12:48:45,180.246,213,AAPL-2025-11-19-2385,N
2025-11-19T12:48:50,180.267,193,AAPL-2025-11-19-2386,N
2025-11-19T12:48:55,180.278,246,AAPL-2025-11-19-2387,N
2025-11-19T12:49:00,180.242,213,AAPL-2025-11-19-2388,N
2025-11-19T12:49:05,180.267,277,AAPL-2025-11-19-2389,N
2025-11-19T12:49:10,180.337,203,AAPL-2025-11-19-2390,N
2025-11-19T12:49:15,180.378,66,AAPL-2025-11-19-2391,N
2025-11-19T12:49:20,180.434,163,AAPL-2025-11-19-2392,N
2025-11-19T12:49:25,180.425,222,AAPL-2025-11-19-2393,N
2025-11-19T12:49:30,180.42,209,AAPL-2025-11-19-2394,N
2025-11-19T12:49:35,180.477,180,AAPL-2025-11-19-2395,N
2025-11-19T12:49:40,180.438,290,AAPL-2025-11-19-2396,N
2025-11-19T12:49:45,180.457,296,AAPL-2025-11-19-2397,N
2025-11-19T12:49:50,180.488,133,AAPL-2025-11-19-2398,N
2025-11-19T12:49:55,180.511,150,AAPL-2025-11-19-2399,N
2025-11-19T12:50:00,180.512,196,AAPL-2025-11-19-2400,N
2025-11-19T12:50:05,180.453,159,AAPL-2025-11-19-2401,N
2025-11-19T12:50:10,180.533,211,AAPL-2025-11-19-2402,N
2025-11-19T12:50:15,180.526,290,AAPL-2025-11-19-2403,N
2025-11-19T12:50:20,180.512,195,AAPL-2025-11-19-2404,N
2025-11-19T12:50:25,180.548,179,AAPL-2025-11-19-2405,N
2025-11-19T12:50:30,180.521,87,AAPL-2025-11-19-2406,N
2025-11-19T12:50:35,180.487,152,AAPL-2025-11-19-2407,N
2025-11-19T12:50:40,180.493,169,AAPL-2025-11-19-2408,N
2025-11-19T12:50:45,180.571,147,AAPL-2025-11-19-2409,N
2025-11-19T12:50:50,180.621,210,AAPL-2025-11-19-2410,N
2025-11-19T12:50:55,180.65,237,AAPL-2025-11-19-2411,N
2025-11-19T12:51:00,180.57,199,AAPL-2025-11-19-2412,N
2025-11-19T12:51:05,180.561,143,AAPL-2025-11-19-2413,N
2025-11-19T12:51:10,180.577,285,AAPL-2025-11-19-2414,N
2025-11-19T12:51:15,180.481,173,AAPL-2025-11-19-2415,N
2025-11-19T12:51:20,180.436,203,AAPL-2025-11-19-2416,N
2025-11-19T12:51:25,180.424,169,AAPL-2025-11-19-2417,N
2025-11-19T12:51:30,180.449,281,AAPL-2025-11-19-2418,N
2025-11-19T12:51:35,180.545,163,AAPL-2025-11-19-2419,N
2025-11-19T12:51:40,180.479,227,AAPL-2025-11-19-2420,N
2025-11-19T12:51:45,180.537,240,AAPL-2025-11-19-2421,N
2025-11-19T12:51:50,180.595,188,AAPL-2025-11-19-2422,N
2025-11-19T12:51:55,180.573,205,AAPL-2025-11-19-2423,N
2025-11-19T12:52:00,180.562,233,AAPL-2025-11-19-2424,N
2025-11-19T12:52:05,180.597,252,AAPL-2025-11-19-2425,N
2025-11-19T12:52:10,180.615,212,AAPL-2025-11-19-2426,N
2025-11-19T12:52:15,180.644,101,AAPL-2025-11-19-2427,N
2025-11-19T12:52:20,180.651,202,AAPL-2025-11-19-2428,N
2025-11-19T12:52:25,180.659,195,AAPL-2025-11-19-2429,N
2025-11-19T12:52:30,180.675,171,AAPL-2025-11-19-2430,N
2025-11-19T12:52:35,180.715,223,AAPL-2025-11-19-2431,N
2025-11-19T12:52:40,180.721,165,AAPL-2025-11-19-2432,N
2025-11-19T12:52:45,180.75,210,AAPL-2025-11-19-2433,N
2025-11-19T12:52:50,180.723,197,AAPL-2025-11-19-2434,N
2025-11-19T12:52:55,180.746,227,AAPL-2025-11-19-2435,N
2025-11-19T12:53:00,180.763,204,AAPL-2025-11-19-2436,N
2025-11-19T12:53:05,180.8,261,AAPL-2025-11-19-2437,N
2025-11-19T12:53:10,180.827,170,AAPL-2025-11-19-2438,N
2025-11-19T12:53:15,180.789,172,AAPL-2025-11-19-2439,N
2025-11-19T12:53:20,180.859,214,AAPL-2025-11-19-2440,N
2025-11-19T12:53:25,180.936,193,AAPL-2025-11-19-2441,N
2025-11-19T12:53:30,180.927,196,AAPL-2025-11-19-2442,N
2025-11-19T12:53:35,180.924,161,AAPL-2025-11-19-2443,N
2025-11-19T12:53:40,180.882,225,AAPL-2025-11-19-2444,N
2025-11-19T12:53:45,180.92,322,AAPL-2025-11-19-2445,N
2025-11-19T12:53:50,180.905,182,AAPL-2025-11-19-2446,N
2025-11-19T12:53:55,180.877,256,AAPL-2025-11-19-2447,N
2025-11-19T12:54:00,180.906,156,AAPL-2025-11-19-2448,N
2025-11-19T12:54:05,180.874,247,AAPL-2025-11-19-2449,N
2025-11-19T12:54:10,180.887,237,AAPL-2025-11-19-2450,N
2025-11-19T12:54:15,180.855,106,AAPL-2025-11-19-2451,N
2025-11-19T12:54:20,180.824,234,AAPL-2025-11-19-2452,N
2025-11-19T12:54:25,180.9,178,AAPL-2025-11-19-2453,N
2025-11-19T12:54:30,180.982,241,AAPL-2025-11-19-2454,N
2025-11-19T12:54:35,180.932,210,AAPL-2025-11-19-2455,N
2025-11-19T12:54:40,180.963,78,AAPL-2025-11-19-2456,N
2025-11-19T12:54:45,180.987,258,AAPL-2025-11-19-2457,N
2025-11-19T12:54:50,181.001,196,AAPL-2025-11-19-2458,N
2025-11-19T12:54:55,180.995,188,AAPL-2025-11-19-2459,N
2025-11-19T12:55:00,180.952,165,AAPL-2025-11-19-2460,N
2025-11-19T12:55:05,180.937,205,AAPL-2025-11-19-2461,N
2025-11-19T12:55:10,180.917,156,AAPL-2025-11-19-2462,N
2025-11-19T12:55:15,180.945,218,AAPL-2025-11-19-2463,N
2025-11-19T12:55:20,180.925,225,AAPL-2025-11-19-2464,N
2025-11-19T12:55:25,180.909,203,AAPL-2025-11-19-2465,N
2025-11-19T12:55:30,180.944,169,AAPL-2025-11-19-2466,N
2025-11-19T12:55:35,180.901,192,AAPL-2025-11-19-2467,N
2025-11-19T12:55:40,180.852,186,AAPL-2025-11-19-2468,N
2025-11-19T12:55:45,180.842,76,AAPL-2025-11-19-2469,N
2025-11-19T12:55:50,180.861,190,AAPL-2025-11-19-2470,N
2025-11-19T12:55:55,180.904,210,AAPL-2025-11-19-2471,N
2025-11-19T12:56:00,180.931,259,AAPL-2025-11-19-2472,N
2025-11-19T12:56:05,180.926,199,AAPL-2025-11-19-2473,N
2025-11-19T12:56:10,180.869,261,AAPL-2025-11-19-2474,N
2025-11-19T12:56:15,180.864,149,AAPL-2025-11-19-2475,N
2025-11-19T12:56:20,180.89,91,AAPL-2025-11-19-2476,N
2025-11-19T12:56:25,180.875,245,AAPL-2025-11-19-2477,N
2025-11-19T12:56:30,180.859,164,AAPL-2025-11-19-2478,N
2025-11-19T12:56:35,180.844,99,AAPL-2025-11-19-2479,N
2025-11-19T12:56:40,180.87,193,AAPL-2025-11-19-2480,N
2025-11-19T12:56:45,180.86,186,AAPL-2025-11-19-2481,N
2025-11-19T12:56:50,180.86,232,AAPL-2025-11-19-2482,N
2025-11-19T12:56:55,180.859,131,AAPL-2025-11-19-2483,N
2025-11-19T12:57:00,180.879,224,AAPL-2025-11-19-2484,N
2025-11-19T12:57:05,180.887,253,AAPL-2025-11-19-2485,N
2025-11-19T12:57:10,180.888,255,AAPL-2025-11-19-2486,N
2025-11-19T12:57:15,180.939,229,AAPL-2025-11-19-2487,N
2025-11-19T12:57:20,180.912,193,AAPL-2025-11-19-2488,N
2025-11-19T12:57:25,180.957,125,AAPL-2025-11-19-2489,N
2025-11-19T12:57:30,180.942,182,AAPL-2025-11-19-2490,N
2025-11-19T12:57:35,180.911,243,AAPL-2025-11-19-2491,N
2025-11-19T12:57:40,180.925,164,AAPL-2025-11-19-2492,N
2025-11-19T12:57:45,180.947,192,AAPL-2025-11-19-2493,N
2025-11-19T12:57:50,180.914,164,AAPL-2025-11-19-2494,N
2025-11-19T12:57:55,180.93,246,AAPL-2025-11-19-2495,N
2025-11-19T12:58:00,180.913,227,AAPL-2025-11-19-2496,N
2025-11-19T12:58:05,180.97,137,AAPL-2025-11-19-2497,N
2025-11-19T12:58:10,180.983,241,AAPL-2025-11-19-2498,N
2025-11-19T12:58:15,180.979,261,AAPL-2025-11-19-2499,N
2025-11-19T12:58:20,181.059,217,AAPL-2025-11-19-2500,N
2025-11-19T12:58:25,181.05,248,AAPL-2025-11-19-2501,N
2025-11-19T12:58:30,181.081,74,AAPL-2025-11-19-2502,N
2025-11-19T12:58:35,181.081,180,AAPL-2025-11-19-2503,N
2025-11-19T12:58:40,181.095,190,AAPL-2025-11-19-2504,N
2025-11-19T12:58:45,181.092,156,AAPL-2025-11-19-2505,N
2025-11-19T12:58:50,181.119,282,AAPL-2025-11-19-2506,N
2025-11-19T12:58:55,181.088,130,AAPL-2025-11-19-2507,N
2025-11-19T12:59:00,181.089,198,AAPL-2025-11-19-2508,N
2025-11-19T12:59:05,181.131,138,AAPL-2025-11-19-2509,N
2025-11-19T12:59:10,181.112,92,AAPL-2025-11-19-2510,N
2025-11-19T12:59:15,181.161,212,AAPL-2025-11-19-2511,N
2025-11-19T12:59:20,181.145,133,AAPL-2025-11-19-2512,N
2025-11-19T12:59:25,181.1,220,AAPL-2025-11-19-2513,N
2025-11-19T12:59:30,181.06,205,AAPL-2025-11-19-2514,N
2025-11-19T12:59:35,181.134,182,AAPL-2025-11-19-2515,N
2025-11-19T12:59:40,181.099,219,AAPL-2025-11-19-2516,N
2025-11-19T12:59:45,181.055,285,AAPL-2025-11-19-2517,N
2025-11-19T12:59:50,181.105,191,AAPL-2025-11-19-2518,N
2025-11-19T12:59:55,181.073,178,AAPL-2025-11-19-2519,N
2025-11-19T13:00:00,181.062,219,AAPL-2025-11-19-2520,N
2025-11-19T13:00:05,181.1,148,AAPL-2025-11-19-2521,N
2025-11-19T13:00:10,181.137,230,AAPL-2025-11-19-2522,N
2025-11-19T13:00:15,181.118,145,AAPL-2025-11-19-2523,N
2025-11-19T13:00:20,181.122,147,AAPL-2025-11-19-2524,N
2025-11-19T13:00:25,181.159,143,AAPL-2025-11-19-2525,N
2025-11-19T13:00:30,181.179,195,AAPL-2025-11-19-2526,N
2025-11-19T13:00:35,181.159,194,AAPL-2025-11-19-2527,N
2025-11-19T13:00:40,181.198,140,AAPL-2025-11-19-2528,N
2025-11-19T13:00:45,181.183,162,AAPL-2025-11-19-2529,N
2025-11-19T13:00:50,181.182,165,AAPL-2025-11-19-2530,N
2025-11-19T13:00:55,181.118,147,AAPL-2025-11-19-2531,N
2025-11-19T13:01:00,181.177,212,AAPL-2025-11-19-2532,N
2025-11-19T13:01:05,181.185,185,AAPL-2025-11-19-2533,N
2025-11-19T13:01:10,181.183,178,AAPL-2025-11-19-2534,N
2025-11-19T13:01:15,181.202,205,AAPL-2025-11-19-2535,N
2025-11-19T13:01:20,181.159,212,AAPL-2025-11-19-2536,N
2025-11-19T13:01:25,181.07,220,AAPL-2025-11-19-2537,N
2025-11-19T13:01:30,181.019,195,AAPL-2025-11-19-2538,N
2025-11-19T13:01:35,180.976,200,AAPL-2025-11-19-2539,N
2025-11-19T13:01:40,180.997,275,AAPL-2025-11-19-2540,N
2025-11-19T13:01:45,180.941,248,AAPL-2025-11-19-2541,N
2025-11-19T13:01:50,180.946,177,AAPL-2025-11-19-2542,N
2025-11-19T13:01:55,180.974,188,AAPL-2025-11-19-2543,N
2025-11-19T13:02:00,180.999,150,AAPL-2025-11-19-2544,N
2025-11-19T13:02:05,180.977,247,AAPL-2025-11-19-2545,N
2025-11-19T13:02:10,181.03,198,AAPL-2025-11-19-2546,N
2025-11-19T13:02:15,180.929,190,AAPL-2025-11-19-2547,N
2025-11-19T13:02:20,180.931,188,AAPL-2025-11-19-2548,N
2025-11-19T13:02:25,180.943,176,AAPL-2025-11-19-2549,N
2025-11-19T13:02:30,180.973,141,AAPL-2025-11-19-2550,N
2025-11-19T13:02:35,181.018,277,AAPL-2025-11-19-2551,N
2025-11-19T13:02:40,180.985,154,AAPL-2025-11-19-2552,N
2025-11-19T13:02:45,181.0,140,AAPL-2025-11-19-2553,N
2025-11-19T13:02:50,180.982,255,AAPL-2025-11-19-2554,N
2025-11-19T13:02:55,181.009,299,AAPL-2025-11-19-2555,N
2025-11-19T13:03:00,181.015,169,AAPL-2025-11-19-2556,N
2025-11-19T13:03:05,181.017,192,AAPL-2025-11-19-2557,N
2025-11-19T13:03:10,181.012,198,AAPL-2025-11-19-2558,N
2025-11-19T13:03:15,180.978,214,AAPL-2025-11-19-2559,N
2025-11-19T13:03:20,180.927,164,AAPL-2025-11-19-2560,N
2025-11-19T13:03:25,180.923,87,AAPL-2025-11-19-2561,N
2025-11-19T13:03:30,180.95,97,AAPL-2025-11-19-2562,N
2025-11-19T13:03:35,180.975,135,AAPL-2025-11-19-2563,N
2025-11-19T13:03:40,180.96,225,AAPL-2025-11-19-2564,N
2025-11-19T13:03:45,181.04,205,AAPL-2025-11-19-2565,N
2025-11-19T13:03:50,180.968,247,AAPL-2025-11-19-2566,N
2025-11-19T13:03:55,180.959,203,AAPL-2025-11-19-2567,N
2025-11-19T13:04:00,180.98,88,AAPL-2025-11-19-2568,N
2025-11-19T13:04:05,180.98,179,AAPL-2025-11-19-2569,N
2025-11-19T13:04:10,181.024,236,AAPL-2025-11-19-2570,N
2025-11-19T13:04:15,180.965,263,AAPL-2025-11-19-2571,N
2025-11-19T13:04:20,180.981,122,AAPL-2025-11-19-2572,N
2025-11-19T13:04:25,180.983,251,AAPL-2025-11-19-2573,N
2025-11-19T13:04:30,180.939,268,AAPL-2025-11-19-2574,N
2025-11-19T13:04:35,180.885,160,AAPL-2025-11-19-2575,N
2025-11-19T13:04:40,180.851,268,AAPL-2025-11-19-2576,N
2025-11-19T13:04:45,180.833,141,AAPL-2025-11-19-2577,N
2025-11-19T13:04:50,180.849,233,AAPL-2025-11-19-2578,N
2025-11-19T13:04:55,180.873,186,AAPL-2025-11-19-2579,N
2025-11-19T13:05:00,180.882,167,AAPL-2025-11-19-2580,N
2025-11-19T13:05:05,180.943,257,AAPL-2025-11-19-2581,N
2025-11-19T13:05:10,180.982,239,AAPL-2025-11-19-2582,N
2025-11-19T13:05:15,181.001,137,AAPL-2025-11-19-2583,N
2025-11-19T13:05:20,181.024,205,AAPL-2025-11-19-2584,N
2025-11-19T13:05:25,181.07,240,AAPL-2025-11-19-2585,N
2025-11-19T13:05:30,181.09,115,AAPL-2025-11-19-2586,N
2025-11-19T13:05:35,181.086,172,AAPL-2025-11-19-2587,N
2025-11-19T13:05:40,181.095,179,AAPL-2025-11-19-2588,N
2025-11-19T13:05:45,181.085,222,AAPL-2025-11-19-2589,N
2025-11-19T13:05:50,181.07,206,AAPL-2025-11-19-2590,N
2025-11-19T13:05:55,181.015,158,AAPL-2025-11-19-2591,N
2025-11-19T13:06:00,181.039,138,AAPL-2025-11-19-2592,N
2025-11-19T13:06:05,181.084,248,AAPL-2025-11-19-2593,N
2025-11-19T13:06:10,181.074,349,AAPL-2025-11-19-2594,N
2025-11-19T13:06:15,181.119,152,AAPL-2025-11-19-2595,N
2025-11-19T13:06:20,181.146,203,AAPL-2025-11-19-2596,N
2025-11-19T13:06:25,181.118,146,AAPL-2025-11-19-2597,N
2025-11-19T13:06:30,181.154,170,AAPL-2025-11-19-2598,N
2025-11-19T13:06:35,181.15,153,AAPL-2025-11-19-2599,N
2025-11-19T13:06:40,181.123,193,AAPL-2025-11-19-2600,N
2025-11-19T13:06:45,181.137,70,AAPL-2025-11-19-2601,N
2025-11-19T13:06:50,181.138,162,AAPL-2025-11-19-2602,N
2025-11-19T13:06:55,181.189,347,AAPL-2025-11-19-2603,N
2025-11-19T13:07:00,181.176,113,AAPL-2025-11-19-2604,N
2025-11-19T13:07:05,181.18,189,AAPL-2025-11-19-2605,N
2025-11-19T13:07:10,181.251,283,AAPL-2025-11-19-2606,N
2025-11-19T13:07:15,181.283,170,AAPL-2025-11-19-2607,N
2025-11-19T13:07:20,181.307,213,AAPL-2025-11-19-2608,N
2025-11-19T13:07:25,181.316,122,AAPL-2025-11-19-2609,N
2025-11-19T13:07:30,181.354,205,AAPL-2025-11-19-2610,N
2025-11-19T13:07:35,181.351,169,AAPL-2025-11-19-2611,N
2025-11-19T13:07:40,181.322,215,AAPL-2025-11-19-2612,N
2025-11-19T13:07:45,181.259,239,AAPL-2025-11-19-2613,N
2025-11-19T13:07:50,181.22,97,AAPL-2025-11-19-2614,N
2025-11-19T13:07:55,181.286,157,AAPL-2025-11-19-2615,N
2025-11-19T13:08:00,181.26,256,AAPL-2025-11-19-2616,N
2025-11-19T13:08:05,181.327,123,AAPL-2025-11-19-2617,N
2025-11-19T13:08:10,181.293,155,AAPL-2025-11-19-2618,N
2025-11-19T13:08:15,181.327,281,AAPL-2025-11-19-2619,N
2025-11-19T13:08:20,181.287,270,AAPL-2025-11-19-2620,N
2025-11-19T13:08:25,181.262,216,AAPL-2025-11-19-2621,N
2025-11-19T13:08:30,181.216,193,AAPL-2025-11-19-2622,N
2025-11-19T13:08:35,181.212,184,AAPL-2025-11-19-2623,N
2025-11-19T13:08:40,181.226,149,AAPL-2025-11-19-2624,N
2025-11-19T13:08:45,181.194,221,AAPL-2025-11-19-2625,N
2025-11-19T13:08:50,181.242,198,AAPL-2025-11-19-2626,N
2025-11-19T13:08:55,181.26,237,AAPL-2025-11-19-2627,N
2025-11-19T13:09:00,181.291,152,AAPL-2025-11-19-2628,N
2025-11-19T13:09:05,181.262,165,AAPL-2025-11-19-2629,N
2025-11-19T13:09:10,181.332,225,AAPL-2025-11-19-2630,N
2025-11-19T13:09:15,181.349,218,AAPL-2025-11-19-2631,N
2025-11-19T13:09:20,181.301,296,AAPL-2025-11-19-2632,N
2025-11-19T13:09:25,181.319,236,AAPL-2025-11-19-2633,N
2025-11-19T13:09:30,181.255,238,AAPL-2025-11-19-2634,N
2025-11-19T13:09:35,181.242,133,AAPL-2025-11-19-2635,N
2025-11-19T13:09:40,181.207,136,AAPL-2025-11-19-2636,N
2025-11-19T13:09:45,181.161,203,AAPL-2025-11-19-2637,N
2025-11-19T13:09:50,181.147,216,AAPL-2025-11-19-2638,N
2025-11-19T13:09:55,181.207,193,AAPL-2025-11-19-2639,N
2025-11-19T13:10:00,181.126,187,AAPL-2025-11-19-2640,N
2025-11-19T13:10:05,181.169,195,AAPL-2025-11-19-2641,N
2025-11-19T13:10:10,181.225,222,AAPL-2025-11-19-2642,N
2025-11-19T13:10:15,181.158,205,AAPL-2025-11-19-2643,N
2025-11-19T13:10:20,181.169,254,AAPL-2025-11-19-2644,N
2025-11-19T13:10:25,181.235,245,AAPL-2025-11-19-2645,N
2025-11-19T13:10:30,181.251,233,AAPL-2025-11-19-2646,N
2025-11-19T13:10:35,181.245,126,AAPL-2025-11-19-2647,N
2025-11-19T13:10:40,181.246,218,AAPL-2025-11-19-2648,N
2025-11-19T13:10:45,181.202,266,AAPL-2025-11-19-2649,N
2025-11-19T13:10:50,181.239,131,AAPL-2025-11-19-2650,N
2025-11-19T13:10:55,181.288,184,AAPL-2025-11-19-2651,N
2025-11-19T13:11:00,181.26,253,AAPL-2025-11-19-2652,N
2025-11-19T13:11:05,181.258,294,AAPL-2025-11-19-2653,N
2025-11-19T13:11:10,181.227,113,AAPL-2025-11-19-2654,N
2025-11-19T13:11:15,181.217,239,AAPL-2025-11-19-2655,N
2025-11-19T13:11:20,181.184,133,AAPL-2025-11-19-2656,N
2025-11-19T13:11:25,181.192,126,AAPL-2025-11-19-2657,N
2025-11-19T13:11:30,181.203,182,AAPL-2025-11-19-2658,N
2025-11-19T13:11:35,181.221,130,AAPL-2025-11-19-2659,N
2025-11-19T13:11:40,181.268,190,AAPL-2025-11-19-2660,N
2025-11-19T13:11:45,181.296,247,AAPL-2025-11-19-2661,N
2025-11-19T13:11:50,181.254,244,AAPL-2025-11-19-2662,N
2025-11-19T13:11:55,181.202,131,AAPL-2025-11-19-2663,N
2025-11-19T13:12:00,181.273,255,AAPL-2025-11-19-2664,N
2025-11-19T13:12:05,181.348,181,AAPL-2025-11-19-2665,N
2025-11-19T13:12:10,181.352,226,AAPL-2025-11-19-2666,N
2025-11-19T13:12:15,181.352,162,AAPL-2025-11-19-2667,N
2025-11-19T13:12:20,181.319,210,AAPL-2025-11-19-2668,N
2025-11-19T13:12:25,181.28,145,AAPL-2025-11-19-2669,N
2025-11-19T13:12:30,181.295,195,AAPL-2025-11-19-2670,N
2025-11-19T13:12:35,181.329,178,AAPL-2025-11-19-2671,N
2025-11-19T13:12:40,181.308,221,AAPL-2025-11-19-2672,N
2025-11-19T13:12:45,181.278,167,AAPL-2025-11-19-2673,N
2025-11-19T13:12:50,181.256,189,AAPL-2025-11-19-2674,N
2025-11-19T13:12:55,181.32,131,AAPL-2025-11-19-2675,N
2025-11-19T13:13:00,181.367,236,AAPL-2025-11-19-2676,N
2025-11-19T13:13:05,181.424,356,AAPL-2025-11-19-2677,N
2025-11-19T13:13:10,181.476,246,AAPL-2025-11-19-2678,N
2025-11-19T13:13:15,181.428,140,AAPL-2025-11-19-2679,N
2025-11-19T13:13:20,181.441,115,AAPL-2025-11-19-2680,N
2025-11-19T13:13:25,181.464,93,AAPL-2025-11-19-2681,N
2025-11-19T13:13:30,181.505,183,AAPL-2025-11-19-2682,N
2025-11-19T13:13:35,181.51,162,AAPL-2025-11-19-2683,N
2025-11-19T13:13:40,181.441,261,AAPL-2025-11-19-2684,N
2025-11-19T13:13:45,181.489,182,AAPL-2025-11-19-2685,N
2025-11-19T13:13:50,181.514,180,AAPL-2025-11-19-2686,N
2025-11-19T13:13:55,181.524,237,AAPL-2025-11-19-2687,N
2025-11-19T13:14:00,181.544,267,AAPL-2025-11-19-2688,N
2025-11-19T13:14:05,181.563,201,AAPL-2025-11-19-2689,N
2025-11-19T13:14:10,181.535,176,AAPL-2025-11-19-2690,N
2025-11-19T13:14:15,181.565,124,AAPL-2025-11-19-2691,N
2025-11-19T13:14:20,181.605,185,AAPL-2025-11-19-2692,N
2025-11-19T13:14:25,181.575,145,AAPL-2025-11-19-2693,N
2025-11-19T13:14:30,181.6,199,AAPL-2025-11-19-2694,N
2025-11-19T13:14:35,181.657,136,AAPL-2025-11-19-2695,N
2025-11-19T13:14:40,181.636,195,AAPL-2025-11-19-2696,N
2025-11-19T13:14:45,181.609,200,AAPL-2025-11-19-2697,N
2025-11-19T13:14:50,181.621,224,AAPL-2025-11-19-2698,N
2025-11-19T13:14:55,181.675,134,AAPL-2025-11-19-2699,N
2025-11-19T13:15:00,181.688,167,AAPL-2025-11-19-2700,N
2025-11-19T13:15:05,181.703,221,AAPL-2025-11-19-2701,N
2025-11-19T13:15:10,181.667,154,AAPL-2025-11-19-2702,N
2025-11-19T13:15:15,181.686,201,AAPL-2025-11-19-2703,N
2025-11-19T13:15:20,181.678,232,AAPL-2025-11-19-2704,N
2025-11-19T13:15:25,181.705,173,AAPL-2025-11-19-2705,N
2025-11-19T13:15:30,181.674,136,AAPL-2025-11-19-2706,N
2025-11-19T13:15:35,181.675,128,AAPL-2025-11-19-2707,N
2025-11-19T13:15:40,181.678,260,AAPL-2025-11-19-2708,N
2025-11-19T13:15:45,181.666,173,AAPL-2025-11-19-2709,N
2025-11-19T13:15:50,181.738,275,AAPL-2025-11-19-2710,N
2025-11-19T13:15:55,181.71,206,AAPL-2025-11-19-2711,N
2025-11-19T13:16:00,181.722,210,AAPL-2025-11-19-2712,N
2025-11-19T13:16:05,181.788,204,AAPL-2025-11-19-2713,N
2025-11-19T13:16:10,181.797,234,AAPL-2025-11-19-2714,N
2025-11-19T13:16:15,181.84,246,AAPL-2025-11-19-2715,N
2025-11-19T13:16:20,181.86,122,AAPL-2025-11-19-2716,N
2025-11-19T13:16:25,181.842,240,AAPL-2025-11-19-2717,N
2025-11-19T13:16:30,181.851,241,AAPL-2025-11-19-2718,N
2025-11-19T13:16:35,181.92,141,AAPL-2025-11-19-2719,N
2025-11-19T13:16:40,181.961,183,AAPL-2025-11-19-2720,N
2025-11-19T13:16:45,181.995,197,AAPL-2025-11-19-2721,N
2025-11-19T13:16:50,182.073,206,AAPL-2025-11-19-2722,N
2025-11-19T13:16:55,182.049,220,AAPL-2025-11-19-2723,N
2025-11-19T13:17:00,182.061,256,AAPL-2025-11-19-2724,N
2025-11-19T13:17:05,182.077,323,AAPL-2025-11-19-2725,N
2025-11-19T13:17:10,182.073,195,AAPL-2025-11-19-2726,N
2025-11-19T13:17:15,182.051,204,AAPL-2025-11-19-2727,N
2025-11-19T13:17:20,182.06,214,AAPL-2025-11-19-2728,N
2025-11-19T13:17:25,182.062,169,AAPL-2025-11-19-2729,N
2025-11-19T13:17:30,182.03,181,AAPL-2025-11-19-2730,N
2025-11-19T13:17:35,182.072,267,AAPL-2025-11-19-2731,N
2025-11-19T13:17:40,182.069,152,AAPL-2025-11-19-2732,N
2025-11-19T13:17:45,182.066,304,AAPL-2025-11-19-2733,N
2025-11-19T13:17:50,182.102,227,AAPL-2025-11-19-2734,N
2025-11-19T13:17:55,182.137,277,AAPL-2025-11-19-2735,N
2025-11-19T13:18:00,182.095,180,AAPL-2025-11-19-2736,N
2025-11-19T13:18:05,182.076,229,AAPL-2025-11-19-2737,N
2025-11-19T13:18:10,182.082,237,AAPL-2025-11-19-2738,N
2025-11-19T13:18:15,182.063,268,AAPL-2025-11-19-2739,N
2025-11-19T13:18:20,182.061,234,AAPL-2025-11-19-2740,N
2025-11-19T13:18:25,182.104,255,AAPL-2025-11-19-2741,N
2025-11-19T13:18:30,182.118,240,AAPL-2025-11-19-2742,N
2025-11-19T13:18:35,182.181,225,AAPL-2025-11-19-2743,N
2025-11-19T13:18:40,182.154,229,AAPL-2025-11-19-2744,N
2025-11-19T13:18:45,182.153,82,AAPL-2025-11-19-2745,N
2025-11-19T13:18:50,182.17,205,AAPL-2025-11-19-2746,N
2025-11-19T13:18:55,182.212,162,AAPL-2025-11-19-2747,N
2025-11-19T13:19:00,182.157,208,AAPL-2025-11-19-2748,N
2025-11-19T13:19:05,182.171,204,AAPL-2025-11-19-2749,N
2025-11-19T13:19:10,182.172,146,AAPL-2025-11-19-2750,N
2025-11-19T13:19:15,182.167,182,AAPL-2025-11-19-2751,N
2025-11-19T13:19:20,182.206,218,AAPL-2025-11-19-2752,N
2025-11-19T13:19:25,182.196,286,AAPL-2025-11-19-2753,N
2025-11-19T13:19:30,182.186,227,AAPL-2025-11-19-2754,N
2025-11-19T13:19:35,182.18,281,AAPL-2025-11-19-2755,N
2025-11-19T13:19:40,182.183,205,AAPL-2025-11-19-2756,N
2025-11-19T13:19:45,182.178,209,AAPL-2025-11-19-2757,N
2025-11-19T13:19:50,182.222,242,AAPL-2025-11-19-2758,N
2025-11-19T13:19:55,182.223,285,AAPL-2025-11-19-2759,N
2025-11-19T13:20:00,182.254,178,AAPL-2025-11-19-2760,N
2025-11-19T13:20:05,182.204,179,AAPL-2025-11-19-2761,N
2025-11-19T13:20:10,182.219,229,AAPL-2025-11-19-2762,N
2025-11-19T13:20:15,182.269,145,AAPL-2025-11-19-2763,N
2025-11-19T13:20:20,182.253,141,AAPL-2025-11-19-2764,N
2025-11-19T13:20:25,182.204,168,AAPL-2025-11-19-2765,N
2025-11-19T13:20:30,182.217,238,AAPL-2025-11-19-2766,N
2025-11-19T13:20:35,182.183,159,AAPL-2025-11-19-2767,N
2025-11-19T13:20:40,182.118,210,AAPL-2025-11-19-2768,N
2025-11-19T13:20:45,182.091,283,AAPL-2025-11-19-2769,N
2025-11-19T13:20:50,182.106,191,AAPL-2025-11-19-2770,N
2025-11-19T13:20:55,182.083,125,AAPL-2025-11-19-2771,N
2025-11-19T13:21:00,182.033,168,AAPL-2025-11-19-2772,N
2025-11-19T13:21:05,182.007,150,AAPL-2025-11-19-2773,N
2025-11-19T13:21:10,182.021,225,AAPL-2025-11-19-2774,N
2025-11-19T13:21:15,182.005,296,AAPL-2025-11-19-2775,N
2025-11-19T13:21:20,181.941,202,AAPL-2025-11-19-2776,N
2025-11-19T13:21:25,181.933,172,AAPL-2025-11-19-2777,N
2025-11-19T13:21:30,181.908,199,AAPL-2025-11-19-2778,N
2025-11-19T13:21:35,181.899,180,AAPL-2025-11-19-2779,N
2025-11-19T13:21:40,181.852,119,AAPL-2025-11-19-2780,N
2025-11-19T13:21:45,181.842,179,AAPL-2025-11-19-2781,N
2025-11-19T13:21:50,181.834,194,AAPL-2025-11-19-2782,N
2025-11-19T13:21:55,181.815,189,AAPL-2025-11-19-2783,N
2025-11-19T13:22:00,181.784,276,AAPL-2025-11-19-2784,N
2025-11-19T13:22:05,181.755,181,AAPL-2025-11-19-2785,N
2025-11-19T13:22:10,181.729,162,AAPL-2025-11-19-2786,N
2025-11-19T13:22:15,181.73,194,AAPL-2025-11-19-2787,N
2025-11-19T13:22:20,181.713,185,AAPL-2025-11-19-2788,N
2025-11-19T13:22:25,181.687,220,AAPL-2025-11-19-2789,N
2025-11-19T13:22:30,181.762,156,AAPL-2025-11-19-2790,N
2025-11-19T13:22:35,181.776,202,AAPL-2025-11-19-2791,N
2025-11-19T13:22:40,181.8,234,AAPL-2025-11-19-2792,N
2025-11-19T13:22:45,181.808,198,AAPL-2025-11-19-2793,N
2025-11-19T13:22:50,181.792,161,AAPL-2025-11-19-2794,N
2025-11-19T13:22:55,181.789,135,AAPL-2025-11-19-2795,N
2025-11-19T13:23:00,181.767,255,AAPL-2025-11-19-2796,N
2025-11-19T13:23:05,181.771,244,AAPL-2025-11-19-2797,N
2025-11-19T13:23:10,181.824,191,AAPL-2025-11-19-2798,N
2025-11-19T13:23:15,181.831,184,AAPL-2025-11-19-2799,N
2025-11-19T13:23:20,181.802,152,AAPL-2025-11-19-2800,N
2025-11-19T13:23:25,181.833,210,AAPL-2025-11-19-2801,N
2025-11-19T13:23:30,181.9,248,AAPL-2025-11-19-2802,N
2025-11-19T13:23:35,181.873,242,AAPL-2025-11-19-2803,N
2025-11-19T13:23:40,181.862,260,AAPL-2025-11-19-2804,N
2025-11-19T13:23:45,181.844,147,AAPL-2025-11-19-2805,N
2025-11-19T13:23:50,181.815,162,AAPL-2025-11-19-2806,N
2025-11-19T13:23:55,181.785,171,AAPL-2025-11-19-2807,N
2025-11-19T13:24:00,181.816,289,AAPL-2025-11-19-2808,N
2025-11-19T13:24:05,181.768,263,AAPL-2025-11-19-2809,N
2025-11-19T13:24:10,181.75,217,AAPL-2025-11-19-2810,N
2025-11-19T13:24:15,181.69,226,AAPL-2025-11-19-2811,N
2025-11-19T13:24:20,181.617,215,AAPL-2025-11-19-2812,N
2025-11-19T13:24:25,181.627,209,AAPL-2025-11-19-2813,N
2025-11-19T13:24:30,181.6,227,AAPL-2025-11-19-2814,N
2025-11-19T13:24:35,181.614,189,AAPL-2025-11-19-2815,N
2025-11-19T13:24:40,181.639,195,AAPL-2025-11-19-2816,N
2025-11-19T13:24:45,181.658,193,AAPL-2025-11-19-2817,N
2025-11-19T13:24:50,181.666,228,AAPL-2025-11-19-2818,N
2025-11-19T13:24:55,181.651,138,AAPL-2025-11-19-2819,N
2025-11-19T13:25:00,181.661,259,AAPL-2025-11-19-2820,N
2025-11-19T13:25:05,181.672,215,AAPL-2025-11-19-2821,N
2025-11-19T13:25:10,181.671,236,AAPL-2025-11-19-2822,N
2025-11-19T13:25:15,181.664,177,AAPL-2025-11-19-2823,N
2025-11-19T13:25:20,181.704,173,AAPL-2025-11-19-2824,N
2025-11-19T13:25:25,181.736,255,AAPL-2025-11-19-2825,N
2025-11-19T13:25:30,181.757,137,AAPL-2025-11-19-2826,N
2025-11-19T13:25:35,181.758,189,AAPL-2025-11-19-2827,N
2025-11-19T13:25:40,181.74,207,AAPL-2025-11-19-2828,N
2025-11-19T13:25:45,181.768,177,AAPL-2025-11-19-2829,N
2025-11-19T13:25:50,181.762,187,AAPL-2025-11-19-2830,N
2025-11-19T13:25:55,181.804,187,AAPL-2025-11-19-2831,N
2025-11-19T13:26:00,181.759,121,AAPL-2025-11-19-2832,N
2025-11-19T13:26:05,181.772,161,AAPL-2025-11-19-2833,N
2025-11-19T13:26:10,181.796,133,AAPL-2025-11-19-2834,N
2025-11-19T13:26:15,181.777,133,AAPL-2025-11-19-2835,N
2025-11-19T13:26:20,181.793,232,AAPL-2025-11-19-2836,N
2025-11-19T13:26:25,181.805,145,AAPL-2025-11-19-2837,N
2025-11-19T13:26:30,181.778,211,AAPL-2025-11-19-2838,N
2025-11-19T13:26:35,181.717,187,AAPL-2025-11-19-2839,N
2025-11-19T13:26:40,181.772,191,AAPL-2025-11-19-2840,N
2025-11-19T13:26:45,181.718,169,AAPL-2025-11-19-2841,N
2025-11-19T13:26:50,181.695,307,AAPL-2025-11-19-2842,N
2025-11-19T13:26:55,181.755,236,AAPL-2025-11-19-2843,N
2025-11-19T13:27:00,181.743,260,AAPL-2025-11-19-2844,N
2025-11-19T13:27:05,181.701,253,AAPL-2025-11-19-2845,N
2025-11-19T13:27:10,181.735,192,AAPL-2025-11-19-2846,N
2025-11-19T13:27:15,181.777,177,AAPL-2025-11-19-2847,N
2025-11-19T13:27:20,181.731,248,AAPL-2025-11-19-2848,N
2025-11-19T13:27:25,181.728,230,AAPL-2025-11-19-2849,N
2025-11-19T13:27:30,181.794,163,AAPL-2025-11-19-2850,N
2025-11-19T13:27:35,181.788,278,AAPL-2025-11-19-2851,N
2025-11-19T13:27:40,181.813,165,AAPL-2025-11-19-2852,N
2025-11-19T13:27:45,181.778,173,AAPL-2025-11-19-2853,N
2025-11-19T13:27:50,181.751,211,AAPL-2025-11-19-2854,N
2025-11-19T13:27:55,181.754,213,AAPL-2025-11-19-2855,N
2025-11-19T13:28:00,181.724,196,AAPL-2025-11-19-2856,N
2025-11-19T13:28:05,181.649,207,AAPL-2025-11-19-2857,N
2025-11-19T13:28:10,181.691,128,AAPL-2025-11-19-2858,N
2025-11-19T13:28:15,181.709,169,AAPL-2025-11-19-2859,N
2025-11-19T13:28:20,181.738,207,AAPL-2025-11-19-2860,N
2025-11-19T13:28:25,181.753,203,AAPL-2025-11-19-2861,N
2025-11-19T13:28:30,181.801,217,AAPL-2025-11-19-2862,N
2025-11-19T13:28:35,181.776,204,AAPL-2025-11-19-2863,N
2025-11-19T13:28:40,181.762,208,AAPL-2025-11-19-2864,N
2025-11-19T13:28:45,181.747,166,AAPL-2025-11-19-2865,N
2025-11-19T13:28:50,181.754,202,AAPL-2025-11-19-2866,N
2025-11-19T13:28:55,181.793,179,AAPL-2025-11-19-2867,N
2025-11-19T13:29:00,181.721,181,AAPL-2025-11-19-2868,N
2025-11-19T13:29:05,181.662,220,AAPL-2025-11-19-2869,N
2025-11-19T13:29:10,181.601,150,AAPL-2025-11-19-2870,N
2025-11-19T13:29:15,181.588,277,AAPL-2025-11-19-2871,N
2025-11-19T13:29:20,181.549,200,AAPL-2025-11-19-2872,N
2025-11-19T13:29:25,181.57,274,AAPL-2025-11-19-2873,N
2025-11-19T13:29:30,181.598,254,AAPL-2025-11-19-2874,N
2025-11-19T13:29:35,181.629,139,AAPL-2025-11-19-2875,N
2025-11-19T13:29:40,181.643,242,AAPL-2025-11-19-2876,N
2025-11-19T13:29:45,181.608,171,AAPL-2025-11-19-2877,N
2025-11-19T13:29:50,181.579,238,AAPL-2025-11-19-2878,N
2025-11-19T13:29:55,181.576,183,AAPL-2025-11-19-2879,N
2025-11-19T13:30:00,181.53,196,AAPL-2025-11-19-2880,N
2025-11-19T13:30:05,181.509,212,AAPL-2025-11-19-2881,N
2025-11-19T13:30:10,181.467,208,AAPL-2025-11-19-2882,N
2025-11-19T13:30:15,181.451,137,AAPL-2025-11-19-2883,N
2025-11-19T13:30:20,181.403,141,AAPL-2025-11-19-2884,N
2025-11-19T13:30:25,181.396,206,AAPL-2025-11-19-2885,N
2025-11-19T13:30:30,181.406,215,AAPL-2025-11-19-2886,N
2025-11-19T13:30:35,181.378,252,AAPL-2025-11-19-2887,N
2025-11-19T13:30:40,181.362,222,AAPL-2025-11-19-2888,N
2025-11-19T13:30:45,181.356,218,AAPL-2025-11-19-2889,N
2025-11-19T13:30:50,181.348,219,AAPL-2025-11-19-2890,N
2025-11-19T13:30:55,181.348,240,AAPL-2025-11-19-2891,N
2025-11-19T13:31:00,181.318,111,AAPL-2025-11-19-2892,N
2025-11-19T13:31:05,181.283,253,AAPL-2025-11-19-2893,N
2025-11-19T13:31:10,181.277,204,AAPL-2025-11-19-2894,N
2025-11-19T13:31:15,181.239,203,AAPL-2025-11-19-2895,N
2025-11-19T13:31:20,181.202,156,AAPL-2025-11-19-2896,N
2025-11-19T13:31:25,181.188,222,AAPL-2025-11-19-2897,N
2025-11-19T13:31:30,181.208,228,AAPL-2025-11-19-2898,N
2025-11-19T13:31:35,181.15,199,AAPL-2025-11-19-2899,N
2025-11-19T13:31:40,181.143,123,AAPL-2025-11-19-2900,N
2025-11-19T13:31:45,181.144,187,AAPL-2025-11-19-2901,N
2025-11-19T13:31:50,181.162,204,AAPL-2025-11-19-2902,N
2025-11-19T13:31:55,181.142,246,AAPL-2025-11-19-2903,N
2025-11-19T13:32:00,181.062,196,AAPL-2025-11-19-2904,N
2025-11-19T13:32:05,180.998,154,AAPL-2025-11-19-2905,N
2025-11-19T13:32:10,181.017,136,AAPL-2025-11-19-2906,N
2025-11-19T13:32:15,180.965,319,AAPL-2025-11-19-2907,N
2025-11-19T13:32:20,180.916,282,AAPL-2025-11-19-2908,N
2025-11-19T13:32:25,180.91,173,AAPL-2025-11-19-2909,N
2025-11-19T13:32:30,180.93,266,AAPL-2025-11-19-2910,N
2025-11-19T13:32:35,180.889,174,AAPL-2025-11-19-2911,N
2025-11-19T13:32:40,180.92,214,AAPL-2025-11-19-2912,N
2025-11-19T13:32:45,180.959,225,AAPL-2025-11-19-2913,N
2025-11-19T13:32:50,181.025,208,AAPL-2025-11-19-2914,N
2025-11-19T13:32:55,181.033,216,AAPL-2025-11-19-2915,N
2025-11-19T13:33:00,181.028,242,AAPL-2025-11-19-2916,N
2025-11-19T13:33:05,181.036,239,AAPL-2025-11-19-2917,N
2025-11-19T13:33:10,181.07,221,AAPL-2025-11-19-2918,N
2025-11-19T13:33:15,181.089,149,AAPL-2025-11-19-2919,N
2025-11-19T13:33:20,181.069,242,AAPL-2025-11-19-2920,N
2025-11-19T13:33:25,181.12,102,AAPL-2025-11-19-2921,N
2025-11-19T13:33:30,181.1,201,AAPL-2025-11-19-2922,N
2025-11-19T13:33:35,181.068,158,AAPL-2025-11-19-2923,N
2025-11-19T13:33:40,181.085,279,AAPL-2025-11-19-2924,N
2025-11-19T13:33:45,181.011,191,AAPL-2025-11-19-2925,N
2025-11-19T13:33:50,181.028,239,AAPL-2025-11-19-2926,N
2025-11-19T13:33:55,181.04,288,AAPL-2025-11-19-2927,N
2025-11-19T13:34:00,181.041,265,AAPL-2025-11-19-2928,N
2025-11-19T13:34:05,181.017,202,AAPL-2025-11-19-2929,N
2025-11-19T13:34:10,180.974,245,AAPL-2025-11-19-2930,N
2025-11-19T13:34:15,180.969,217,AAPL-2025-11-19-2931,N
2025-11-19T13:34:20,180.958,229,AAPL-2025-11-19-2932,N
2025-11-19T13:34:25,180.972,150,AAPL-2025-11-19-2933,N
2025-11-19T13:34:30,180.938,198,AAPL-2025-11-19-2934,N
2025-11-19T13:34:35,180.962,293,AAPL-2025-11-19-2935,N
2025-11-19T13:34:40,180.973,250,AAPL-2025-11-19-2936,N
2025-11-19T13:34:45,180.915,300,AAPL-2025-11-19-2937,N
2025-11-19T13:34:50,180.937,197,AAPL-2025-11-19-2938,N
2025-11-19T13:34:55,180.931,144,AAPL-2025-11-19-2939,N
2025-11-19T13:35:00,180.901,295,AAPL-2025-11-19-2940,N
2025-11-19T13:35:05,180.865,149,AAPL-2025-11-19-2941,N
2025-11-19T13:35:10,180.84,140,AAPL-2025-11-19-2942,N
2025-11-19T13:35:15,180.84,254,AAPL-2025-11-19-2943,N
2025-11-19T13:35:20,180.818,131,AAPL-2025-11-19-2944,N
2025-11-19T13:35:25,180.829,197,AAPL-2025-11-19-2945,N
2025-11-19T13:35:30,180.865,177,AAPL-2025-11-19-2946,N
2025-11-19T13:35:35,180.856,192,AAPL-2025-11-19-2947,N
2025-11-19T13:35:40,180.859,180,AAPL-2025-11-19-2948,N
2025-11-19T13:35:45,180.839,107,AAPL-2025-11-19-2949,N
2025-11-19T13:35:50,180.818,235,AAPL-2025-11-19-2950,N
2025-11-19T13:35:55,180.849,176,AAPL-2025-11-19-2951,N
2025-11-19T13:36:00,180.896,198,AAPL-2025-11-19-2952,N
2025-11-19T13:36:05,180.848,117,AAPL-2025-11-19-2953,N
2025-11-19T13:36:10,180.892,181,AAPL-2025-11-19-2954,N
2025-11-19T13:36:15,180.848,87,AAPL-2025-11-19-2955,N
2025-11-19T13:36:20,180.834,220,AAPL-2025-11-19-2956,N
2025-11-19T13:36:25,180.808,147,AAPL-2025-11-19-2957,N
2025-11-19T13:36:30,180.788,262,AAPL-2025-11-19-2958,N
2025-11-19T13:36:35,180.738,167,AAPL-2025-11-19-2959,N
2025-11-19T13:36:40,180.782,224,AAPL-2025-11-19-2960,N
2025-11-19T13:36:45,180.788,167,AAPL-2025-11-19-2961,N
2025-11-19T13:36:50,180.789,173,AAPL-2025-11-19-2962,N
2025-11-19T13:36:55,180.758,145,AAPL-2025-11-19-2963,N
2025-11-19T13:37:00,180.787,196,AAPL-2025-11-19-2964,N
2025-11-19T13:37:05,180.798,207,AAPL-2025-11-19-2965,N
2025-11-19T13:37:10,180.814,187,AAPL-2025-11-19-2966,N
2025-11-19T13:37:15,180.797,159,AAPL-2025-11-19-2967,N
2025-11-19T13:37:20,180.746,143,AAPL-2025-11-19-2968,N
2025-11-19T13:37:25,180.732,119,AAPL-2025-11-19-2969,N
2025-11-19T13:37:30,180.682,252,AAPL-2025-11-19-2970,N
2025-11-19T13:37:35,180.69,177,AAPL-2025-11-19-2971,N
2025-11-19T13:37:40,180.773,117,AAPL-2025-11-19-2972,N
2025-11-19T13:37:45,180.808,194,AAPL-2025-11-19-2973,N
2025-11-19T13:37:50,180.836,205,AAPL-2025-11-19-2974,N
2025-11-19T13:37:55,180.768,204,AAPL-2025-11-19-2975,N
2025-11-19T13:38:00,180.781,90,AAPL-2025-11-19-2976,N
2025-11-19T13:38:05,180.851,215,AAPL-2025-11-19-2977,N
2025-11-19T13:38:10,180.875,141,AAPL-2025-11-19-2978,N
2025-11-19T13:38:15,180.9,254,AAPL-2025-11-19-2979,N
2025-11-19T13:38:20,180.909,199,AAPL-2025-11-19-2980,N
2025-11-19T13:38:25,180.877,189,AAPL-2025-11-19-2981,N
2025-11-19T13:38:30,180.858,228,AAPL-2025-11-19-2982,N
2025-11-19T13:38:35,180.828,228,AAPL-2025-11-19-2983,N
2025-11-19T13:38:40,180.797,186,AAPL-2025-11-19-2984,N
2025-11-19T13:38:45,180.82,164,AAPL-2025-11-19-2985,N
2025-11-19T13:38:50,180.843,227,AAPL-2025-11-19-2986,N
2025-11-19T13:38:55,180.833,258,AAPL-2025-11-19-2987,N
2025-11-19T13:39:00,180.836,255,AAPL-2025-11-19-2988,N
2025-11-19T13:39:05,180.901,187,AAPL-2025-11-19-2989,N
2025-11-19T13:39:10,180.924,168,AAPL-2025-11-19-2990,N
2025-11-19T13:39:15,180.887,190,AAPL-2025-11-19-2991,N
2025-11-19T13:39:20,180.838,153,AAPL-2025-11-19-2992,N
2025-11-19T13:39:25,180.859,174,AAPL-2025-11-19-2993,N
2025-11-19T13:39:30,180.885,214,AAPL-2025-11-19-2994,N
2025-11-19T13:39:35,180.952,226,AAPL-2025-11-19-2995,N
2025-11-19T13:39:40,180.992,220,AAPL-2025-11-19-2996,N
2025-11-19T13:39:45,181.003,258,AAPL-2025-11-19-2997,N
2025-11-19T13:39:50,181.028,210,AAPL-2025-11-19-2998,N
2025-11-19T13:39:55,181.035,226,AAPL-2025-11-19-2999,N
