ts_exchange,price,size,trade_id,cond
2025-11-20T09:30:00,180.042,106,AAPL-2025-11-20-0,N
2025-11-20T09:30:05,180.03,197,AAPL-2025-11-20-1,N
2025-11-20T09:30:10,180.031,209,AAPL-2025-11-20-2,N
2025-11-20T09:30:15,180.053,198,AAPL-2025-11-20-3,N
2025-11-20T09:30:20,180.04,179,AAPL-2025-11-20-4,N
2025-11-20T09:30:25,180.018,239,AAPL-2025-11-20-5,N
2025-11-20T09:30:30,179.994,242,AAPL-2025-11-20-6,N
2025-11-20T09:30:35,179.995,173,AAPL-2025-11-20-7,N
2025-11-20T09:30:40,180.017,163,AAPL-2025-11-20-8,N
2025-11-20T09:30:45,180.04,210,AAPL-2025-11-20-9,N
2025-11-20T09:30:50,180.019,226,AAPL-2025-11-20-10,N
2025-11-20T09:30:55,180.039,257,AAPL-2025-11-20-11,N
2025-11-20T09:31:00,180.073,224,AAPL-2025-11-20-12,N
2025-11-20T09:31:05,180.033,322,AAPL-2025-11-20-13,N
2025-11-20T09:31:10,179.982,247,AAPL-2025-11-20-14,N
2025-11-20T09:31:15,179.998,141,AAPL-2025-11-20-15,N
2025-11-20T09:31:20,179.993,196,AAPL-2025-11-20-16,N
2025-11-20T09:31:25,180.04,164,AAPL-2025-11-20-17,N
2025-11-20T09:31:30,180.031,83,AAPL-2025-11-20-18,N
2025-11-20T09:31:35,180.093,146,AAPL-2025-11-20-19,N
2025-11-20T09:31:40,180.105,194,AAPL-2025-11-20-20,N
2025-11-20T09:31:45,180.102,240,AAPL-2025-11-20-21,N
2025-11-20T09:31:50,180.162,212,AAPL-2025-11-20-22,N
2025-11-20T09:31:55,180.185,216,AAPL-2025-11-20-23,N
2025-11-20T09:32:00,180.222,176,AAPL-2025-11-20-24,N
2025-11-20T09:32:05,180.261,255,AAPL-2025-11-20-25,N
2025-11-20T09:32:10,180.3,166,AAPL-2025-11-20-26,N
2025-11-20T09:32:15,180.294,211,AAPL-2025-11-20-27,N
2025-11-20T09:32:20,180.244,279,AAPL-2025-11-20-28,N
2025-11-20T09:32:25,180.244,214,AAPL-2025-11-20-29,N
2025-11-20T09:32:30,180.223,133,AAPL-2025-11-20-30,N
2025-11-20T09:32:35,180.201,210,AAPL-2025-11-20-31,N
2025-11-20T09:32:40,180.226,208,AAPL-2025-11-20-32,N
2025-11-20T09:32:45,180.238,183,AAPL-2025-11-20-33,N
2025-11-20T09:32:50,180.256,274,AAPL-2025-11-20-34,N
2025-11-20T09:32:55,180.281,240,AAPL-2025-11-20-35,N
2025-11-20T09:33:00,180.292,124,AAPL-2025-11-20-36,N
2025-11-20T09:33:05,180.254,222,AAPL-2025-11-20-37,N
2025-11-20T09:33:10,180.254,221,AAPL-2025-11-20-38,N
2025-11-20T09:33:15,180.314,236,AAPL-2025-11-20-39,N
2025-11-20T09:33:20,180.36,204,AAPL-2025-11-20-40,N
2025-11-20T09:33:25,180.331,197,AAPL-2025-11-20-41,N
2025-11-20T09:33:30,180.302,277,AAPL-2025-11-20-42,N
2025-11-20T09:33:35,180.33,226,AAPL-2025-11-20-43,N
2025-11-20T09:33:40,180.375,98,AAPL-2025-11-20-44,N
2025-11-20T09:33:45,180.396,134,AAPL-2025-11-20-45,N
2025-11-20T09:33:50,180.396,184,AAPL-2025-11-20-46,N
2025-11-20T09:33:55,180.42,211,AAPL-2025-11-20-47,N
2025-11-20T09:34:00,180.468,169,AAPL-2025-11-20-48,N
2025-11-20T09:34:05,180.494,208,AAPL-2025-11-20-49,N
2025-11-20T09:34:10,180.435,154,AAPL-2025-11-20-50,N
2025-11-20T09:34:15,180.429,255,AAPL-2025-11-20-51,N
2025-11-20T09:34:20,180.446,141,AAPL-2025-11-20-52,N
2025-11-20T09:34:25,180.441,300,AAPL-2025-11-20-53,N
2025-11-20T09:34:30,180.445,183,AAPL-2025-11-20-54,N
2025-11-20T09:34:35,180.463,238,AAPL-2025-11-20-55,N
2025-11-20T09:34:40,180.446,225,AAPL-2025-11-20-56,N
2025-11-20T09:34:45,180.434,235,AAPL-2025-11-20-57,N
2025-11-20T09:34:50,180.44,224,AAPL-2025-11-20-58,N
2025-11-20T09:34:55,180.413,158,AAPL-2025-11-20-59,N
2025-11-20T09:35:00,180.447,196,AAPL-2025-11-20-60,N
2025-11-20T09:35:05,180.457,184,AAPL-2025-11-20-61,N
2025-11-20T09:35:10,180.49,169,AAPL-2025-11-20-62,N
2025-11-20T09:35:15,180.485,239,AAPL-2025-11-20-63,N
2025-11-20T09:35:20,180.527,173,AAPL-2025-11-20-64,N
2025-11-20T09:35:25,180.598,215,AAPL-2025-11-20-65,N
2025-11-20T09:35:30,180.56,218,AAPL-2025-11-20-66,N
2025-11-20T09:35:35,180.547,221,AAPL-2025-11-20-67,N
2025-11-20T09:35:40,180.545,203,AAPL-2025-11-20-68,N
2025-11-20T09:35:45,180.512,249,AAPL-2025-11-20-69,N
2025-11-20T09:35:50,180.47,144,AAPL-2025-11-20-70,N
2025-11-20T09:35:55,180.484,280,AAPL-2025-11-20-71,N
2025-11-20T09:36:00,180.471,235,AAPL-2025-11-20-72,N
2025-11-20T09:36:05,180.51,240,AAPL-2025-11-20-73,N
2025-11-20T09:36:10,180.498,145,AAPL-2025-11-20-74,N
2025-11-20T09:36:15,180.419,186,AAPL-2025-11-20-75,N
2025-11-20T09:36:20,180.461,143,AAPL-2025-11-20-76,N
2025-11-20T09:36:25,180.487,152,AAPL-2025-11-20-77,N
2025-11-20T09:36:30,180.49,235,AAPL-2025-11-20-78,N
2025-11-20T09:36:35,180.467,208,AAPL-2025-11-20-79,N
2025-11-20T09:36:40,180.452,235,AAPL-2025-11-20-80,N
2025-11-20T09:36:45,180.46,202,AAPL-2025-11-20-81,N
2025-11-20T09:36:50,180.516,233,AAPL-2025-11-20-82,N
2025-11-20T09:36:55,180.491,195,AAPL-2025-11-20-83,N
2025-11-20T09:37:00,180.489,204,AAPL-2025-11-20-84,N
2025-11-20T09:37:05,180.58,218,AAPL-2025-11-20-85,N
2025-11-20T09:37:10,180.506,172,AAPL-2025-11-20-86,N
2025-11-20T09:37:15,180.436,183,AAPL-2025-11-20-87,N
2025-11-20T09:37:20,180.365,156,AAPL-2025-11-20-88,N
2025-11-20T09:37:25,180.31,219,AAPL-2025-11-20-89,N
2025-11-20T09:37:30,180.31,215,AAPL-2025-11-20-90,N
2025-11-20T09:37:35,180.306,130,AAPL-2025-11-20-91,N
2025-11-20T09:37:40,180.325,296,AAPL-2025-11-20-92,N
2025-11-20T09:37:45,180.339,178,AAPL-2025-11-20-93,N
2025-11-20T09:37:50,180.288,154,AAPL-2025-11-20-94,N
2025-11-20T09:37:55,180.304,253,AAPL-2025-11-20-95,N
2025-11-20T09:38:00,180.314,239,AAPL-2025-11-20-96,N
2025-11-20T09:38:05,180.339,225,AAPL-2025-11-20-97,N
2025-11-20T09:38:10,180.315,208,AAPL-2025-11-20-98,N
2025-11-20T09:38:15,180.285,200,AAPL-2025-11-20-99,N
2025-11-20T09:38:20,180.297,283,AAPL-2025-11-20-100,N
2025-11-20T09:38:25,180.25,224,AAPL-2025-11-20-101,N
2025-11-20T09:38:30,180.303,237,AAPL-2025-11-20-102,N
2025-11-20T09:38:35,180.333,229,AAPL-2025-11-20-103,N
2025-11-20T09:38:40,180.38,145,AAPL-2025-11-20-104,N
2025-11-20T09:38:45,180.33,199,AAPL-2025-11-20-105,N
2025-11-20T09:38:50,180.252,261,AAPL-2025-11-20-106,N
2025-11-20T09:38:55,180.296,178,AAPL-2025-11-20-107,N
2025-11-20T09:39:00,180.282,196,AAPL-2025-11-20-108,N
2025-11-20T09:39:05,180.284,206,AAPL-2025-11-20-109,N
2025-11-20T09:39:10,180.304,191,AAPL-2025-11-20-110,N
2025-11-20T09:39:15,180.339,222,AAPL-2025-11-20-111,N
2025-11-20T09:39:20,180.317,266,AAPL-2025-11-20-112,N
2025-11-20T09:39:25,180.268,195,AAPL-2025-11-20-113,N
2025-11-20T09:39:30,180.302,163,AAPL-2025-11-20-114,N
2025-11-20T09:39:35,180.314,227,AAPL-2025-11-20-115,N
2025-11-20T09:39:40,180.283,196,AAPL-2025-11-20-116,N
2025-11-20T09:39:45,180.277,172,AAPL-2025-11-20-117,N
2025-11-20T09:39:50,180.36,161,AAPL-2025-11-20-118,N
2025-11-20T09:39:55,180.396,180,AAPL-2025-11-20-119,N
2025-11-20T09:40:00,180.357,205,AAPL-2025-11-20-120,N
2025-11-20T09:40:05,180.38,246,AAPL-2025-11-20-121,N
2025-11-20T09:40:10,180.437,347,AAPL-2025-11-20-122,N
2025-11-20T09:40:15,180.446,166,AAPL-2025-11-20-123,N
2025-11-20T09:40:20,180.462,186,AAPL-2025-11-20-124,N
2025-11-20T09:40:25,180.496,135,AAPL-2025-11-20-125,N
2025-11-20T09:40:30,180.581,242,AAPL-2025-11-20-126,N
2025-11-20T09:40:35,180.52,164,AAPL-2025-11-20-127,N
2025-11-20T09:40:40,180.55,258,AAPL-2025-11-20-128,N
2025-11-20T09:40:45,180.504,235,AAPL-2025-11-20-129,N
2025-11-20T09:40:50,180.433,195,AAPL-2025-11-20-130,N
2025-11-20T09:40:55,180.474,172,AAPL-2025-11-20-131,N
2025-11-20T09:41:00,180.419,207,AAPL-2025-11-20-132,N
2025-11-20T09:41:05,180.397,231,AAPL-2025-11-20-133,N
2025-11-20T09:41:10,180.365,161,AAPL-2025-11-20-134,N
2025-11-20T09:41:15,180.293,208,AAPL-2025-11-20-135,N
2025-11-20T09:41:20,180.287,140,AAPL-2025-11-20-136,N
2025-11-20T09:41:25,180.294,251,AAPL-2025-11-20-137,N
2025-11-20T09:41:30,180.286,213,AAPL-2025-11-20-138,N
2025-11-20T09:41:35,180.296,139,AAPL-2025-11-20-139,N
2025-11-20T09:41:40,180.37,176,AAPL-2025-11-20-140,N
2025-11-20T09:41:45,180.394,238,AAPL-2025-11-20-141,N
2025-11-20T09:41:50,180.389,230,AAPL-2025-11-20-142,N
2025-11-20T09:41:55,180.397,129,AAPL-2025-11-20-143,N
2025-11-20T09:42:00,180.385,169,AAPL-2025-11-20-144,N
2025-11-20T09:42:05,180.369,134,AAPL-2025-11-20-145,N
2025-11-20T09:42:10,180.409,280,AAPL-2025-11-20-146,N
2025-11-20T09:42:15,180.445,263,AAPL-2025-11-20-147,N
2025-11-20T09:42:20,180.432,168,AAPL-2025-11-20-148,N
2025-11-20T09:42:25,180.404,232,AAPL-2025-11-20-149,N
2025-11-20T09:42:30,180.412,196,AAPL-2025-11-20-150,N
2025-11-20T09:42:35,180.459,220,AAPL-2025-11-20-151,N
2025-11-20T09:42:40,180.429,165,AAPL-2025-11-20-152,N
2025-11-20T09:42:45,180.453,252,AAPL-2025-11-20-153,N
2025-11-20T09:42:50,180.473,294,AAPL-2025-11-20-154,N
2025-11-20T09:42:55,180.532,222,AAPL-2025-11-20-155,N
2025-11-20T09:43:00,180.502,134,AAPL-2025-11-20-156,N
2025-11-20T09:43:05,180.488,237,AAPL-2025-11-20-157,N
2025-11-20T09:43:10,180.554,220,AAPL-2025-11-20-158,N
2025-11-20T09:43:15,180.596,187,AAPL-2025-11-20-159,N
2025-11-20T09:43:20,180.619,241,AAPL-2025-11-20-160,N
2025-11-20T09:43:25,180.547,179,AAPL-2025-11-20-161,N
2025-11-20T09:43:30,180.582,213,AAPL-2025-11-20-162,N
2025-11-20T09:43:35,180.538,78,AAPL-2025-11-20-163,N
2025-11-20T09:43:40,180.525,196,AAPL-2025-11-20-164,N
2025-11-20T09:43:45,180.493,207,AAPL-2025-11-20-165,N
2025-11-20T09:43:50,180.512,233,AAPL-2025-11-20-166,N
2025-11-20T09:43:55,180.426,134,AAPL-2025-11-20-167,N
2025-11-20T09:44:00,180.415,228,AAPL-2025-11-20-168,N
2025-11-20T09:44:05,180.433,223,AAPL-2025-11-20-169,N
2025-11-20T09:44:10,180.419,183,AAPL-2025-11-20-170,N
2025-11-20T09:44:15,180.393,238,AAPL-2025-11-20-171,N
2025-11-20T09:44:20,180.36,242,AAPL-2025-11-20-172,N
2025-11-20T09:44:25,180.367,197,AAPL-2025-11-20-173,N
2025-11-20T09:44:30,180.344,132,AAPL-2025-11-20-174,N
2025-11-20T09:44:35,180.32,183,AAPL-2025-11-20-175,N
2025-11-20T09:44:40,180.235,190,AAPL-2025-11-20-176,N
2025-11-20T09:44:45,180.268,228,AAPL-2025-11-20-177,N
2025-11-20T09:44:50,180.25,202,AAPL-2025-11-20-178,N
2025-11-20T09:44:55,180.23,207,AAPL-2025-11-20-179,N
2025-11-20T09:45:00,180.286,248,AAPL-2025-11-20-180,N
2025-11-20T09:45:05,180.304,175,AAPL-2025-11-20-181,N
2025-11-20T09:45:10,180.332,115,AAPL-2025-11-20-182,N
2025-11-20T09:45:15,180.322,229,AAPL-2025-11-20-183,N
2025-11-20T09:45:20,180.349,233,AAPL-2025-11-20-184,N
2025-11-20T09:45:25,180.36,190,AAPL-2025-11-20-185,N
2025-11-20T09:45:30,180.379,152,AAPL-2025-11-20-186,N
2025-11-20T09:45:35,180.349,203,AAPL-2025-11-20-187,N
2025-11-20T09:45:40,180.355,108,AAPL-2025-11-20-188,N
2025-11-20T09:45:45,180.371,238,AAPL-2025-11-20-189,N
2025-11-20T09:45:50,180.369,318,AAPL-2025-11-20-190,N
2025-11-20T09:45:55,180.344,181,AAPL-2025-11-20-191,N
2025-11-20T09:46:00,180.33,196,AAPL-2025-11-20-192,N
2025-11-20T09:46:05,180.318,129,AAPL-2025-11-20-193,N
2025-11-20T09:46:10,180.298,195,AAPL-2025-11-20-194,N
2025-11-20T09:46:15,180.342,310,AAPL-2025-11-20-195,N
2025-11-20T09:46:20,180.391,161,AAPL-2025-11-20-196,N
2025-11-20T09:46:25,180.365,192,AAPL-2025-11-20-197,N
2025-11-20T09:46:30,180.43,191,AAPL-2025-11-20-198,N
2025-11-20T09:46:35,180.382,174,AAPL-2025-11-20-199,N
2025-11-20T09:46:40,180.409,234,AAPL-2025-11-20-200,N
2025-11-20T09:46:45,180.402,234,AAPL-2025-11-20-201,N
2025-11-20T09:46:50,180.32,205,AAPL-2025-11-20-202,N
2025-11-20T09:46:55,180.351,158,AAPL-2025-11-20-203,N
2025-11-20T09:47:00,180.321,106,AAPL-2025-11-20-204,N
2025-11-20T09:47:05,180.378,163,AAPL-2025-11-20-205,N
2025-11-20T09:47:10,180.387,230,AAPL-2025-11-20-206,N
2025-11-20T09:47:15,180.441,192,AAPL-2025-11-20-207,N
2025-11-20T09:47:20,180.422,208,AAPL-2025-11-20-208,N
2025-11-20T09:47:25,180.468,191,AAPL-2025-11-20-209,N
2025-11-20T09:47:30,180.434,122,AAPL-2025-11-20-210,N
2025-11-20T09:47:35,180.39,243,AAPL-2025-11-20-211,N
2025-11-20T09:47:40,180.378,169,AAPL-2025-11-20-212,N
2025-11-20T09:47:45,180.352,204,AAPL-2025-11-20-213,N
2025-11-20T09:47:50,180.344,186,AAPL-2025-11-20-214,N
2025-11-20T09:47:55,180.392,276,AAPL-2025-11-20-215,N
2025-11-20T09:48:00,180.334,216,AAPL-2025-11-20-216,N
2025-11-20T09:48:05,180.306,187,AAPL-2025-11-20-217,N
2025-11-20T09:48:10,180.317,189,AAPL-2025-11-20-218,N
2025-11-20T09:48:15,180.326,233,AAPL-2025-11-20-219,N
2025-11-20T09:48:20,180.336,167,AAPL-2025-11-20-220,N
2025-11-20T09:48:25,180.314,128,AAPL-2025-11-20-221,N
2025-11-20T09:48:30,180.283,298,AAPL-2025-11-20-222,N
2025-11-20T09:48:35,180.254,140,AAPL-2025-11-20-223,N
2025-11-20T09:48:40,180.266,194,AAPL-2025-11-20-224,N
2025-11-20T09:48:45,180.259,270,AAPL-2025-11-20-225,N
2025-11-20T09:48:50,180.279,173,AAPL-2025-11-20-226,N
2025-11-20T09:48:55,180.263,174,AAPL-2025-11-20-227,N
2025-11-20T09:49:00,180.295,184,AAPL-2025-11-20-228,N
2025-11-20T09:49:05,180.23,197,AAPL-2025-11-20-229,N
2025-11-20T09:49:10,180.175,309,AAPL-2025-11-20-230,N
2025-11-20T09:49:15,180.14,191,AAPL-2025-11-20-231,N
2025-11-20T09:49:20,180.149,185,AAPL-2025-11-20-232,N
2025-11-20T09:49:25,180.139,221,AAPL-2025-11-20-233,N
2025-11-20T09:49:30,180.194,238,AAPL-2025-11-20-234,N
2025-11-20T09:49:35,180.247,147,AAPL-2025-11-20-235,N
2025-11-20T09:49:40,180.259,207,AAPL-2025-11-20-236,N
2025-11-20T09:49:45,180.271,268,AAPL-2025-11-20-237,N
2025-11-20T09:49:50,180.263,179,AAPL-2025-11-20-238,N
2025-11-20T09:49:55,180.283,111,AAPL-2025-11-20-239,N
2025-11-20T09:50:00,180.274,193,AAPL-2025-11-20-240,N
2025-11-20T09:50:05,180.241,252,AAPL-2025-11-20-241,N
2025-11-20T09:50:10,180.203,193,AAPL-2025-11-20-242,N
2025-11-20T09:50:15,180.213,267,AAPL-2025-11-20-243,N
2025-11-20T09:50:20,180.213,246,AAPL-2025-11-20-244,N
2025-11-20T09:50:25,180.238,206,AAPL-2025-11-20-245,N
2025-11-20T09:50:30,180.199,128,AAPL-2025-11-20-246,N
2025-11-20T09:50:35,180.203,172,AAPL-2025-11-20-247,N
2025-11-20T09:50:40,180.236,237,AAPL-2025-11-20-248,N
2025-11-20T09:50:45,180.229,142,AAPL-2025-11-20-249,N
2025-11-20T09:50:50,180.247,149,AAPL-2025-11-20-250,N
2025-11-20T09:50:55,180.22,151,AAPL-2025-11-20-251,N
2025-11-20T09:51:00,180.215,258,AAPL-2025-11-20-252,N
2025-11-20T09:51:05,180.215,177,AAPL-2025-11-20-253,N
2025-11-20T09:51:10,180.16,227,AAPL-2025-11-20-254,N
2025-11-20T09:51:15,180.132,205,AAPL-2025-11-20-255,N
2025-11-20T09:51:20,180.119,241,AAPL-2025-11-20-256,N
2025-11-20T09:51:25,180.113,197,AAPL-2025-11-20-257,N
2025-11-20T09:51:30,180.131,305,AAPL-2025-11-20-258,N
2025-11-20T09:51:35,180.163,195,AAPL-2025-11-20-259,N
2025-11-20T09:51:40,180.163,173,AAPL-2025-11-20-260,N
2025-11-20T09:51:45,180.129,172,AAPL-2025-11-20-261,N
2025-11-20T09:51:50,180.101,232,AAPL-2025-11-20-262,N
2025-11-20T09:51:55,180.062,266,AAPL-2025-11-20-263,N
2025-11-20T09:52:00,180.089,201,AAPL-2025-11-20-264,N
2025-11-20T09:52:05,180.089,172,AAPL-2025-11-20-265,N
2025-11-20T09:52:10,180.099,254,AAPL-2025-11-20-266,N
2025-11-20T09:52:15,180.074,123,AAPL-2025-11-20-267,N
2025-11-20T09:52:20,180.099,216,AAPL-2025-11-20-268,N
2025-11-20T09:52:25,180.059,163,AAPL-2025-11-20-269,N
2025-11-20T09:52:30,180.028,163,AAPL-2025-11-20-270,N
2025-11-20T09:52:35,180.016,186,AAPL-2025-11-20-271,N
2025-11-20T09:52:40,179.993,162,AAPL-2025-11-20-272,N
2025-11-20T09:52:45,179.985,208,AAPL-2025-11-20-273,N
2025-11-20T09:52:50,179.973,257,AAPL-2025-11-20-274,N
2025-11-20T09:52:55,179.991,120,AAPL-2025-11-20-275,N
2025-11-20T09:53:00,180.01,230,AAPL-2025-11-20-276,N
2025-11-20T09:53:05,179.995,125,AAPL-2025-11-20-277,N
2025-11-20T09:53:10,179.995,199,AAPL-2025-11-20-278,N
2025-11-20T09:53:15,179.955,127,AAPL-2025-11-20-279,N
2025-11-20T09:53:20,179.951,188,AAPL-2025-11-20-280,N
2025-11-20T09:53:25,179.936,195,AAPL-2025-11-20-281,N
2025-11-20T09:53:30,179.897,178,AAPL-2025-11-20-282,N
2025-11-20T09:53:35,179.916,182,AAPL-2025-11-20-283,N
2025-11-20T09:53:40,179.856,176,AAPL-2025-11-20-284,N
2025-11-20T09:53:45,179.817,213,AAPL-2025-11-20-285,N
2025-11-20T09:53:50,179.829,117,AAPL-2025-11-20-286,N
2025-11-20T09:53:55,179.856,144,AAPL-2025-11-20-287,N
2025-11-20T09:54:00,179.912,197,AAPL-2025-11-20-288,N
2025-11-20T09:54:05,179.867,142,AAPL-2025-11-20-289,N
2025-11-20T09:54:10,179.88,180,AAPL-2025-11-20-290,N
2025-11-20T09:54:15,179.876,280,AAPL-2025-11-20-291,N
2025-11-20T09:54:20,179.851,202,AAPL-2025-11-20-292,N
2025-11-20T09:54:25,179.902,213,AAPL-2025-11-20-293,N
2025-11-20T09:54:30,179.844,225,AAPL-2025-11-20-294,N
2025-11-20T09:54:35,179.803,270,AAPL-2025-11-20-295,N
2025-11-20T09:54:40,179.773,348,AAPL-2025-11-20-296,N
2025-11-20T09:54:45,179.826,160,AAPL-2025-11-20-297,N
2025-11-20T09:54:50,179.826,237,AAPL-2025-11-20-298,N
2025-11-20T09:54:55,179.855,222,AAPL-2025-11-20-299,N
2025-11-20T09:55:00,179.9,193,AAPL-2025-11-20-300,N
2025-11-20T09:55:05,179.887,182,AAPL-2025-11-20-301,N
2025-11-20T09:55:10,179.917,218,AAPL-2025-11-20-302,N
2025-11-20T09:55:15,179.928,239,AAPL-2025-11-20-303,N
2025-11-20T09:55:20,179.854,215,AAPL-2025-11-20-304,N
2025-11-20T09:55:25,179.862,283,AAPL-2025-11-20-305,N
2025-11-20T09:55:30,179.807,277,AAPL-2025-11-20-306,N
2025-11-20T09:55:35,179.81,224,AAPL-2025-11-20-307,N
2025-11-20T09:55:40,179.87,228,AAPL-2025-11-20-308,N
2025-11-20T09:55:45,179.884,212,AAPL-2025-11-20-309,N
2025-11-20T09:55:50,179.867,198,AAPL-2025-11-20-310,N
2025-11-20T09:55:55,179.841,197,AAPL-2025-11-20-311,N
2025-11-20T09:56:00,179.757,221,AAPL-2025-11-20-312,N
2025-11-20T09:56:05,179.753,183,AAPL-2025-11-20-313,N
2025-11-20T09:56:10,179.761,128,AAPL-2025-11-20-314,N
2025-11-20T09:56:15,179.83,194,AAPL-2025-11-20-315,N
2025-11-20T09:56:20,179.825,151,AAPL-2025-11-20-316,N
2025-11-20T09:56:25,179.826,269,AAPL-2025-11-20-317,N
2025-11-20T09:56:30,179.863,242,AAPL-2025-11-20-318,N
2025-11-20T09:56:35,179.883,182,AAPL-2025-11-20-319,N
2025-11-20T09:56:40,179.83,189,AAPL-2025-11-20-320,N
2025-11-20T09:56:45,179.822,252,AAPL-2025-11-20-321,N
2025-11-20T09:56:50,179.833,280,AAPL-2025-11-20-322,N
2025-11-20T09:56:55,179.876,177,AAPL-2025-11-20-323,N
2025-11-20T09:57:00,179.812,269,AAPL-2025-11-20-324,N
2025-11-20T09:57:05,179.86,131,AAPL-2025-11-20-325,N
2025-11-20T09:57:10,179.915,219,AAPL-2025-11-20-326,N
2025-11-20T09:57:15,179.921,280,AAPL-2025-11-20-327,N
2025-11-20T09:57:20,179.969,232,AAPL-2025-11-20-328,N
2025-11-20T09:57:25,179.986,230,AAPL-2025-11-20-329,N
2025-11-20T09:57:30,179.972,197,AAPL-2025-11-20-330,N
2025-11-20T09:57:35,179.939,183,AAPL-2025-11-20-331,N
2025-11-20T09:57:40,179.926,168,AAPL-2025-11-20-332,N
2025-11-20T09:57:45,179.931,183,AAPL-2025-11-20-333,N
2025-11-20T09:57:50,179.949,118,AAPL-2025-11-20-334,N
2025-11-20T09:57:55,179.945,206,AAPL-2025-11-20-335,N
2025-11-20T09:58:00,179.934,191,AAPL-2025-11-20-336,N
2025-11-20T09:58:05,179.877,217,AAPL-2025-11-20-337,N
2025-11-20T09:58:10,179.9,224,AAPL-2025-11-20-338,N
2025-11-20T09:58:15,179.937,210,AAPL-2025-11-20-339,N
2025-11-20T09:58:20,179.954,207,AAPL-2025-11-20-340,N
2025-11-20T09:58:25,179.979,121,AAPL-2025-11-20-341,N
2025-11-20T09:58:30,179.947,279,AAPL-2025-11-20-342,N
2025-11-20T09:58:35,179.858,192,AAPL-2025-11-20-343,N
2025-11-20T09:58:40,179.901,195,AAPL-2025-11-20-344,N
2025-11-20T09:58:45,179.886,206,AAPL-2025-11-20-345,N
2025-11-20T09:58:50,179.873,201,AAPL-2025-11-20-346,N
2025-11-20T09:58:55,179.849,255,AAPL-2025-11-20-347,N
2025-11-20T09:59:00,179.9,193,AAPL-2025-11-20-348,N
2025-11-20T09:59:05,179.85,173,AAPL-2025-11-20-349,N
2025-11-20T09:59:10,179.843,225,AAPL-2025-11-20-350,N
2025-11-20T09:59:15,179.807,161,AAPL-2025-11-20-351,N
2025-11-20T09:59:20,179.826,246,AAPL-2025-11-20-352,N
2025-11-20T09:59:25,179.803,133,AAPL-2025-11-20-353,N
2025-11-20T09:59:30,179.921,239,AAPL-2025-11-20-354,N
2025-11-20T09:59:35,179.912,243,AAPL-2025-11-20-355,N
2025-11-20T09:59:40,179.907,243,AAPL-2025-11-20-356,N
2025-11-20T09:59:45,179.913,204,AAPL-2025-11-20-357,N
2025-11-20T09:59:50,179.909,127,AAPL-2025-11-20-358,N
2025-11-20T09:59:55,179.979,152,AAPL-2025-11-20-359,N
2025-11-20T10:00:00,179.93,189,AAPL-2025-11-20-360,N
2025-11-20T10:00:05,179.895,197,AAPL-2025-11-20-361,N
2025-11-20T10:00:10,179.92,249,AAPL-2025-11-20-362,N
2025-11-20T10:00:15,179.949,184,AAPL-2025-11-20-363,N
2025-11-20T10:00:20,179.951,220,AAPL-2025-11-20-364,N
2025-11-20T10:00:25,179.888,228,AAPL-2025-11-20-365,N
2025-11-20T10:00:30,179.835,302,AAPL-2025-11-20-366,N
2025-11-20T10:00:35,179.821,190,AAPL-2025-11-20-367,N
2025-11-20T10:00:40,179.793,168,AAPL-2025-11-20-368,N
2025-11-20T10:00:45,179.875,247,AAPL-2025-11-20-369,N
2025-11-20T10:00:50,179.819,275,AAPL-2025-11-20-370,N
2025-11-20T10:00:55,179.862,185,AAPL-2025-11-20-371,N
2025-11-20T10:01:00,179.873,199,AAPL-2025-11-20-372,N
2025-11-20T10:01:05,179.944,160,AAPL-2025-11-20-373,N
2025-11-20T10:01:10,179.949,178,AAPL-2025-11-20-374,N
2025-11-20T10:01:15,179.898,309,AAPL-2025-11-20-375,N
2025-11-20T10:01:20,179.855,211,AAPL-2025-11-20-376,N
2025-11-20T10:01:25,179.792,180,AAPL-2025-11-20-377,N
2025-11-20T10:01:30,179.808,158,AAPL-2025-11-20-378,N
2025-11-20T10:01:35,179.829,186,AAPL-2025-11-20-379,N
2025-11-20T10:01:40,179.87,268,AAPL-2025-11-20-380,N
2025-11-20T10:01:45,179.849,203,AAPL-2025-11-20-381,N
2025-11-20T10:01:50,179.856,230,AAPL-2025-11-20-382,N
2025-11-20T10:01:55,179.856,209,AAPL-2025-11-20-383,N
2025-11-20T10:02:00,179.848,205,AAPL-2025-11-20-384,N
2025-11-20T10:02:05,179.894,232,AAPL-2025-11-20-385,N
2025-11-20T10:02:10,179.92,236,AAPL-2025-11-20-386,N
2025-11-20T10:02:15,179.914,215,AAPL-2025-11-20-387,N
2025-11-20T10:02:20,179.875,263,AAPL-2025-11-20-388,N
2025-11-20T10:02:25,179.775,195,AAPL-2025-11-20-389,N
2025-11-20T10:02:30,179.816,131,AAPL-2025-11-20-390,N
2025-11-20T10:02:35,179.83,165,AAPL-2025-11-20-391,N
2025-11-20T10:02:40,179.817,247,AAPL-2025-11-20-392,N
2025-11-20T10:02:45,179.824,98,AAPL-2025-11-20-393,N
2025-11-20T10:02:50,179.789,248,AAPL-2025-11-20-394,N
2025-11-20T10:02:55,179.805,287,AAPL-2025-11-20-395,N
2025-11-20T10:03:00,179.866,182,AAPL-2025-11-20-396,N
2025-11-20T10:03:05,179.956,201,AAPL-2025-11-20-397,N
2025-11-20T10:03:10,179.921,168,AAPL-2025-11-20-398,N
2025-11-20T10:03:15,179.84,280,AAPL-2025-11-20-399,N
2025-11-20T10:03:20,179.897,149,AAPL-2025-11-20-400,N
2025-11-20T10:03:25,179.889,204,AAPL-2025-11-20-401,N
2025-11-20T10:03:30,179.855,112,AAPL-2025-11-20-402,N
2025-11-20T10:03:35,179.847,183,AAPL-2025-11-20-403,N
2025-11-20T10:03:40,179.833,211,AAPL-2025-11-20-404,N
2025-11-20T10:03:45,179.884,184,AAPL-2025-11-20-405,N
2025-11-20T10:03:50,179.891,236,AAPL-2025-11-20-406,N
2025-11-20T10:03:55,179.911,169,AAPL-2025-11-20-407,N
2025-11-20T10:04:00,179.914,227,AAPL-2025-11-20-408,N
2025-11-20T10:04:05,179.873,263,AAPL-2025-11-20-409,N
2025-11-20T10:04:10,179.925,163,AAPL-2025-11-20-410,N
2025-11-20T10:04:15,179.932,232,AAPL-2025-11-20-411,N
2025-11-20T10:04:20,179.912,224,AAPL-2025-11-20-412,N
2025-11-20T10:04:25,179.918,126,AAPL-2025-11-20-413,N
2025-11-20T10:04:30,179.935,144,AAPL-2025-11-20-414,N
2025-11-20T10:04:35,179.968,166,AAPL-2025-11-20-415,N
2025-11-20T10:04:40,179.963,268,AAPL-2025-11-20-416,N
2025-11-20T10:04:45,179.98,146,AAPL-2025-11-20-417,N
2025-11-20T10:04:50,179.944,170,AAPL-2025-11-20-418,N
2025-11-20T10:04:55,179.958,217,AAPL-2025-11-20-419,N
2025-11-20T10:05:00,179.928,141,AAPL-2025-11-20-420,N
2025-11-20T10:05:05,179.938,190,AAPL-2025-11-20-421,N
2025-11-20T10:05:10,180.016,201,AAPL-2025-11-20-422,N
2025-11-20T10:05:15,180.081,141,AAPL-2025-11-20-423,N
2025-11-20T10:05:20,180.024,143,AAPL-2025-11-20-424,N
2025-11-20T10:05:25,180.067,287,AAPL-2025-11-20-425,N
2025-11-20T10:05:30,180.039,176,AAPL-2025-11-20-426,N
2025-11-20T10:05:35,179.997,109,AAPL-2025-11-20-427,N
2025-11-20T10:05:40,180.023,211,AAPL-2025-11-20-428,N
2025-11-20T10:05:45,180.023,129,AAPL-2025-11-20-429,N
2025-11-20T10:05:50,180.082,174,AAPL-2025-11-20-430,N
2025-11-20T10:05:55,180.101,127,AAPL-2025-11-20-431,N
2025-11-20T10:06:00,180.094,214,AAPL-2025-11-20-432,N
2025-11-20T10:06:05,180.106,207,AAPL-2025-11-20-433,N
2025-11-20T10:06:10,180.124,143,AAPL-2025-11-20-434,N
2025-11-20T10:06:15,180.131,205,AAPL-2025-11-20-435,N
2025-11-20T10:06:20,180.139,203,AAPL-2025-11-20-436,N
2025-11-20T10:06:25,180.094,134,AAPL-2025-11-20-437,N
2025-11-20T10:06:30,180.014,240,AAPL-2025-11-20-438,N
2025-11-20T10:06:35,180.044,242,AAPL-2025-11-20-439,N
2025-11-20T10:06:40,180.055,93,AAPL-2025-11-20-440,N
2025-11-20T10:06:45,180.018,208,AAPL-2025-11-20-441,N
2025-11-20T10:06:50,180.023,188,AAPL-2025-11-20-442,N
2025-11-20T10:06:55,180.036,200,AAPL-2025-11-20-443,N
2025-11-20T10:07:00,180.04,168,AAPL-2025-11-20-444,N
2025-11-20T10:07:05,180.076,178,AAPL-2025-11-20-445,N
2025-11-20T10:07:10,180.028,161,AAPL-2025-11-20-446,N
2025-11-20T10:07:15,180.015,249,AAPL-2025-11-20-447,N
2025-11-20T10:07:20,180.014,190,AAPL-2025-11-20-448,N
2025-11-20T10:07:25,179.969,239,AAPL-2025-11-20-449,N
2025-11-20T10:07:30,179.945,194,AAPL-2025-11-20-450,N
2025-11-20T10:07:35,179.998,225,AAPL-2025-11-20-451,N
2025-11-20T10:07:40,179.94,111,AAPL-2025-11-20-452,N
2025-11-20T10:07:45,179.937,139,AAPL-2025-11-20-453,N
2025-11-20T10:07:50,179.961,202,AAPL-2025-11-20-454,N
2025-11-20T10:07:55,179.967,164,AAPL-2025-11-20-455,N
2025-11-20T10:08:00,180.029,342,AAPL-2025-11-20-456,N
2025-11-20T10:08:05,180.019,217,AAPL-2025-11-20-457,N
2025-11-20T10:08:10,180.023,187,AAPL-2025-11-20-458,N
2025-11-20T10:08:15,179.993,145,AAPL-2025-11-20-459,N
2025-11-20T10:08:20,179.952,220,AAPL-2025-11-20-460,N
2025-11-20T10:08:25,179.933,71,AAPL-2025-11-20-461,N
2025-11-20T10:08:30,179.949,198,AAPL-2025-11-20-462,N
2025-11-20T10:08:35,179.998,218,AAPL-2025-11-20-463,N
2025-11-20T10:08:40,179.945,88,AAPL-2025-11-20-464,N
2025-11-20T10:08:45,179.919,168,AAPL-2025-11-20-465,N
2025-11-20T10:08:50,179.953,199,AAPL-2025-11-20-466,N
2025-11-20T10:08:55,179.993,133,AAPL-2025-11-20-467,N
2025-11-20T10:09:00,180.028,236,AAPL-2025-11-20-468,N
2025-11-20T10:09:05,179.956,266,AAPL-2025-11-20-469,N
2025-11-20T10:09:10,179.959,219,AAPL-2025-11-20-470,N
2025-11-20T10:09:15,179.928,263,AAPL-2025-11-20-471,N
2025-11-20T10:09:20,179.885,241,AAPL-2025-11-20-472,N
2025-11-20T10:09:25,179.915,151,AAPL-2025-11-20-473,N
2025-11-20T10:09:30,179.986,211,AAPL-2025-11-20-474,N
2025-11-20T10:09:35,180.01,123,AAPL-2025-11-20-475,N
2025-11-20T10:09:40,180.086,138,AAPL-2025-11-20-476,N
2025-11-20T10:09:45,180.123,150,AAPL-2025-11-20-477,N
2025-11-20T10:09:50,180.1,239,AAPL-2025-11-20-478,N
2025-11-20T10:09:55,180.137,136,AAPL-2025-11-20-479,N
2025-11-20T10:10:00,180.177,252,AAPL-2025-11-20-480,N
2025-11-20T10:10:05,180.143,279,AAPL-2025-11-20-481,N
2025-11-20T10:10:10,180.09,168,AAPL-2025-11-20-482,N
2025-11-20T10:10:15,180.108,157,AAPL-2025-11-20-483,N
2025-11-20T10:10:20,180.117,212,AAPL-2025-11-20-484,N
2025-11-20T10:10:25,180.11,241,AAPL-2025-11-20-485,N
2025-11-20T10:10:30,180.102,211,AAPL-2025-11-20-486,N
2025-11-20T10:10:35,180.144,239,AAPL-2025-11-20-487,N
2025-11-20T10:10:40,180.172,142,AAPL-2025-11-20-488,N
2025-11-20T10:10:45,180.191,156,AAPL-2025-11-20-489,N
2025-11-20T10:10:50,180.145,196,AAPL-2025-11-20-490,N
2025-11-20T10:10:55,180.112,239,AAPL-2025-11-20-491,N
2025-11-20T10:11:00,180.141,104,AAPL-2025-11-20-492,N
2025-11-20T10:11:05,180.111,127,AAPL-2025-11-20-493,N
2025-11-20T10:11:10,180.095,222,AAPL-2025-11-20-494,N
2025-11-20T10:11:15,180.086,170,AAPL-2025-11-20-495,N
2025-11-20T10:11:20,180.133,84,AAPL-2025-11-20-496,N
2025-11-20T10:11:25,180.177,172,AAPL-2025-11-20-497,N
2025-11-20T10:11:30,180.175,173,AAPL-2025-11-20-498,N
2025-11-20T10:11:35,180.23,138,AAPL-2025-11-20-499,N
2025-11-20T10:11:40,180.231,226,AAPL-2025-11-20-500,N
2025-11-20T10:11:45,180.173,154,AAPL-2025-11-20-501,N
2025-11-20T10:11:50,180.167,155,AAPL-2025-11-20-502,N
2025-11-20T10:11:55,180.138,182,AAPL-2025-11-20-503,N
2025-11-20T10:12:00,180.161,182,AAPL-2025-11-20-504,N
2025-11-20T10:12:05,180.2,150,AAPL-2025-11-20-505,N
2025-11-20T10:12:10,180.155,296,AAPL-2025-11-20-506,N
2025-11-20T10:12:15,180.131,134,AAPL-2025-11-20-507,N
2025-11-20T10:12:20,180.069,253,AAPL-2025-11-20-508,N
2025-11-20T10:12:25,180.056,187,AAPL-2025-11-20-509,N
2025-11-20T10:12:30,180.051,250,AAPL-2025-11-20-510,N
2025-11-20T10:12:35,180.044,317,AAPL-2025-11-20-511,N
2025-11-20T10:12:40,180.049,253,AAPL-2025-11-20-512,N
2025-11-20T10:12:45,180.078,198,AAPL-2025-11-20-513,N
2025-11-20T10:12:50,180.057,216,AAPL-2025-11-20-514,N
2025-11-20T10:12:55,180.075,171,AAPL-2025-11-20-515,N
2025-11-20T10:13:00,180.081,261,AAPL-2025-11-20-516,N
2025-11-20T10:13:05,180.156,242,AAPL-2025-11-20-517,N
2025-11-20T10:13:10,180.223,168,AAPL-2025-11-20-518,N
2025-11-20T10:13:15,180.248,266,AAPL-2025-11-20-519,N
2025-11-20T10:13:20,180.216,175,AAPL-2025-11-20-520,N
2025-11-20T10:13:25,180.278,151,AAPL-2025-11-20-521,N
2025-11-20T10:13:30,180.23,276,AAPL-2025-11-20-522,N
2025-11-20T10:13:35,180.273,221,AAPL-2025-11-20-523,N
2025-11-20T10:13:40,180.272,178,AAPL-2025-11-20-524,N
2025-11-20T10:13:45,180.282,278,AAPL-2025-11-20-525,N
2025-11-20T10:13:50,180.29,308,AAPL-2025-11-20-526,N
2025-11-20T10:13:55,180.258,199,AAPL-2025-11-20-527,N
2025-11-20T10:14:00,180.244,145,AAPL-2025-11-20-528,N
2025-11-20T10:14:05,180.239,220,AAPL-2025-11-20-529,N
2025-11-20T10:14:10,180.258,308,AAPL-2025-11-20-530,N
2025-11-20T10:14:15,180.275,257,AAPL-2025-11-20-531,N
2025-11-20T10:14:20,180.277,283,AAPL-2025-11-20-532,N
2025-11-20T10:14:25,180.363,226,AAPL-2025-11-20-533,N
2025-11-20T10:14:30,180.328,172,AAPL-2025-11-20-534,N
2025-11-20T10:14:35,180.338,222,AAPL-2025-11-20-535,N
2025-11-20T10:14:40,180.363,223,AAPL-2025-11-20-536,N
2025-11-20T10:14:45,180.363,168,AAPL-2025-11-20-537,N
2025-11-20T10:14:50,180.378,292,AAPL-2025-11-20-538,N
2025-11-20T10:14:55,180.415,226,AAPL-2025-11-20-539,N
2025-11-20T10:15:00,180.452,181,AAPL-2025-11-20-540,N
2025-11-20T10:15:05,180.433,162,AAPL-2025-11-20-541,N
2025-11-20T10:15:10,180.429,178,AAPL-2025-11-20-542,N
2025-11-20T10:15:15,180.472,176,AAPL-2025-11-20-543,N
2025-11-20T10:15:20,180.443,297,AAPL-2025-11-20-544,N
2025-11-20T10:15:25,180.427,207,AAPL-2025-11-20-545,N
2025-11-20T10:15:30,180.443,143,AAPL-2025-11-20-546,N
2025-11-20T10:15:35,180.488,231,AAPL-2025-11-20-547,N
2025-11-20T10:15:40,180.544,166,AAPL-2025-11-20-548,N
2025-11-20T10:15:45,180.548,201,AAPL-2025-11-20-549,N
2025-11-20T10:15:50,180.557,127,AAPL-2025-11-20-550,N
2025-11-20T10:15:55,180.561,128,AAPL-2025-11-20-551,N
2025-11-20T10:16:00,180.574,93,AAPL-2025-11-20-552,N
2025-11-20T10:16:05,180.507,240,AAPL-2025-11-20-553,N
2025-11-20T10:16:10,180.488,150,AAPL-2025-11-20-554,N
2025-11-20T10:16:15,180.534,216,AAPL-2025-11-20-555,N
2025-11-20T10:16:20,180.565,191,AAPL-2025-11-20-556,N
2025-11-20T10:16:25,180.662,169,AAPL-2025-11-20-557,N
2025-11-20T10:16:30,180.725,196,AAPL-2025-11-20-558,N
2025-11-20T10:16:35,180.665,224,AAPL-2025-11-20-559,N
2025-11-20T10:16:40,180.676,147,AAPL-2025-11-20-560,N
2025-11-20T10:16:45,180.643,198,AAPL-2025-11-20-561,N
2025-11-20T10:16:50,180.656,76,AAPL-2025-11-20-562,N
2025-11-20T10:16:55,180.694,175,AAPL-2025-11-20-563,N
2025-11-20T10:17:00,180.646,247,AAPL-2025-11-20-564,N
2025-11-20T10:17:05,180.645,260,AAPL-2025-11-20-565,N
2025-11-20T10:17:10,180.661,199,AAPL-2025-11-20-566,N
2025-11-20T10:17:15,180.655,224,AAPL-2025-11-20-567,N
2025-11-20T10:17:20,180.64,157,AAPL-2025-11-20-568,N
2025-11-20T10:17:25,180.662,192,AAPL-2025-11-20-569,N
2025-11-20T10:17:30,180.663,254,AAPL-2025-11-20-570,N
2025-11-20T10:17:35,180.659,200,AAPL-2025-11-20-571,N
2025-11-20T10:17:40,180.638,221,AAPL-2025-11-20-572,N
2025-11-20T10:17:45,180.65,245,AAPL-2025-11-20-573,N
2025-11-20T10:17:50,180.629,177,AAPL-2025-11-20-574,N
2025-11-20T10:17:55,180.658,212,AAPL-2025-11-20-575,N
2025-11-20T10:18:00,180.625,265,AAPL-2025-11-20-576,N
2025-11-20T10:18:05,180.564,239,AAPL-2025-11-20-577,N
2025-11-20T10:18:10,180.518,294,AAPL-2025-11-20-578,N
2025-11-20T10:18:15,180.462,257,AAPL-2025-11-20-579,N
2025-11-20T10:18:20,180.459,181,AAPL-2025-11-20-580,N
2025-11-20T10:18:25,180.466,231,AAPL-2025-11-20-581,N
2025-11-20T10:18:30,180.434,159,AAPL-2025-11-20-582,N
2025-11-20T10:18:35,180.457,114,AAPL-2025-11-20-583,N
2025-11-20T10:18:40,180.436,352,AAPL-2025-11-20-584,N
2025-11-20T10:18:45,180.401,257,AAPL-2025-11-20-585,N
2025-11-20T10:18:50,180.38,225,AAPL-2025-11-20-586,N
2025-11-20T10:18:55,180.403,256,AAPL-2025-11-20-587,N
2025-11-20T10:19:00,180.396,299,AAPL-2025-11-20-588,N
2025-11-20T10:19:05,180.375,211,AAPL-2025-11-20-589,N
2025-11-20T10:19:10,180.384,143,AAPL-2025-11-20-590,N
2025-11-20T10:19:15,180.373,208,AAPL-2025-11-20-591,N
2025-11-20T10:19:20,180.358,322,AAPL-2025-11-20-592,N
2025-11-20T10:19:25,180.328,258,AAPL-2025-11-20-593,N
2025-11-20T10:19:30,180.359,199,AAPL-2025-11-20-594,N
2025-11-20T10:19:35,180.327,161,AAPL-2025-11-20-595,N
2025-11-20T10:19:40,180.309,110,AAPL-2025-11-20-596,N
2025-11-20T10:19:45,180.272,125,AAPL-2025-11-20-597,N
2025-11-20T10:19:50,180.321,230,AAPL-2025-11-20-598,N
2025-11-20T10:19:55,180.349,229,AAPL-2025-11-20-599,N
2025-11-20T10:20:00,180.355,273,AAPL-2025-11-20-600,N
2025-11-20T10:20:05,180.333,205,AAPL-2025-11-20-601,N
2025-11-20T10:20:10,180.36,133,AAPL-2025-11-20-602,N
2025-11-20T10:20:15,180.472,201,AAPL-2025-11-20-603,N
2025-11-20T10:20:20,180.477,262,AAPL-2025-11-20-604,N
2025-11-20T10:20:25,180.51,201,AAPL-2025-11-20-605,N
2025-11-20T10:20:30,180.515,124,AAPL-2025-11-20-606,N
2025-11-20T10:20:35,180.495,225,AAPL-2025-11-20-607,N
2025-11-20T10:20:40,180.511,261,AAPL-2025-11-20-608,N
2025-11-20T10:20:45,180.506,130,AAPL-2025-11-20-609,N
2025-11-20T10:20:50,180.545,271,AAPL-2025-11-20-610,N
2025-11-20T10:20:55,180.577,191,AAPL-2025-11-20-611,N
2025-11-20T10:21:00,180.615,371,AAPL-2025-11-20-612,N
2025-11-20T10:21:05,180.619,134,AAPL-2025-11-20-613,N
2025-11-20T10:21:10,180.598,231,AAPL-2025-11-20-614,N
2025-11-20T10:21:15,180.54,208,AAPL-2025-11-20-615,N
2025-11-20T10:21:20,180.553,276,AAPL-2025-11-20-616,N
2025-11-20T10:21:25,180.601,243,AAPL-2025-11-20-617,N
2025-11-20T10:21:30,180.523,246,AAPL-2025-11-20-618,N
2025-11-20T10:21:35,180.548,212,AAPL-2025-11-20-619,N
2025-11-20T10:21:40,180.486,161,AAPL-2025-11-20-620,N
2025-11-20T10:21:45,180.444,99,AAPL-2025-11-20-621,N
2025-11-20T10:21:50,180.443,160,AAPL-2025-11-20-622,N
2025-11-20T10:21:55,180.538,191,AAPL-2025-11-20-623,N
2025-11-20T10:22:00,180.585,121,AAPL-2025-11-20-624,N
2025-11-20T10:22:05,180.566,204,AAPL-2025-11-20-625,N
2025-11-20T10:22:10,180.533,178,AAPL-2025-11-20-626,N
2025-11-20T10:22:15,180.525,188,AAPL-2025-11-20-627,N
2025-11-20T10:22:20,180.592,218,AAPL-2025-11-20-628,N
2025-11-20T10:22:25,180.609,226,AAPL-2025-11-20-629,N
2025-11-20T10:22:30,180.631,195,AAPL-2025-11-20-630,N
2025-11-20T10:22:35,180.62,208,AAPL-2025-11-20-631,N
2025-11-20T10:22:40,180.662,256,AAPL-2025-11-20-632,N
2025-11-20T10:22:45,180.653,238,AAPL-2025-11-20-633,N
2025-11-20T10:22:50,180.646,201,AAPL-2025-11-20-634,N
2025-11-20T10:22:55,180.629,190,AAPL-2025-11-20-635,N
2025-11-20T10:23:00,180.677,204,AAPL-2025-11-20-636,N
2025-11-20T10:23:05,180.682,127,AAPL-2025-11-20-637,N
2025-11-20T10:23:10,180.671,187,AAPL-2025-11-20-638,N
2025-11-20T10:23:15,180.641,201,AAPL-2025-11-20-639,N
2025-11-20T10:23:20,180.626,203,AAPL-2025-11-20-640,N
2025-11-20T10:23:25,180.63,152,AAPL-2025-11-20-641,N
2025-11-20T10:23:30,180.616,203,AAPL-2025-11-20-642,N
2025-11-20T10:23:35,180.658,212,AAPL-2025-11-20-643,N
2025-11-20T10:23:40,180.634,219,AAPL-2025-11-20-644,N
2025-11-20T10:23:45,180.696,245,AAPL-2025-11-20-645,N
2025-11-20T10:23:50,180.716,236,AAPL-2025-11-20-646,N
2025-11-20T10:23:55,180.768,253,AAPL-2025-11-20-647,N
2025-11-20T10:24:00,180.788,253,AAPL-2025-11-20-648,N
2025-11-20T10:24:05,180.749,124,AAPL-2025-11-20-649,N
2025-11-20T10:24:10,180.755,203,AAPL-2025-11-20-650,N
2025-11-20T10:24:15,180.735,241,AAPL-2025-11-20-651,N
2025-11-20T10:24:20,180.668,173,AAPL-2025-11-20-652,N
2025-11-20T10:24:25,180.65,118,AAPL-2025-11-20-653,N
2025-11-20T10:24:30,180.704,132,AAPL-2025-11-20-654,N
2025-11-20T10:24:35,180.683,245,AAPL-2025-11-20-655,N
2025-11-20T10:24:40,180.707,144,AAPL-2025-11-20-656,N
2025-11-20T10:24:45,180.731,214,AAPL-2025-11-20-657,N
2025-11-20T10:24:50,180.816,220,AAPL-2025-11-20-658,N
2025-11-20T10:24:55,180.81,157,AAPL-2025-11-20-659,N
2025-11-20T10:25:00,180.784,158,AAPL-2025-11-20-660,N
2025-11-20T10:25:05,180.833,200,AAPL-2025-11-20-661,N
2025-11-20T10:25:10,180.854,275,AAPL-2025-11-20-662,N
2025-11-20T10:25:15,180.768,263,AAPL-2025-11-20-663,N
2025-11-20T10:25:20,180.77,221,AAPL-2025-11-20-664,N
2025-11-20T10:25:25,180.74,162,AAPL-2025-11-20-665,N
2025-11-20T10:25:30,180.758,319,AAPL-2025-11-20-666,N
2025-11-20T10:25:35,180.794,263,AAPL-2025-11-20-667,N
2025-11-20T10:25:40,180.787,169,AAPL-2025-11-20-668,N
2025-11-20T10:25:45,180.759,175,AAPL-2025-11-20-669,N
2025-11-20T10:25:50,180.685,163,AAPL-2025-11-20-670,N
2025-11-20T10:25:55,180.665,191,AAPL-2025-11-20-671,N
2025-11-20T10:26:00,180.669,218,AAPL-2025-11-20-672,N
2025-11-20T10:26:05,180.669,170,AAPL-2025-11-20-673,N
2025-11-20T10:26:10,180.598,171,AAPL-2025-11-20-674,N
2025-11-20T10:26:15,180.563,223,AAPL-2025-11-20-675,N
2025-11-20T10:26:20,180.596,246,AAPL-2025-11-20-676,N
2025-11-20T10:26:25,180.623,193,AAPL-2025-11-20-677,N
2025-11-20T10:26:30,180.604,162,AAPL-2025-11-20-678,N
2025-11-20T10:26:35,180.55,249,AAPL-2025-11-20-679,N
2025-11-20T10:26:40,180.543,137,AAPL-2025-11-20-680,N
2025-11-20T10:26:45,180.513,156,AAPL-2025-11-20-681,N
2025-11-20T10:26:50,180.515,253,AAPL-2025-11-20-682,N
2025-11-20T10:26:55,180.502,87,AAPL-2025-11-20-683,N
2025-11-20T10:27:00,180.496,192,AAPL-2025-11-20-684,N
2025-11-20T10:27:05,180.488,168,AAPL-2025-11-20-685,N
2025-11-20T10:27:10,180.495,203,AAPL-2025-11-20-686,N
2025-11-20T10:27:15,180.494,220,AAPL-2025-11-20-687,N
2025-11-20T10:27:20,180.479,175,AAPL-2025-11-20-688,N
2025-11-20T10:27:25,180.529,227,AAPL-2025-11-20-689,N
2025-11-20T10:27:30,180.559,261,AAPL-2025-11-20-690,N
2025-11-20T10:27:35,180.578,246,AAPL-2025-11-20-691,N
2025-11-20T10:27:40,180.521,210,AAPL-2025-11-20-692,N
2025-11-20T10:27:45,180.514,283,AAPL-2025-11-20-693,N
2025-11-20T10:27:50,180.547,168,AAPL-2025-11-20-694,N
2025-11-20T10:27:55,180.561,208,AAPL-2025-11-20-695,N
2025-11-20T10:28:00,180.577,149,AAPL-2025-11-20-696,N
2025-11-20T10:28:05,180.59,188,AAPL-2025-11-20-697,N
2025-11-20T10:28:10,180.601,163,AAPL-2025-11-20-698,N
2025-11-20T10:28:15,180.579,258,AAPL-2025-11-20-699,N
2025-11-20T10:28:20,180.541,151,AAPL-2025-11-20-700,N
2025-11-20T10:28:25,180.54,161,AAPL-2025-11-20-701,N
2025-11-20T10:28:30,180.508,205,AAPL-2025-11-20-702,N
2025-11-20T10:28:35,180.453,149,AAPL-2025-11-20-703,N
2025-11-20T10:28:40,180.527,222,AAPL-2025-11-20-704,N
2025-11-20T10:28:45,180.5,220,AAPL-2025-11-20-705,N
2025-11-20T10:28:50,180.521,249,AAPL-2025-11-20-706,N
2025-11-20T10:28:55,180.516,248,AAPL-2025-11-20-707,N
2025-11-20T10:29:00,180.443,147,AAPL-2025-11-20-708,N
2025-11-20T10:29:05,180.449,216,AAPL-2025-11-20-709,N
2025-11-20T10:29:10,180.416,212,AAPL-2025-11-20-710,N
2025-11-20T10:29:15,180.393,186,AAPL-2025-11-20-711,N
2025-11-20T10:29:20,180.43,245,AAPL-2025-11-20-712,N
2025-11-20T10:29:25,180.394,147,AAPL-2025-11-20-713,N
2025-11-20T10:29:30,180.379,198,AAPL-2025-11-20-714,N
2025-11-20T10:29:35,180.356,252,AAPL-2025-11-20-715,N
2025-11-20T10:29:40,180.368,220,AAPL-2025-11-20-716,N
2025-11-20T10:29:45,180.323,258,AAPL-2025-11-20-717,N
2025-11-20T10:29:50,180.221,241,AAPL-2025-11-20-718,N
2025-11-20T10:29:55,180.254,178,AAPL-2025-11-20-719,N
2025-11-20T10:30:00,180.3,196,AAPL-2025-11-20-720,N
2025-11-20T10:30:05,180.303,216,AAPL-2025-11-20-721,N
2025-11-20T10:30:10,180.418,267,AAPL-2025-11-20-722,N
2025-11-20T10:30:15,180.443,154,AAPL-2025-11-20-723,N
2025-11-20T10:30:20,180.448,159,AAPL-2025-11-20-724,N
2025-11-20T10:30:25,180.478,207,AAPL-2025-11-20-725,N
2025-11-20T10:30:30,180.437,204,AAPL-2025-11-20-726,N
2025-11-20T10:30:35,180.406,207,AAPL-2025-11-20-727,N
2025-11-20T10:30:40,180.375,201,AAPL-2025-11-20-728,N
2025-11-20T10:30:45,180.403,197,AAPL-2025-11-20-729,N
2025-11-20T10:30:50,180.388,210,AAPL-2025-11-20-730,N
2025-11-20T10:30:55,180.414,144,AAPL-2025-11-20-731,N
2025-11-20T10:31:00,180.423,265,AAPL-2025-11-20-732,N
2025-11-20T10:31:05,180.444,202,AAPL-2025-11-20-733,N
2025-11-20T10:31:10,180.467,222,AAPL-2025-11-20-734,N
2025-11-20T10:31:15,180.494,98,AAPL-2025-11-20-735,N
2025-11-20T10:31:20,180.438,250,AAPL-2025-11-20-736,N
2025-11-20T10:31:25,180.384,220,AAPL-2025-11-20-737,N
2025-11-20T10:31:30,180.371,150,AAPL-2025-11-20-738,N
2025-11-20T10:31:35,180.383,210,AAPL-2025-11-20-739,N
2025-11-20T10:31:40,180.46,168,AAPL-2025-11-20-740,N
2025-11-20T10:31:45,180.512,217,AAPL-2025-11-20-741,N
2025-11-20T10:31:50,180.488,239,AAPL-2025-11-20-742,N
2025-11-20T10:31:55,180.508,201,AAPL-2025-11-20-743,N
2025-11-20T10:32:00,180.518,170,AAPL-2025-11-20-744,N
2025-11-20T10:32:05,180.488,237,AAPL-2025-11-20-745,N
2025-11-20T10:32:10,180.48,195,AAPL-2025-11-20-746,N
2025-11-20T10:32:15,180.49,213,AAPL-2025-11-20-747,N
2025-11-20T10:32:20,180.438,264,AAPL-2025-11-20-748,N
2025-11-20T10:32:25,180.443,189,AAPL-2025-11-20-749,N
2025-11-20T10:32:30,180.458,211,AAPL-2025-11-20-750,N
2025-11-20T10:32:35,180.486,226,AAPL-2025-11-20-751,N
2025-11-20T10:32:40,180.512,267,AAPL-2025-11-20-752,N
2025-11-20T10:32:45,180.544,191,AAPL-2025-11-20-753,N
2025-11-20T10:32:50,180.503,283,AAPL-2025-11-20-754,N
2025-11-20T10:32:55,180.495,176,AAPL-2025-11-20-755,N
2025-11-20T10:33:00,180.432,216,AAPL-2025-11-20-756,N
2025-11-20T10:33:05,180.437,124,AAPL-2025-11-20-757,N
2025-11-20T10:33:10,180.454,175,AAPL-2025-11-20-758,N
2025-11-20T10:33:15,180.551,171,AAPL-2025-11-20-759,N
2025-11-20T10:33:20,180.535,156,AAPL-2025-11-20-760,N
2025-11-20T10:33:25,180.581,181,AAPL-2025-11-20-761,N
2025-11-20T10:33:30,180.555,235,AAPL-2025-11-20-762,N
2025-11-20T10:33:35,180.505,231,AAPL-2025-11-20-763,N
2025-11-20T10:33:40,180.569,228,AAPL-2025-11-20-764,N
2025-11-20T10:33:45,180.593,243,AAPL-2025-11-20-765,N
2025-11-20T10:33:50,180.654,260,AAPL-2025-11-20-766,N
2025-11-20T10:33:55,180.67,245,AAPL-2025-11-20-767,N
2025-11-20T10:34:00,180.638,238,AAPL-2025-11-20-768,N
2025-11-20T10:34:05,180.602,181,AAPL-2025-11-20-769,N
2025-11-20T10:34:10,180.49,220,AAPL-2025-11-20-770,N
2025-11-20T10:34:15,180.467,255,AAPL-2025-11-20-771,N
2025-11-20T10:34:20,180.481,256,AAPL-2025-11-20-772,N
2025-11-20T10:34:25,180.442,251,AAPL-2025-11-20-773,N
2025-11-20T10:34:30,180.518,238,AAPL-2025-11-20-774,N
2025-11-20T10:34:35,180.547,208,AAPL-2025-11-20-775,N
2025-11-20T10:34:40,180.528,238,AAPL-2025-11-20-776,N
2025-11-20T10:34:45,180.473,179,AAPL-2025-11-20-777,N
2025-11-20T10:34:50,180.409,164,AAPL-2025-11-20-778,N
2025-11-20T10:34:55,180.433,225,AAPL-2025-11-20-779,N
2025-11-20T10:35:00,180.434,208,AAPL-2025-11-20-780,N
2025-11-20T10:35:05,180.366,181,AAPL-2025-11-20-781,N
2025-11-20T10:35:10,180.342,167,AAPL-2025-11-20-782,N
2025-11-20T10:35:15,180.363,156,AAPL-2025-11-20-783,N
2025-11-20T10:35:20,180.342,95,AAPL-2025-11-20-784,N
2025-11-20T10:35:25,180.331,145,AAPL-2025-11-20-785,N
2025-11-20T10:35:30,180.334,152,AAPL-2025-11-20-786,N
2025-11-20T10:35:35,180.338,192,AAPL-2025-11-20-787,N
2025-11-20T10:35:40,180.398,224,AAPL-2025-11-20-788,N
2025-11-20T10:35:45,180.332,136,AAPL-2025-11-20-789,N
2025-11-20T10:35:50,180.334,153,AAPL-2025-11-20-790,N
2025-11-20T10:35:55,180.227,267,AAPL-2025-11-20-791,N
2025-11-20T10:36:00,180.253,226,AAPL-2025-11-20-792,N
2025-11-20T10:36:05,180.231,221,AAPL-2025-11-20-793,N
2025-11-20T10:36:10,180.205,210,AAPL-2025-11-20-794,N
2025-11-20T10:36:15,180.172,275,AAPL-2025-11-20-795,N
2025-11-20T10:36:20,180.115,261,AAPL-2025-11-20-796,N
2025-11-20T10:36:25,180.117,175,AAPL-2025-11-20-797,N
2025-11-20T10:36:30,180.123,236,AAPL-2025-11-20-798,N
2025-11-20T10:36:35,180.172,215,AAPL-2025-11-20-799,N
2025-11-20T10:36:40,180.14,202,AAPL-2025-11-20-800,N
2025-11-20T10:36:45,180.205,267,AAPL-2025-11-20-801,N
2025-11-20T10:36:50,180.238,239,AAPL-2025-11-20-802,N
2025-11-20T10:36:55,180.263,257,AAPL-2025-11-20-803,N
2025-11-20T10:37:00,180.247,132,AAPL-2025-11-20-804,N
2025-11-20T10:37:05,180.249,159,AAPL-2025-11-20-805,N
2025-11-20T10:37:10,180.211,163,AAPL-2025-11-20-806,N
2025-11-20T10:37:15,180.301,206,AAPL-2025-11-20-807,N
2025-11-20T10:37:20,180.314,138,AAPL-2025-11-20-808,N
2025-11-20T10:37:25,180.248,159,AAPL-2025-11-20-809,N
2025-11-20T10:37:30,180.299,216,AAPL-2025-11-20-810,N
2025-11-20T10:37:35,180.321,236,AAPL-2025-11-20-811,N
2025-11-20T10:37:40,180.3,269,AAPL-2025-11-20-812,N
2025-11-20T10:37:45,180.277,270,AAPL-2025-11-20-813,N
2025-11-20T10:37:50,180.293,110,AAPL-2025-11-20-814,N
2025-11-20T10:37:55,180.266,110,AAPL-2025-11-20-815,N
2025-11-20T10:38:00,180.308,198,AAPL-2025-11-20-816,N
2025-11-20T10:38:05,180.227,218,AAPL-2025-11-20-817,N
2025-11-20T10:38:10,180.208,125,AAPL-2025-11-20-818,N
2025-11-20T10:38:15,180.269,205,AAPL-2025-11-20-819,N
2025-11-20T10:38:20,180.258,180,AAPL-2025-11-20-820,N
2025-11-20T10:38:25,180.203,134,AAPL-2025-11-20-821,N
2025-11-20T10:38:30,180.25,176,AAPL-2025-11-20-822,N
2025-11-20T10:38:35,180.251,97,AAPL-2025-11-20-823,N
2025-11-20T10:38:40,180.203,230,AAPL-2025-11-20-824,N
2025-11-20T10:38:45,180.217,287,AAPL-2025-11-20-825,N
2025-11-20T10:38:50,180.265,188,AAPL-2025-11-20-826,N
2025-11-20T10:38:55,180.282,184,AAPL-2025-11-20-827,N
2025-11-20T10:39:00,180.356,257,AAPL-2025-11-20-828,N
2025-11-20T10:39:05,180.362,210,AAPL-2025-11-20-829,N
2025-11-20T10:39:10,180.414,228,AAPL-2025-11-20-830,N
2025-11-20T10:39:15,180.471,90,AAPL-2025-11-20-831,N
2025-11-20T10:39:20,180.487,174,AAPL-2025-11-20-832,N
2025-11-20T10:39:25,180.551,277,AAPL-2025-11-20-833,N
2025-11-20T10:39:30,180.552,276,AAPL-2025-11-20-834,N
2025-11-20T10:39:35,180.616,203,AAPL-2025-11-20-835,N
2025-11-20T10:39:40,180.706,198,AAPL-2025-11-20-836,N
2025-11-20T10:39:45,180.698,243,AAPL-2025-11-20-837,N
2025-11-20T10:39:50,180.685,204,AAPL-2025-11-20-838,N
2025-11-20T10:39:55,180.736,200,AAPL-2025-11-20-839,N
2025-11-20T10:40:00,180.675,218,AAPL-2025-11-20-840,N
2025-11-20T10:40:05,180.65,243,AAPL-2025-11-20-841,N
2025-11-20T10:40:10,180.675,273,AAPL-2025-11-20-842,N
2025-11-20T10:40:15,180.707,254,AAPL-2025-11-20-843,N
2025-11-20T10:40:20,180.683,240,AAPL-2025-11-20-844,N
2025-11-20T10:40:25,180.754,165,AAPL-2025-11-20-845,N
2025-11-20T10:40:30,180.819,172,AAPL-2025-11-20-846,N
2025-11-20T10:40:35,180.789,214,AAPL-2025-11-20-847,N
2025-11-20T10:40:40,180.815,245,AAPL-2025-11-20-848,N
2025-11-20T10:40:45,180.78,221,AAPL-2025-11-20-849,N
2025-11-20T10:40:50,180.755,125,AAPL-2025-11-20-850,N
2025-11-20T10:40:55,180.721,162,AAPL-2025-11-20-851,N
2025-11-20T10:41:00,180.74,257,AAPL-2025-11-20-852,N
2025-11-20T10:41:05,180.687,217,AAPL-2025-11-20-853,N
2025-11-20T10:41:10,180.644,231,AAPL-2025-11-20-854,N
2025-11-20T10:41:15,180.622,147,AAPL-2025-11-20-855,N
2025-11-20T10:41:20,180.651,170,AAPL-2025-11-20-856,N
2025-11-20T10:41:25,180.639,89,AAPL-2025-11-20-857,N
2025-11-20T10:41:30,180.674,241,AAPL-2025-11-20-858,N
2025-11-20T10:41:35,180.674,123,AAPL-2025-11-20-859,N
2025-11-20T10:41:40,180.718,166,AAPL-2025-11-20-860,N
2025-11-20T10:41:45,180.701,315,AAPL-2025-11-20-861,N
2025-11-20T10:41:50,180.676,237,AAPL-2025-11-20-862,N
2025-11-20T10:41:55,180.696,219,AAPL-2025-11-20-863,N
2025-11-20T10:42:00,180.706,218,AAPL-2025-11-20-864,N
2025-11-20T10:42:05,180.716,197,AAPL-2025-11-20-865,N
2025-11-20T10:42:10,180.771,134,AAPL-2025-11-20-866,N
2025-11-20T10:42:15,180.808,241,AAPL-2025-11-20-867,N
2025-11-20T10:42:20,180.833,255,AAPL-2025-11-20-868,N
2025-11-20T10:42:25,180.83,106,AAPL-2025-11-20-869,N
2025-11-20T10:42:30,180.827,150,AAPL-2025-11-20-870,N
2025-11-20T10:42:35,180.8,137,AAPL-2025-11-20-871,N
2025-11-20T10:42:40,180.783,170,AAPL-2025-11-20-872,N
2025-11-20T10:42:45,180.697,235,AAPL-2025-11-20-873,N
2025-11-20T10:42:50,180.777,230,AAPL-2025-11-20-874,N
2025-11-20T10:42:55,180.77,197,AAPL-2025-11-20-875,N
2025-11-20T10:43:00,180.755,204,AAPL-2025-11-20-876,N
2025-11-20T10:43:05,180.754,157,AAPL-2025-11-20-877,N
2025-11-20T10:43:10,180.814,125,AAPL-2025-11-20-878,N
2025-11-20T10:43:15,180.84,194,AAPL-2025-11-20-879,N
2025-11-20T10:43:20,180.909,217,AAPL-2025-11-20-880,N
2025-11-20T10:43:25,180.896,187,AAPL-2025-11-20-881,N
2025-11-20T10:43:30,180.898,142,AAPL-2025-11-20-882,N
2025-11-20T10:43:35,180.87,110,AAPL-2025-11-20-883,N
2025-11-20T10:43:40,180.836,204,AAPL-2025-11-20-884,N
2025-11-20T10:43:45,180.847,101,AAPL-2025-11-20-885,N
2025-11-20T10:43:50,180.842,228,AAPL-2025-11-20-886,N
2025-11-20T10:43:55,180.836,168,AAPL-2025-11-20-887,N
2025-11-20T10:44:00,180.822,172,AAPL-2025-11-20-888,N
2025-11-20T10:44:05,180.798,208,AAPL-2025-11-20-889,N
2025-11-20T10:44:10,180.882,162,AAPL-2025-11-20-890,N
2025-11-20T10:44:15,180.87,197,AAPL-2025-11-20-891,N
2025-11-20T10:44:20,180.846,254,AAPL-2025-11-20-892,N
2025-11-20T10:44:25,180.76,173,AAPL-2025-11-20-893,N
2025-11-20T10:44:30,180.789,185,AAPL-2025-11-20-894,N
2025-11-20T10:44:35,180.76,222,AAPL-2025-11-20-895,N
2025-11-20T10:44:40,180.792,210,AAPL-2025-11-20-896,N
2025-11-20T10:44:45,180.764,222,AAPL-2025-11-20-897,N
2025-11-20T10:44:50,180.749,237,AAPL-2025-11-20-898,N
2025-11-20T10:44:55,180.803,69,AAPL-2025-11-20-899,N
2025-11-20T10:45:00,180.807,113,AAPL-2025-11-20-900,N
2025-11-20T10:45:05,180.895,176,AAPL-2025-11-20-901,N
2025-11-20T10:45:10,180.922,198,AAPL-2025-11-20-902,N
2025-11-20T10:45:15,180.893,153,AAPL-2025-11-20-903,N
2025-11-20T10:45:20,180.95,247,AAPL-2025-11-20-904,N
2025-11-20T10:45:25,181.021,202,AAPL-2025-11-20-905,N
2025-11-20T10:45:30,181.031,186,AAPL-2025-11-20-906,N
2025-11-20T10:45:35,181.021,147,AAPL-2025-11-20-907,N
2025-11-20T10:45:40,181.024,160,AAPL-2025-11-20-908,N
2025-11-20T10:45:45,181.04,208,AAPL-2025-11-20-909,N
2025-11-20T10:45:50,181.05,283,AAPL-2025-11-20-910,N
2025-11-20T10:45:55,181.049,237,AAPL-2025-11-20-911,N
2025-11-20T10:46:00,181.123,265,AAPL-2025-11-20-912,N
2025-11-20T10:46:05,181.165,184,AAPL-2025-11-20-913,N
2025-11-20T10:46:10,181.173,134,AAPL-2025-11-20-914,N
2025-11-20T10:46:15,181.191,213,AAPL-2025-11-20-915,N
2025-11-20T10:46:20,181.192,251,AAPL-2025-11-20-916,N
2025-11-20T10:46:25,181.148,281,AAPL-2025-11-20-917,N
2025-11-20T10:46:30,181.181,196,AAPL-2025-11-20-918,N
2025-11-20T10:46:35,181.175,224,AAPL-2025-11-20-919,N
2025-11-20T10:46:40,181.231,205,AAPL-2025-11-20-920,N
2025-11-20T10:46:45,181.236,200,AAPL-2025-11-20-921,N
2025-11-20T10:46:50,181.3,181,AAPL-2025-11-20-922,N
2025-11-20T10:46:55,181.299,273,AAPL-2025-11-20-923,N
2025-11-20T10:47:00,181.305,256,AAPL-2025-11-20-924,N
2025-11-20T10:47:05,181.272,189,AAPL-2025-11-20-925,N
2025-11-20T10:47:10,181.325,166,AAPL-2025-11-20-926,N
2025-11-20T10:47:15,181.32,212,AAPL-2025-11-20-927,N
2025-11-20T10:47:20,181.284,179,AAPL-2025-11-20-928,N
2025-11-20T10:47:25,181.288,202,AAPL-2025-11-20-929,N
2025-11-20T10:47:30,181.335,277,AAPL-2025-11-20-930,N
2025-11-20T10:47:35,181.304,205,AAPL-2025-11-20-931,N
2025-11-20T10:47:40,181.328,275,AAPL-2025-11-20-932,N
2025-11-20T10:47:45,181.354,214,AAPL-2025-11-20-933,N
2025-11-20T10:47:50,181.378,233,AAPL-2025-11-20-934,N
2025-11-20T10:47:55,181.345,209,AAPL-2025-11-20-935,N
2025-11-20T10:48:00,181.397,189,AAPL-2025-11-20-936,N
2025-11-20T10:48:05,181.402,187,AAPL-2025-11-20-937,N
2025-11-20T10:48:10,181.318,201,AAPL-2025-11-20-938,N
2025-11-20T10:48:15,181.329,174,AAPL-2025-11-20-939,N
2025-11-20T10:48:20,181.287,155,AAPL-2025-11-20-940,N
2025-11-20T10:48:25,181.315,298,AAPL-2025-11-20-941,N
2025-11-20T10:48:30,181.365,132,AAPL-2025-11-20-942,N
2025-11-20T10:48:35,181.396,166,AAPL-2025-11-20-943,N
2025-11-20T10:48:40,181.375,176,AAPL-2025-11-20-944,N
2025-11-20T10:48:45,181.401,247,AAPL-2025-11-20-945,N
2025-11-20T10:48:50,181.397,195,AAPL-2025-11-20-946,N
2025-11-20T10:48:55,181.414,228,AAPL-2025-11-20-947,N
2025-11-20T10:49:00,181.457,135,AAPL-2025-11-20-948,N
2025-11-20T10:49:05,181.457,146,AAPL-2025-11-20-949,N
2025-11-20T10:49:10,181.455,188,AAPL-2025-11-20-950,N
2025-11-20T10:49:15,181.454,160,AAPL-2025-11-20-951,N
2025-11-20T10:49:20,181.4,95,AAPL-2025-11-20-952,N
2025-11-20T10:49:25,181.395,178,AAPL-2025-11-20-953,N
2025-11-20T10:49:30,181.371,266,AAPL-2025-11-20-954,N
2025-11-20T10:49:35,181.339,270,AAPL-2025-11-20-955,N
2025-11-20T10:49:40,181.398,102,AAPL-2025-11-20-956,N
2025-11-20T10:49:45,181.402,180,AAPL-2025-11-20-957,N
2025-11-20T10:49:50,181.296,127,AAPL-2025-11-20-958,N
2025-11-20T10:49:55,181.324,300,AAPL-2025-11-20-959,N
2025-11-20T10:50:00,181.357,216,AAPL-2025-11-20-960,N
2025-11-20T10:50:05,181.356,284,AAPL-2025-11-20-961,N
2025-11-20T10:50:10,181.434,170,AAPL-2025-11-20-962,N
2025-11-20T10:50:15,181.361,95,AAPL-2025-11-20-963,N
2025-11-20T10:50:20,181.409,197,AAPL-2025-11-20-964,N
2025-11-20T10:50:25,181.416,110,AAPL-2025-11-20-965,N
2025-11-20T10:50:30,181.389,185,AAPL-2025-11-20-966,N
2025-11-20T10:50:35,181.396,180,AAPL-2025-11-20-967,N
2025-11-20T10:50:40,181.359,160,AAPL-2025-11-20-968,N
2025-11-20T10:50:45,181.402,212,AAPL-2025-11-20-969,N
2025-11-20T10:50:50,181.425,155,AAPL-2025-11-20-970,N
2025-11-20T10:50:55,181.317,173,AAPL-2025-11-20-971,N
2025-11-20T10:51:00,181.286,217,AAPL-2025-11-20-972,N
2025-11-20T10:51:05,181.405,234,AAPL-2025-11-20-973,N
2025-11-20T10:51:10,181.504,228,AAPL-2025-11-20-974,N
2025-11-20T10:51:15,181.482,217,AAPL-2025-11-20-975,N
2025-11-20T10:51:20,181.546,291,AAPL-2025-11-20-976,N
2025-11-20T10:51:25,181.525,212,AAPL-2025-11-20-977,N
2025-11-20T10:51:30,181.473,241,AAPL-2025-11-20-978,N
2025-11-20T10:51:35,181.53,201,AAPL-2025-11-20-979,N
2025-11-20T10:51:40,181.506,218,AAPL-2025-11-20-980,N
2025-11-20T10:51:45,181.521,204,AAPL-2025-11-20-981,N
2025-11-20T10:51:50,181.527,191,AAPL-2025-11-20-982,N
2025-11-20T10:51:55,181.563,236,AAPL-2025-11-20-983,N
2025-11-20T10:52:00,181.528,149,AAPL-2025-11-20-984,N
2025-11-20T10:52:05,181.518,236,AAPL-2025-11-20-985,N
2025-11-20T10:52:10,181.524,167,AAPL-2025-11-20-986,N
2025-11-20T10:52:15,181.533,183,AAPL-2025-11-20-987,N
2025-11-20T10:52:20,181.565,216,AAPL-2025-11-20-988,N
2025-11-20T10:52:25,181.554,211,AAPL-2025-11-20-989,N
2025-11-20T10:52:30,181.602,171,AAPL-2025-11-20-990,N
2025-11-20T10:52:35,181.616,196,AAPL-2025-11-20-991,N
2025-11-20T10:52:40,181.632,167,AAPL-2025-11-20-992,N
2025-11-20T10:52:45,181.636,255,AAPL-2025-11-20-993,N
2025-11-20T10:52:50,181.602,133,AAPL-2025-11-20-994,N
2025-11-20T10:52:55,181.555,141,AAPL-2025-11-20-995,N
2025-11-20T10:53:00,181.576,129,AAPL-2025-11-20-996,N
2025-11-20T10:53:05,181.566,230,AAPL-2025-11-20-997,N
2025-11-20T10:53:10,181.581,180,AAPL-2025-11-20-998,N
2025-11-20T10:53:15,181.588,205,AAPL-2025-11-20-999,N
2025-11-20T10:53:20,181.579,189,AAPL-2025-11-20-1000,N
2025-11-20T10:53:25,181.661,240,AAPL-2025-11-20-1001,N
2025-11-20T10:53:30,181.751,175,AAPL-2025-11-20-1002,N
2025-11-20T10:53:35,181.748,133,AAPL-2025-11-20-1003,N
2025-11-20T10:53:40,181.718,295,AAPL-2025-11-20-1004,N
2025-11-20T10:53:45,181.699,295,AAPL-2025-11-20-1005,N
2025-11-20T10:53:50,181.654,147,AAPL-2025-11-20-1006,N
2025-11-20T10:53:55,181.642,196,AAPL-2025-11-20-1007,N
2025-11-20T10:54:00,181.675,222,AAPL-2025-11-20-1008,N
2025-11-20T10:54:05,181.66,193,AAPL-2025-11-20-1009,N
2025-11-20T10:54:10,181.648,154,AAPL-2025-11-20-1010,N
2025-11-20T10:54:15,181.616,251,AAPL-2025-11-20-1011,N
2025-11-20T10:54:20,181.55,280,AAPL-2025-11-20-1012,N
2025-11-20T10:54:25,181.537,161,AAPL-2025-11-20-1013,N
2025-11-20T10:54:30,181.564,274,AAPL-2025-11-20-1014,N
2025-11-20T10:54:35,181.605,225,AAPL-2025-11-20-1015,N
2025-11-20T10:54:40,181.644,114,AAPL-2025-11-20-1016,N
2025-11-20T10:54:45,181.625,154,AAPL-2025-11-20-1017,N
2025-11-20T10:54:50,181.67,180,AAPL-2025-11-20-1018,N
2025-11-20T10:54:55,181.701,226,AAPL-2025-11-20-1019,N
2025-11-20T10:55:00,181.669,170,AAPL-2025-11-20-1020,N
2025-11-20T10:55:05,181.716,161,AAPL-2025-11-20-1021,N
2025-11-20T10:55:10,181.721,160,AAPL-2025-11-20-1022,N
2025-11-20T10:55:15,181.709,197,AAPL-2025-11-20-1023,N
2025-11-20T10:55:20,181.681,151,AAPL-2025-11-20-1024,N
2025-11-20T10:55:25,181.691,157,AAPL-2025-11-20-1025,N
2025-11-20T10:55:30,181.662,153,AAPL-2025-11-20-1026,N
2025-11-20T10:55:35,181.659,247,AAPL-2025-11-20-1027,N
2025-11-20T10:55:40,181.714,163,AAPL-2025-11-20-1028,N
2025-11-20T10:55:45,181.792,149,AAPL-2025-11-20-1029,N
2025-11-20T10:55:50,181.831,163,AAPL-2025-11-20-1030,N
2025-11-20T10:55:55,181.8,162,AAPL-2025-11-20-1031,N
2025-11-20T10:56:00,181.798,228,AAPL-2025-11-20-1032,N
2025-11-20T10:56:05,181.822,152,AAPL-2025-11-20-1033,N
2025-11-20T10:56:10,181.786,154,AAPL-2025-11-20-1034,N
2025-11-20T10:56:15,181.782,189,AAPL-2025-11-20-1035,N
2025-11-20T10:56:20,181.747,213,AAPL-2025-11-20-1036,N
2025-11-20T10:56:25,181.83,174,AAPL-2025-11-20-1037,N
2025-11-20T10:56:30,181.814,227,AAPL-2025-11-20-1038,N
2025-11-20T10:56:35,181.794,233,AAPL-2025-11-20-1039,N
2025-11-20T10:56:40,181.767,291,AAPL-2025-11-20-1040,N
2025-11-20T10:56:45,181.78,168,AAPL-2025-11-20-1041,N
2025-11-20T10:56:50,181.759,174,AAPL-2025-11-20-1042,N
2025-11-20T10:56:55,181.809,136,AAPL-2025-11-20-1043,N
2025-11-20T10:57:00,181.784,171,AAPL-2025-11-20-1044,N
2025-11-20T10:57:05,181.784,186,AAPL-2025-11-20-1045,N
2025-11-20T10:57:10,181.729,180,AAPL-2025-11-20-1046,N
2025-11-20T10:57:15,181.726,168,AAPL-2025-11-20-1047,N
2025-11-20T10:57:20,181.751,245,AAPL-2025-11-20-1048,N
2025-11-20T10:57:25,181.748,211,AAPL-2025-11-20-1049,N
2025-11-20T10:57:30,181.669,178,AAPL-2025-11-20-1050,N
2025-11-20T10:57:35,181.706,178,AAPL-2025-11-20-1051,N
2025-11-20T10:57:40,181.679,313,AAPL-2025-11-20-1052,N
2025-11-20T10:57:45,181.745,223,AAPL-2025-11-20-1053,N
2025-11-20T10:57:50,181.787,88,AAPL-2025-11-20-1054,N
2025-11-20T10:57:55,181.758,176,AAPL-2025-11-20-1055,N
2025-11-20T10:58:00,181.749,175,AAPL-2025-11-20-1056,N
2025-11-20T10:58:05,181.657,219,AAPL-2025-11-20-1057,N
2025-11-20T10:58:10,181.676,280,AAPL-2025-11-20-1058,N
2025-11-20T10:58:15,181.648,156,AAPL-2025-11-20-1059,N
2025-11-20T10:58:20,181.55,185,AAPL-2025-11-20-1060,N
2025-11-20T10:58:25,181.583,169,AAPL-2025-11-20-1061,N
2025-11-20T10:58:30,181.661,187,AAPL-2025-11-20-1062,N
2025-11-20T10:58:35,181.666,131,AAPL-2025-11-20-1063,N
2025-11-20T10:58:40,181.677,101,AAPL-2025-11-20-1064,N
2025-11-20T10:58:45,181.702,236,AAPL-2025-11-20-1065,N
2025-11-20T10:58:50,181.751,149,AAPL-2025-11-20-1066,N
2025-11-20T10:58:55,181.757,228,AAPL-2025-11-20-1067,N
2025-11-20T10:59:00,181.773,156,AAPL-2025-11-20-1068,N
2025-11-20T10:59:05,181.686,217,AAPL-2025-11-20-1069,N
2025-11-20T10:59:10,181.681,171,AAPL-2025-11-20-1070,N
2025-11-20T10:59:15,181.709,197,AAPL-2025-11-20-1071,N
2025-11-20T10:59:20,181.661,103,AAPL-2025-11-20-1072,N
2025-11-20T10:59:25,181.62,319,AAPL-2025-11-20-1073,N
2025-11-20T10:59:30,181.646,209,AAPL-2025-11-20-1074,N
2025-11-20T10:59:35,181.639,187,AAPL-2025-11-20-1075,N
2025-11-20T10:59:40,181.682,175,AAPL-2025-11-20-1076,N
2025-11-20T10:59:45,181.703,182,AAPL-2025-11-20-1077,N
2025-11-20T10:59:50,181.773,237,AAPL-2025-11-20-1078,N
2025-11-20T10:59:55,181.818,170,AAPL-2025-11-20-1079,N
2025-11-20T11:00:00,181.857,184,AAPL-2025-11-20-1080,N
2025-11-20T11:00:05,181.861,281,AAPL-2025-11-20-1081,N
2025-11-20T11:00:10,181.823,210,AAPL-2025-11-20-1082,N
2025-11-20T11:00:15,181.839,226,AAPL-2025-11-20-1083,N
2025-11-20T11:00:20,181.822,304,AAPL-2025-11-20-1084,N
2025-11-20T11:00:25,181.775,272,AAPL-2025-11-20-1085,N
2025-11-20T11:00:30,181.82,295,AAPL-2025-11-20-1086,N
2025-11-20T11:00:35,181.762,156,AAPL-2025-11-20-1087,N
2025-11-20T11:00:40,181.816,106,AAPL-2025-11-20-1088,N
2025-11-20T11:00:45,181.758,175,AAPL-2025-11-20-1089,N
2025-11-20T11:00:50,181.765,279,AAPL-2025-11-20-1090,N
2025-11-20T11:00:55,181.758,169,AAPL-2025-11-20-1091,N
2025-11-20T11:01:00,181.769,223,AAPL-2025-11-20-1092,N
2025-11-20T11:01:05,181.785,191,AAPL-2025-11-20-1093,N
2025-11-20T11:01:10,181.714,154,AAPL-2025-11-20-1094,N
2025-11-20T11:01:15,181.766,209,AAPL-2025-11-20-1095,N
2025-11-20T11:01:20,181.754,255,AAPL-2025-11-20-1096,N
2025-11-20T11:01:25,181.713,188,AAPL-2025-11-20-1097,N
2025-11-20T11:01:30,181.718,177,AAPL-2025-11-20-1098,N
2025-11-20T11:01:35,181.722,190,AAPL-2025-11-20-1099,N
2025-11-20T11:01:40,181.671,209,AAPL-2025-11-20-1100,N
2025-11-20T11:01:45,181.623,208,AAPL-2025-11-20-1101,N
2025-11-20T11:01:50,181.672,185,AAPL-2025-11-20-1102,N
2025-11-20T11:01:55,181.63,193,AAPL-2025-11-20-1103,N
2025-11-20T11:02:00,181.6,229,AAPL-2025-11-20-1104,N
2025-11-20T11:02:05,181.594,285,AAPL-2025-11-20-1105,N
2025-11-20T11:02:10,181.637,192,AAPL-2025-11-20-1106,N
2025-11-20T11:02:15,181.663,180,AAPL-2025-11-20-1107,N
2025-11-20T11:02:20,181.664,181,AAPL-2025-11-20-1108,N
2025-11-20T11:02:25,181.692,271,AAPL-2025-11-20-1109,N
2025-11-20T11:02:30,181.721,246,AAPL-2025-11-20-1110,N
2025-11-20T11:02:35,181.754,227,AAPL-2025-11-20-1111,N
2025-11-20T11:02:40,181.713,285,AAPL-2025-11-20-1112,N
2025-11-20T11:02:45,181.778,188,AAPL-2025-11-20-1113,N
2025-11-20T11:02:50,181.765,230,AAPL-2025-11-20-1114,N
2025-11-20T11:02:55,181.785,189,AAPL-2025-11-20-1115,N
2025-11-20T11:03:00,181.739,215,AAPL-2025-11-20-1116,N
2025-11-20T11:03:05,181.759,236,AAPL-2025-11-20-1117,N
2025-11-20T11:03:10,181.772,186,AAPL-2025-11-20-1118,N
2025-11-20T11:03:15,181.808,203,AAPL-2025-11-20-1119,N
2025-11-20T11:03:20,181.791,190,AAPL-2025-11-20-1120,N
2025-11-20T11:03:25,181.728,190,AAPL-2025-11-20-1121,N
2025-11-20T11:03:30,181.753,216,AAPL-2025-11-20-1122,N
2025-11-20T11:03:35,181.808,186,AAPL-2025-11-20-1123,N
2025-11-20T11:03:40,181.826,239,AAPL-2025-11-20-1124,N
2025-11-20T11:03:45,181.911,207,AAPL-2025-11-20-1125,N
2025-11-20T11:03:50,181.873,242,AAPL-2025-11-20-1126,N
2025-11-20T11:03:55,181.941,183,AAPL-2025-11-20-1127,N
2025-11-20T11:04:00,181.972,261,AAPL-2025-11-20-1128,N
2025-11-20T11:04:05,182.009,206,AAPL-2025-11-20-1129,N
2025-11-20T11:04:10,181.983,195,AAPL-2025-11-20-1130,N
2025-11-20T11:04:15,182.0,245,AAPL-2025-11-20-1131,N
2025-11-20T11:04:20,182.012,181,AAPL-2025-11-20-1132,N
2025-11-20T11:04:25,182.032,243,AAPL-2025-11-20-1133,N
2025-11-20T11:04:30,182.046,158,AAPL-2025-11-20-1134,N
2025-11-20T11:04:35,182.039,247,AAPL-2025-11-20-1135,N
2025-11-20T11:04:40,181.989,95,AAPL-2025-11-20-1136,N
2025-11-20T11:04:45,182.044,225,AAPL-2025-11-20-1137,N
2025-11-20T11:04:50,182.066,146,AAPL-2025-11-20-1138,N
2025-11-20T11:04:55,182.093,213,AAPL-2025-11-20-1139,N
2025-11-20T11:05:00,182.035,271,AAPL-2025-11-20-1140,N
2025-11-20T11:05:05,182.041,180,AAPL-2025-11-20-1141,N
2025-11-20T11:05:10,182.027,99,AAPL-2025-11-20-1142,N
2025-11-20T11:05:15,182.049,213,AAPL-2025-11-20-1143,N
2025-11-20T11:05:20,182.042,263,AAPL-2025-11-20-1144,N
2025-11-20T11:05:25,181.991,170,AAPL-2025-11-20-1145,N
2025-11-20T11:05:30,181.96,186,AAPL-2025-11-20-1146,N
2025-11-20T11:05:35,181.963,221,AAPL-2025-11-20-1147,N
2025-11-20T11:05:40,181.95,156,AAPL-2025-11-20-1148,N
2025-11-20T11:05:45,182.012,320,AAPL-2025-11-20-1149,N
2025-11-20T11:05:50,182.017,162,AAPL-2025-11-20-1150,N
2025-11-20T11:05:55,182.071,127,AAPL-2025-11-20-1151,N
2025-11-20T11:06:00,182.058,165,AAPL-2025-11-20-1152,N
2025-11-20T11:06:05,182.016,185,AAPL-2025-11-20-1153,N
2025-11-20T11:06:10,181.985,200,AAPL-2025-11-20-1154,N
2025-11-20T11:06:15,181.986,168,AAPL-2025-11-20-1155,N
2025-11-20T11:06:20,181.972,188,AAPL-2025-11-20-1156,N
2025-11-20T11:06:25,182.002,192,AAPL-2025-11-20-1157,N
2025-11-20T11:06:30,182.032,229,AAPL-2025-11-20-1158,N
2025-11-20T11:06:35,182.053,269,AAPL-2025-11-20-1159,N
2025-11-20T11:06:40,182.012,176,AAPL-2025-11-20-1160,N
2025-11-20T11:06:45,182.076,187,AAPL-2025-11-20-1161,N
2025-11-20T11:06:50,181.973,189,AAPL-2025-11-20-1162,N
2025-11-20T11:06:55,181.978,69,AAPL-2025-11-20-1163,N
2025-11-20T11:07:00,182.027,164,AAPL-2025-11-20-1164,N
2025-11-20T11:07:05,182.039,188,AAPL-2025-11-20-1165,N
2025-11-20T11:07:10,181.992,146,AAPL-2025-11-20-1166,N
2025-11-20T11:07:15,181.958,254,AAPL-2025-11-20-1167,N
2025-11-20T11:07:20,181.953,173,AAPL-2025-11-20-1168,N
2025-11-20T11:07:25,181.919,259,AAPL-2025-11-20-1169,N
2025-11-20T11:07:30,181.972,259,AAPL-2025-11-20-1170,N
2025-11-20T11:07:35,181.99,214,AAPL-2025-11-20-1171,N
2025-11-20T11:07:40,181.945,187,AAPL-2025-11-20-1172,N
2025-11-20T11:07:45,181.921,108,AAPL-2025-11-20-1173,N
2025-11-20T11:07:50,181.959,165,AAPL-2025-11-20-1174,N
2025-11-20T11:07:55,182.003,244,AAPL-2025-11-20-1175,N
2025-11-20T11:08:00,182.023,230,AAPL-2025-11-20-1176,N
2025-11-20T11:08:05,182.0,292,AAPL-2025-11-20-1177,N
2025-11-20T11:08:10,182.002,215,AAPL-2025-11-20-1178,N
2025-11-20T11:08:15,181.978,153,AAPL-2025-11-20-1179,N
2025-11-20T11:08:20,181.996,210,AAPL-2025-11-20-1180,N
2025-11-20T11:08:25,181.967,128,AAPL-2025-11-20-1181,N
2025-11-20T11:08:30,181.921,259,AAPL-2025-11-20-1182,N
2025-11-20T11:08:35,181.899,183,AAPL-2025-11-20-1183,N
2025-11-20T11:08:40,181.951,143,AAPL-2025-11-20-1184,N
2025-11-20T11:08:45,181.925,161,AAPL-2025-11-20-1185,N
2025-11-20T11:08:50,181.984,299,AAPL-2025-11-20-1186,N
2025-11-20T11:08:55,182.011,239,AAPL-2025-11-20-1187,N
2025-11-20T11:09:00,181.99,297,AAPL-2025-11-20-1188,N
2025-11-20T11:09:05,182.0,242,AAPL-2025-11-20-1189,N
2025-11-20T11:09:10,181.996,186,AAPL-2025-11-20-1190,N
2025-11-20T11:09:15,182.056,226,AAPL-2025-11-20-1191,N
2025-11-20T11:09:20,182.109,212,AAPL-2025-11-20-1192,N
2025-11-20T11:09:25,182.078,170,AAPL-2025-11-20-1193,N
2025-11-20T11:09:30,182.082,168,AAPL-2025-11-20-1194,N
2025-11-20T11:09:35,182.042,260,AAPL-2025-11-20-1195,N
2025-11-20T11:09:40,182.022,206,AAPL-2025-11-20-1196,N
2025-11-20T11:09:45,182.033,170,AAPL-2025-11-20-1197,N
2025-11-20T11:09:50,182.085,144,AAPL-2025-11-20-1198,N
2025-11-20T11:09:55,182.095,212,AAPL-2025-11-20-1199,N
2025-11-20T11:10:00,182.093,135,AAPL-2025-11-20-1200,N
2025-11-20T11:10:05,182.125,237,AAPL-2025-11-20-1201,N
2025-11-20T11:10:10,182.1,235,AAPL-2025-11-20-1202,N
2025-11-20T11:10:15,182.114,135,AAPL-2025-11-20-1203,N
2025-11-20T11:10:20,182.083,256,AAPL-2025-11-20-1204,N
2025-11-20T11:10:25,182.094,171,AAPL-2025-11-20-1205,N
2025-11-20T11:10:30,182.063,174,AAPL-2025-11-20-1206,N
2025-11-20T11:10:35,182.047,157,AAPL-2025-11-20-1207,N
2025-11-20T11:10:40,181.983,257,AAPL-2025-11-20-1208,N
2025-11-20T11:10:45,182.018,136,AAPL-2025-11-20-1209,N
2025-11-20T11:10:50,182.023,154,AAPL-2025-11-20-1210,N
2025-11-20T11:10:55,182.014,182,AAPL-2025-11-20-1211,N
2025-11-20T11:11:00,181.998,300,AAPL-2025-11-20-1212,N
2025-11-20T11:11:05,181.982,159,AAPL-2025-11-20-1213,N
2025-11-20T11:11:10,181.955,252,AAPL-2025-11-20-1214,N
2025-11-20T11:11:15,181.894,161,AAPL-2025-11-20-1215,N
2025-11-20T11:11:20,181.947,212,AAPL-2025-11-20-1216,N
2025-11-20T11:11:25,181.954,306,AAPL-2025-11-20-1217,N
2025-11-20T11:11:30,181.963,164,AAPL-2025-11-20-1218,N
2025-11-20T11:11:35,181.953,143,AAPL-2025-11-20-1219,N
2025-11-20T11:11:40,181.998,228,AAPL-2025-11-20-1220,N
2025-11-20T11:11:45,182.039,260,AAPL-2025-11-20-1221,N
2025-11-20T11:11:50,182.024,152,AAPL-2025-11-20-1222,N
2025-11-20T11:11:55,182.022,156,AAPL-2025-11-20-1223,N
2025-11-20T11:12:00,182.028,256,AAPL-2025-11-20-1224,N
2025-11-20T11:12:05,182.022,207,AAPL-2025-11-20-1225,N
2025-11-20T11:12:10,182.019,240,AAPL-2025-11-20-1226,N
2025-11-20T11:12:15,181.995,90,AAPL-2025-11-20-1227,N
2025-11-20T11:12:20,182.012,249,AAPL-2025-11-20-1228,N
2025-11-20T11:12:25,182.028,167,AAPL-2025-11-20-1229,N
2025-11-20T11:12:30,181.987,224,AAPL-2025-11-20-1230,N
2025-11-20T11:12:35,181.992,193,AAPL-2025-11-20-1231,N
2025-11-20T11:12:40,182.058,152,AAPL-2025-11-20-1232,N
2025-11-20T11:12:45,182.123,201,AAPL-2025-11-20-1233,N
2025-11-20T11:12:50,182.056,191,AAPL-2025-11-20-1234,N
2025-11-20T11:12:55,182.091,181,AAPL-2025-11-20-1235,N
2025-11-20T11:13:00,182.037,191,AAPL-2025-11-20-1236,N
2025-11-20T11:13:05,182.006,224,AAPL-2025-11-20-1237,N
2025-11-20T11:13:10,182.034,147,AAPL-2025-11-20-1238,N
2025-11-20T11:13:15,182.008,237,AAPL-2025-11-20-1239,N
2025-11-20T11:13:20,181.977,145,AAPL-2025-11-20-1240,N
2025-11-20T11:13:25,181.934,217,AAPL-2025-11-20-1241,N
2025-11-20T11:13:30,181.945,165,AAPL-2025-11-20-1242,N
2025-11-20T11:13:35,181.946,276,AAPL-2025-11-20-1243,N
2025-11-20T11:13:40,181.91,102,AAPL-2025-11-20-1244,N
2025-11-20T11:13:45,181.927,194,AAPL-2025-11-20-1245,N
2025-11-20T11:13:50,181.901,232,AAPL-2025-11-20-1246,N
2025-11-20T11:13:55,181.931,89,AAPL-2025-11-20-1247,N
2025-11-20T11:14:00,181.908,315,AAPL-2025-11-20-1248,N
2025-11-20T11:14:05,181.929,233,AAPL-2025-11-20-1249,N
2025-11-20T11:14:10,181.972,200,AAPL-2025-11-20-1250,N
2025-11-20T11:14:15,182.001,235,AAPL-2025-11-20-1251,N
2025-11-20T11:14:20,182.02,183,AAPL-2025-11-20-1252,N
2025-11-20T11:14:25,182.026,170,AAPL-2025-11-20-1253,N
2025-11-20T11:14:30,182.027,141,AAPL-2025-11-20-1254,N
2025-11-20T11:14:35,181.998,185,AAPL-2025-11-20-1255,N
2025-11-20T11:14:40,181.964,174,AAPL-2025-11-20-1256,N
2025-11-20T11:14:45,181.958,220,AAPL-2025-11-20-1257,N
2025-11-20T11:14:50,181.992,176,AAPL-2025-11-20-1258,N
2025-11-20T11:14:55,182.041,246,AAPL-2025-11-20-1259,N
2025-11-20T11:15:00,182.059,207,AAPL-2025-11-20-1260,N
2025-11-20T11:15:05,182.071,259,AAPL-2025-11-20-1261,N
2025-11-20T11:15:10,182.115,266,AAPL-2025-11-20-1262,N
2025-11-20T11:15:15,182.117,227,AAPL-2025-11-20-1263,N
2025-11-20T11:15:20,182.166,168,AAPL-2025-11-20-1264,N
2025-11-20T11:15:25,182.154,200,AAPL-2025-11-20-1265,N
2025-11-20T11:15:30,182.187,245,AAPL-2025-11-20-1266,N
2025-11-20T11:15:35,182.179,124,AAPL-2025-11-20-1267,N
2025-11-20T11:15:40,182.188,154,AAPL-2025-11-20-1268,N
2025-11-20T11:15:45,182.133,136,AAPL-2025-11-20-1269,N
2025-11-20T11:15:50,182.145,268,AAPL-2025-11-20-1270,N
2025-11-20T11:15:55,182.147,210,AAPL-2025-11-20-1271,N
2025-11-20T11:16:00,182.19,122,AAPL-2025-11-20-1272,N
2025-11-20T11:16:05,182.209,199,AAPL-2025-11-20-1273,N
2025-11-20T11:16:10,182.229,175,AAPL-2025-11-20-1274,N
2025-11-20T11:16:15,182.2,207,AAPL-2025-11-20-1275,N
2025-11-20T11:16:20,182.26,243,AAPL-2025-11-20-1276,N
2025-11-20T11:16:25,182.241,132,AAPL-2025-11-20-1277,N
2025-11-20T11:16:30,182.18,265,AAPL-2025-11-20-1278,N
2025-11-20T11:16:35,182.145,183,AAPL-2025-11-20-1279,N
2025-11-20T11:16:40,182.193,119,AAPL-2025-11-20-1280,N
2025-11-20T11:16:45,182.248,187,AAPL-2025-11-20-1281,N
2025-11-20T11:16:50,182.206,187,AAPL-2025-11-20-1282,N
2025-11-20T11:16:55,182.179,222,AAPL-2025-11-20-1283,N
2025-11-20T11:17:00,182.156,104,AAPL-2025-11-20-1284,N
2025-11-20T11:17:05,182.148,132,AAPL-2025-11-20-1285,N
2025-11-20T11:17:10,182.155,140,AAPL-2025-11-20-1286,N
2025-11-20T11:17:15,182.137,209,AAPL-2025-11-20-1287,N
2025-11-20T11:17:20,182.13,212,AAPL-2025-11-20-1288,N
2025-11-20T11:17:25,182.154,142,AAPL-2025-11-20-1289,N
2025-11-20T11:17:30,182.152,33,AAPL-2025-11-20-1290,N
2025-11-20T11:17:35,182.161,184,AAPL-2025-11-20-1291,N
2025-11-20T11:17:40,182.125,215,AAPL-2025-11-20-1292,N
2025-11-20T11:17:45,182.168,176,AAPL-2025-11-20-1293,N
2025-11-20T11:17:50,182.134,208,AAPL-2025-11-20-1294,N
2025-11-20T11:17:55,182.085,166,AAPL-2025-11-20-1295,N
2025-11-20T11:18:00,182.129,203,AAPL-2025-11-20-1296,N
2025-11-20T11:18:05,182.061,110,AAPL-2025-11-20-1297,N
2025-11-20T11:18:10,182.067,243,AAPL-2025-11-20-1298,N
2025-11-20T11:18:15,182.008,222,AAPL-2025-11-20-1299,N
2025-11-20T11:18:20,182.056,294,AAPL-2025-11-20-1300,N
2025-11-20T11:18:25,182.068,225,AAPL-2025-11-20-1301,N
2025-11-20T11:18:30,181.991,304,AAPL-2025-11-20-1302,N
2025-11-20T11:18:35,181.97,153,AAPL-2025-11-20-1303,N
2025-11-20T11:18:40,181.96,275,AAPL-2025-11-20-1304,N
2025-11-20T11:18:45,182.041,206,AAPL-2025-11-20-1305,N
2025-11-20T11:18:50,182.077,202,AAPL-2025-11-20-1306,N
2025-11-20T11:18:55,182.039,273,AAPL-2025-11-20-1307,N
2025-11-20T11:19:00,182.017,276,AAPL-2025-11-20-1308,N
2025-11-20T11:19:05,182.064,230,AAPL-2025-11-20-1309,N
2025-11-20T11:19:10,182.131,311,AAPL-2025-11-20-1310,N
2025-11-20T11:19:15,182.124,159,AAPL-2025-11-20-1311,N
2025-11-20T11:19:20,182.056,312,AAPL-2025-11-20-1312,N
2025-11-20T11:19:25,182.04,256,AAPL-2025-11-20-1313,N
2025-11-20T11:19:30,182.013,276,AAPL-2025-11-20-1314,N
2025-11-20T11:19:35,181.988,140,AAPL-2025-11-20-1315,N
2025-11-20T11:19:40,181.98,173,AAPL-2025-11-20-1316,N
2025-11-20T11:19:45,182.002,197,AAPL-2025-11-20-1317,N
2025-11-20T11:19:50,182.025,185,AAPL-2025-11-20-1318,N
2025-11-20T11:19:55,182.001,170,AAPL-2025-11-20-1319,N
2025-11-20T11:20:00,182.075,211,AAPL-2025-11-20-1320,N
2025-11-20T11:20:05,182.003,173,AAPL-2025-11-20-1321,N
2025-11-20T11:20:10,182.006,292,AAPL-2025-11-20-1322,N
2025-11-20T11:20:15,182.044,153,AAPL-2025-11-20-1323,N
2025-11-20T11:20:20,182.132,198,AAPL-2025-11-20-1324,N
2025-11-20T11:20:25,182.177,142,AAPL-2025-11-20-1325,N
2025-11-20T11:20:30,182.09,129,AAPL-2025-11-20-1326,N
2025-11-20T11:20:35,181.971,305,AAPL-2025-11-20-1327,N
2025-11-20T11:20:40,181.979,153,AAPL-2025-11-20-1328,N
2025-11-20T11:20:45,181.996,209,AAPL-2025-11-20-1329,N
2025-11-20T11:20:50,182.018,260,AAPL-2025-11-20-1330,N
2025-11-20T11:20:55,182.008,156,AAPL-2025-11-20-1331,N
2025-11-20T11:21:00,182.038,240,AAPL-2025-11-20-1332,N
2025-11-20T11:21:05,182.042,308,AAPL-2025-11-20-1333,N
2025-11-20T11:21:10,182.026,155,AAPL-2025-11-20-1334,N
2025-11-20T11:21:15,182.041,166,AAPL-2025-11-20-1335,N
2025-11-20T11:21:20,182.059,158,AAPL-2025-11-20-1336,N
2025-11-20T11:21:25,182.044,294,AAPL-2025-11-20-1337,N
2025-11-20T11:21:30,182.03,160,AAPL-2025-11-20-1338,N
2025-11-20T11:21:35,182.072,147,AAPL-2025-11-20-1339,N
2025-11-20T11:21:40,182.047,228,AAPL-2025-11-20-1340,N
2025-11-20T11:21:45,182.081,261,AAPL-2025-11-20-1341,N
2025-11-20T11:21:50,182.054,229,AAPL-2025-11-20-1342,N
2025-11-20T11:21:55,182.037,169,AAPL-2025-11-20-1343,N
2025-11-20T11:22:00,182.081,172,AAPL-2025-11-20-1344,N
2025-11-20T11:22:05,182.091,207,AAPL-2025-11-20-1345,N
2025-11-20T11:22:10,182.052,248,AAPL-2025-11-20-1346,N
2025-11-20T11:22:15,182.072,100,AAPL-2025-11-20-1347,N
2025-11-20T11:22:20,182.082,161,AAPL-2025-11-20-1348,N
2025-11-20T11:22:25,182.122,127,AAPL-2025-11-20-1349,N
2025-11-20T11:22:30,182.109,218,AAPL-2025-11-20-1350,N
2025-11-20T11:22:35,182.111,238,AAPL-2025-11-20-1351,N
2025-11-20T11:22:40,182.056,282,AAPL-2025-11-20-1352,N
2025-11-20T11:22:45,182.075,267,AAPL-2025-11-20-1353,N
2025-11-20T11:22:50,182.107,199,AAPL-2025-11-20-1354,N
2025-11-20T11:22:55,182.06,171,AAPL-2025-11-20-1355,N
2025-11-20T11:23:00,182.118,269,AAPL-2025-11-20-1356,N
2025-11-20T11:23:05,182.096,59,AAPL-2025-11-20-1357,N
2025-11-20T11:23:10,182.088,185,AAPL-2025-11-20-1358,N
2025-11-20T11:23:15,182.079,226,AAPL-2025-11-20-1359,N
2025-11-20T11:23:20,182.111,249,AAPL-2025-11-20-1360,N
2025-11-20T11:23:25,182.127,109,AAPL-2025-11-20-1361,N
2025-11-20T11:23:30,182.114,315,AAPL-2025-11-20-1362,N
2025-11-20T11:23:35,182.128,218,AAPL-2025-11-20-1363,N
2025-11-20T11:23:40,182.141,220,AAPL-2025-11-20-1364,N
2025-11-20T11:23:45,182.054,188,AAPL-2025-11-20-1365,N
2025-11-20T11:23:50,182.053,264,AAPL-2025-11-20-1366,N
2025-11-20T11:23:55,182.055,117,AAPL-2025-11-20-1367,N
2025-11-20T11:24:00,182.07,159,AAPL-2025-11-20-1368,N
2025-11-20T11:24:05,182.026,158,AAPL-2025-11-20-1369,N
2025-11-20T11:24:10,182.046,262,AAPL-2025-11-20-1370,N
2025-11-20T11:24:15,182.063,231,AAPL-2025-11-20-1371,N
2025-11-20T11:24:20,182.081,205,AAPL-2025-11-20-1372,N
2025-11-20T11:24:25,182.106,79,AAPL-2025-11-20-1373,N
2025-11-20T11:24:30,182.11,147,AAPL-2025-11-20-1374,N
2025-11-20T11:24:35,182.152,192,AAPL-2025-11-20-1375,N
2025-11-20T11:24:40,182.153,124,AAPL-2025-11-20-1376,N
2025-11-20T11:24:45,182.191,231,AAPL-2025-11-20-1377,N
2025-11-20T11:24:50,182.211,159,AAPL-2025-11-20-1378,N
2025-11-20T11:24:55,182.183,211,AAPL-2025-11-20-1379,N
2025-11-20T11:25:00,182.157,221,AAPL-2025-11-20-1380,N
2025-11-20T11:25:05,182.079,175,AAPL-2025-11-20-1381,N
2025-11-20T11:25:10,182.144,221,AAPL-2025-11-20-1382,N
2025-11-20T11:25:15,182.15,299,AAPL-2025-11-20-1383,N
2025-11-20T11:25:20,182.065,159,AAPL-2025-11-20-1384,N
2025-11-20T11:25:25,182.05,242,AAPL-2025-11-20-1385,N
2025-11-20T11:25:30,182.082,156,AAPL-2025-11-20-1386,N
2025-11-20T11:25:35,182.119,179,AAPL-2025-11-20-1387,N
2025-11-20T11:25:40,182.163,148,AAPL-2025-11-20-1388,N
2025-11-20T11:25:45,182.158,175,AAPL-2025-11-20-1389,N
2025-11-20T11:25:50,182.197,173,AAPL-2025-11-20-1390,N
2025-11-20T11:25:55,182.195,225,AAPL-2025-11-20-1391,N
2025-11-20T11:26:00,182.215,244,AAPL-2025-11-20-1392,N
2025-11-20T11:26:05,182.223,179,AAPL-2025-11-20-1393,N
2025-11-20T11:26:10,182.21,201,AAPL-2025-11-20-1394,N
2025-11-20T11:26:15,182.219,192,AAPL-2025-11-20-1395,N
2025-11-20T11:26:20,182.22,124,AAPL-2025-11-20-1396,N
2025-11-20T11:26:25,182.244,209,AAPL-2025-11-20-1397,N
2025-11-20T11:26:30,182.281,200,AAPL-2025-11-20-1398,N
2025-11-20T11:26:35,182.217,182,AAPL-2025-11-20-1399,N
2025-11-20T11:26:40,182.21,237,AAPL-2025-11-20-1400,N
2025-11-20T11:26:45,182.135,202,AAPL-2025-11-20-1401,N
2025-11-20T11:26:50,182.153,166,AAPL-2025-11-20-1402,N
2025-11-20T11:26:55,182.156,168,AAPL-2025-11-20-1403,N
2025-11-20T11:27:00,182.129,179,AAPL-2025-11-20-1404,N
2025-11-20T11:27:05,182.103,234,AAPL-2025-11-20-1405,N
2025-11-20T11:27:10,182.077,154,AAPL-2025-11-20-1406,N
2025-11-20T11:27:15,182.141,248,AAPL-2025-11-20-1407,N
2025-11-20T11:27:20,182.073,161,AAPL-2025-11-20-1408,N
2025-11-20T11:27:25,182.082,216,AAPL-2025-11-20-1409,N
2025-11-20T11:27:30,182.028,257,AAPL-2025-11-20-1410,N
2025-11-20T11:27:35,182.058,224,AAPL-2025-11-20-1411,N
2025-11-20T11:27:40,182.107,222,AAPL-2025-11-20-1412,N
2025-11-20T11:27:45,182.124,277,AAPL-2025-11-20-1413,N
2025-11-20T11:27:50,182.164,157,AAPL-2025-11-20-1414,N
2025-11-20T11:27:55,182.187,166,AAPL-2025-11-20-1415,N
2025-11-20T11:28:00,182.205,223,AAPL-2025-11-20-1416,N
2025-11-20T11:28:05,182.155,193,AAPL-2025-11-20-1417,N
2025-11-20T11:28:10,182.164,178,AAPL-2025-11-20-1418,N
2025-11-20T11:28:15,182.176,240,AAPL-2025-11-20-1419,N
2025-11-20T11:28:20,182.175,211,AAPL-2025-11-20-1420,N
2025-11-20T11:28:25,182.225,223,AAPL-2025-11-20-1421,N
2025-11-20T11:28:30,182.232,152,AAPL-2025-11-20-1422,N
2025-11-20T11:28:35,182.257,216,AAPL-2025-11-20-1423,N
2025-11-20T11:28:40,182.304,202,AAPL-2025-11-20-1424,N
2025-11-20T11:28:45,182.238,114,AAPL-2025-11-20-1425,N
2025-11-20T11:28:50,182.264,171,AAPL-2025-11-20-1426,N
2025-11-20T11:28:55,182.28,205,AAPL-2025-11-20-1427,N
2025-11-20T11:29:00,182.274,195,AAPL-2025-11-20-1428,N
2025-11-20T11:29:05,182.243,199,AAPL-2025-11-20-1429,N
2025-11-20T11:29:10,182.221,181,AAPL-2025-11-20-1430,N
2025-11-20T11:29:15,182.21,188,AAPL-2025-11-20-1431,N
2025-11-20T11:29:20,182.243,193,AAPL-2025-11-20-1432,N
2025-11-20T11:29:25,182.28,276,AAPL-2025-11-20-1433,N
2025-11-20T11:29:30,182.312,226,AAPL-2025-11-20-1434,N
2025-11-20T11:29:35,182.324,243,AAPL-2025-11-20-1435,N
2025-11-20T11:29:40,182.327,249,AAPL-2025-11-20-1436,N
2025-11-20T11:29:45,182.349,182,AAPL-2025-11-20-1437,N
2025-11-20T11:29:50,182.382,204,AAPL-2025-11-20-1438,N
2025-11-20T11:29:55,182.378,176,AAPL-2025-11-20-1439,N
2025-11-20T11:30:00,182.384,249,AAPL-2025-11-20-1440,N
2025-11-20T11:30:05,182.416,217,AAPL-2025-11-20-1441,N
2025-11-20T11:30:10,182.438,263,AAPL-2025-11-20-1442,N
2025-11-20T11:30:15,182.433,144,AAPL-2025-11-20-1443,N
2025-11-20T11:30:20,182.48,173,AAPL-2025-11-20-1444,N
2025-11-20T11:30:25,182.455,110,AAPL-2025-11-20-1445,N
2025-11-20T11:30:30,182.476,118,AAPL-2025-11-20-1446,N
2025-11-20T11:30:35,182.449,229,AAPL-2025-11-20-1447,N
2025-11-20T11:30:40,182.475,167,AAPL-2025-11-20-1448,N
2025-11-20T11:30:45,182.47,156,AAPL-2025-11-20-1449,N
2025-11-20T11:30:50,182.45,213,AAPL-2025-11-20-1450,N
2025-11-20T11:30:55,182.432,187,AAPL-2025-11-20-1451,N
2025-11-20T11:31:00,182.378,256,AAPL-2025-11-20-1452,N
2025-11-20T11:31:05,182.397,239,AAPL-2025-11-20-1453,N
2025-11-20T11:31:10,182.444,158,AAPL-2025-11-20-1454,N
2025-11-20T11:31:15,182.431,105,AAPL-2025-11-20-1455,N
2025-11-20T11:31:20,182.545,192,AAPL-2025-11-20-1456,N
2025-11-20T11:31:25,182.583,138,AAPL-2025-11-20-1457,N
2025-11-20T11:31:30,182.62,292,AAPL-2025-11-20-1458,N
2025-11-20T11:31:35,182.618,149,AAPL-2025-11-20-1459,N
2025-11-20T11:31:40,182.613,88,AAPL-2025-11-20-1460,N
2025-11-20T11:31:45,182.611,241,AAPL-2025-11-20-1461,N
2025-11-20T11:31:50,182.61,185,AAPL-2025-11-20-1462,N
2025-11-20T11:31:55,182.629,230,AAPL-2025-11-20-1463,N
2025-11-20T11:32:00,182.568,204,AAPL-2025-11-20-1464,N
2025-11-20T11:32:05,182.657,133,AAPL-2025-11-20-1465,N
2025-11-20T11:32:10,182.654,297,AAPL-2025-11-20-1466,N
2025-11-20T11:32:15,182.695,174,AAPL-2025-11-20-1467,N
2025-11-20T11:32:20,182.702,199,AAPL-2025-11-20-1468,N
2025-11-20T11:32:25,182.675,196,AAPL-2025-11-20-1469,N
2025-11-20T11:32:30,182.665,205,AAPL-2025-11-20-1470,N
2025-11-20T11:32:35,182.637,136,AAPL-2025-11-20-1471,N
2025-11-20T11:32:40,182.636,285,AAPL-2025-11-20-1472,N
2025-11-20T11:32:45,182.639,183,AAPL-2025-11-20-1473,N
2025-11-20T11:32:50,182.666,192,AAPL-2025-11-20-1474,N
2025-11-20T11:32:55,182.735,199,AAPL-2025-11-20-1475,N
2025-11-20T11:33:00,182.76,162,AAPL-2025-11-20-1476,N
2025-11-20T11:33:05,182.779,213,AAPL-2025-11-20-1477,N
2025-11-20T11:33:10,182.776,174,AAPL-2025-11-20-1478,N
2025-11-20T11:33:15,182.753,214,AAPL-2025-11-20-1479,N
2025-11-20T11:33:20,182.776,193,AAPL-2025-11-20-1480,N
2025-11-20T11:33:25,182.787,198,AAPL-2025-11-20-1481,N
2025-11-20T11:33:30,182.79,189,AAPL-2025-11-20-1482,N
2025-11-20T11:33:35,182.791,334,AAPL-2025-11-20-1483,N
2025-11-20T11:33:40,182.802,232,AAPL-2025-11-20-1484,N
2025-11-20T11:33:45,182.818,186,AAPL-2025-11-20-1485,N
2025-11-20T11:33:50,182.866,185,AAPL-2025-11-20-1486,N
2025-11-20T11:33:55,182.904,183,AAPL-2025-11-20-1487,N
2025-11-20T11:34:00,182.869,218,AAPL-2025-11-20-1488,N
2025-11-20T11:34:05,182.829,226,AAPL-2025-11-20-1489,N
2025-11-20T11:34:10,182.785,184,AAPL-2025-11-20-1490,N
2025-11-20T11:34:15,182.733,341,AAPL-2025-11-20-1491,N
2025-11-20T11:34:20,182.672,200,AAPL-2025-11-20-1492,N
2025-11-20T11:34:25,182.714,251,AAPL-2025-11-20-1493,N
2025-11-20T11:34:30,182.745,184,AAPL-2025-11-20-1494,N
2025-11-20T11:34:35,182.794,245,AAPL-2025-11-20-1495,N
2025-11-20T11:34:40,182.802,212,AAPL-2025-11-20-1496,N
2025-11-20T11:34:45,182.791,154,AAPL-2025-11-20-1497,N
2025-11-20T11:34:50,182.836,265,AAPL-2025-11-20-1498,N
2025-11-20T11:34:55,182.804,192,AAPL-2025-11-20-1499,N
2025-11-20T11:35:00,182.799,198,AAPL-2025-11-20-1500,N
2025-11-20T11:35:05,182.801,247,AAPL-2025-11-20-1501,N
2025-11-20T11:35:10,182.774,157,AAPL-2025-11-20-1502,N
2025-11-20T11:35:15,182.819,176,AAPL-2025-11-20-1503,N
2025-11-20T11:35:20,182.773,175,AAPL-2025-11-20-1504,N
2025-11-20T11:35:25,182.761,277,AAPL-2025-11-20-1505,N
2025-11-20T11:35:30,182.795,257,AAPL-2025-11-20-1506,N
2025-11-20T11:35:35,182.825,247,AAPL-2025-11-20-1507,N
2025-11-20T11:35:40,182.799,190,AAPL-2025-11-20-1508,N
2025-11-20T11:35:45,182.763,189,AAPL-2025-11-20-1509,N
2025-11-20T11:35:50,182.788,206,AAPL-2025-11-20-1510,N
2025-11-20T11:35:55,182.836,142,AAPL-2025-11-20-1511,N
2025-11-20T11:36:00,182.854,137,AAPL-2025-11-20-1512,N
2025-11-20T11:36:05,182.858,237,AAPL-2025-11-20-1513,N
2025-11-20T11:36:10,182.85,227,AAPL-2025-11-20-1514,N
2025-11-20T11:36:15,182.815,116,AAPL-2025-11-20-1515,N
2025-11-20T11:36:20,182.835,287,AAPL-2025-11-20-1516,N
2025-11-20T11:36:25,182.799,261,AAPL-2025-11-20-1517,N
2025-11-20T11:36:30,182.8,133,AAPL-2025-11-20-1518,N
2025-11-20T11:36:35,182.759,200,AAPL-2025-11-20-1519,N
2025-11-20T11:36:40,182.744,134,AAPL-2025-11-20-1520,N
2025-11-20T11:36:45,182.682,157,AAPL-2025-11-20-1521,N
2025-11-20T11:36:50,182.69,199,AAPL-2025-11-20-1522,N
2025-11-20T11:36:55,182.671,210,AAPL-2025-11-20-1523,N
2025-11-20T11:37:00,182.709,219,AAPL-2025-11-20-1524,N
2025-11-20T11:37:05,182.705,246,AAPL-2025-11-20-1525,N
2025-11-20T11:37:10,182.67,188,AAPL-2025-11-20-1526,N
2025-11-20T11:37:15,182.662,138,AAPL-2025-11-20-1527,N
2025-11-20T11:37:20,182.647,96,AAPL-2025-11-20-1528,N
2025-11-20T11:37:25,182.717,153,AAPL-2025-11-20-1529,N
2025-11-20T11:37:30,182.775,201,AAPL-2025-11-20-1530,N
2025-11-20T11:37:35,182.795,175,AAPL-2025-11-20-1531,N
2025-11-20T11:37:40,182.803,232,AAPL-2025-11-20-1532,N
2025-11-20T11:37:45,182.827,238,AAPL-2025-11-20-1533,N
2025-11-20T11:37:50,182.814,175,AAPL-2025-11-20-1534,N
2025-11-20T11:37:55,182.756,226,AAPL-2025-11-20-1535,N
2025-11-20T11:38:00,182.795,280,AAPL-2025-11-20-1536,N
2025-11-20T11:38:05,182.806,161,AAPL-2025-11-20-1537,N
2025-11-20T11:38:10,182.744,252,AAPL-2025-11-20-1538,N
2025-11-20T11:38:15,182.679,182,AAPL-2025-11-20-1539,N
2025-11-20T11:38:20,182.67,196,AAPL-2025-11-20-1540,N
2025-11-20T11:38:25,182.672,206,AAPL-2025-11-20-1541,N
2025-11-20T11:38:30,182.583,200,AAPL-2025-11-20-1542,N
2025-11-20T11:38:35,182.502,236,AAPL-2025-11-20-1543,N
2025-11-20T11:38:40,182.482,92,AAPL-2025-11-20-1544,N
2025-11-20T11:38:45,182.452,171,AAPL-2025-11-20-1545,N
2025-11-20T11:38:50,182.496,209,AAPL-2025-11-20-1546,N
2025-11-20T11:38:55,182.508,259,AAPL-2025-11-20-1547,N
2025-11-20T11:39:00,182.505,237,AAPL-2025-11-20-1548,N
2025-11-20T11:39:05,182.53,135,AAPL-2025-11-20-1549,N
2025-11-20T11:39:10,182.583,128,AAPL-2025-11-20-1550,N
2025-11-20T11:39:15,182.617,124,AAPL-2025-11-20-1551,N
2025-11-20T11:39:20,182.639,293,AAPL-2025-11-20-1552,N
2025-11-20T11:39:25,182.631,187,AAPL-2025-11-20-1553,N
2025-11-20T11:39:30,182.653,183,AAPL-2025-11-20-1554,N
2025-11-20T11:39:35,182.72,209,AAPL-2025-11-20-1555,N
2025-11-20T11:39:40,182.708,172,AAPL-2025-11-20-1556,N
2025-11-20T11:39:45,182.674,168,AAPL-2025-11-20-1557,N
2025-11-20T11:39:50,182.661,175,AAPL-2025-11-20-1558,N
2025-11-20T11:39:55,182.637,304,AAPL-2025-11-20-1559,N
2025-11-20T11:40:00,182.599,207,AAPL-2025-11-20-1560,N
2025-11-20T11:40:05,182.621,231,AAPL-2025-11-20-1561,N
2025-11-20T11:40:10,182.619,187,AAPL-2025-11-20-1562,N
2025-11-20T11:40:15,182.635,213,AAPL-2025-11-20-1563,N
2025-11-20T11:40:20,182.626,121,AAPL-2025-11-20-1564,N
2025-11-20T11:40:25,182.609,142,AAPL-2025-11-20-1565,N
2025-11-20T11:40:30,182.585,201,AAPL-2025-11-20-1566,N
2025-11-20T11:40:35,182.598,289,AAPL-2025-11-20-1567,N
2025-11-20T11:40:40,182.578,238,AAPL-2025-11-20-1568,N
2025-11-20T11:40:45,182.589,264,AAPL-2025-11-20-1569,N
2025-11-20T11:40:50,182.61,149,AAPL-2025-11-20-1570,N
2025-11-20T11:40:55,182.547,215,AAPL-2025-11-20-1571,N
2025-11-20T11:41:00,182.528,150,AAPL-2025-11-20-1572,N
2025-11-20T11:41:05,182.482,208,AAPL-2025-11-20-1573,N
2025-11-20T11:41:10,182.537,179,AAPL-2025-11-20-1574,N
2025-11-20T11:41:15,182.558,194,AAPL-2025-11-20-1575,N
2025-11-20T11:41:20,182.511,236,AAPL-2025-11-20-1576,N
2025-11-20T11:41:25,182.471,201,AAPL-2025-11-20-1577,N
2025-11-20T11:41:30,182.459,244,AAPL-2025-11-20-1578,N
2025-11-20T11:41:35,182.42,219,AAPL-2025-11-20-1579,N
2025-11-20T11:41:40,182.39,174,AAPL-2025-11-20-1580,N
2025-11-20T11:41:45,182.257,304,AAPL-2025-11-20-1581,N
2025-11-20T11:41:50,182.277,161,AAPL-2025-11-20-1582,N
2025-11-20T11:41:55,182.236,175,AAPL-2025-11-20-1583,N
2025-11-20T11:42:00,182.262,105,AAPL-2025-11-20-1584,N
2025-11-20T11:42:05,182.257,288,AAPL-2025-11-20-1585,N
2025-11-20T11:42:10,182.216,204,AAPL-2025-11-20-1586,N
2025-11-20T11:42:15,182.296,231,AAPL-2025-11-20-1587,N
2025-11-20T11:42:20,182.301,225,AAPL-2025-11-20-1588,N
2025-11-20T11:42:25,182.286,264,AAPL-2025-11-20-1589,N
2025-11-20T11:42:30,182.271,102,AAPL-2025-11-20-1590,N
2025-11-20T11:42:35,182.257,151,AAPL-2025-11-20-1591,N
2025-11-20T11:42:40,182.247,187,AAPL-2025-11-20-1592,N
2025-11-20T11:42:45,182.29,234,AAPL-2025-11-20-1593,N
2025-11-20T11:42:50,182.3,199,AAPL-2025-11-20-1594,N
2025-11-20T11:42:55,182.261,90,AAPL-2025-11-20-1595,N
2025-11-20T11:43:00,182.266,239,AAPL-2025-11-20-1596,N
2025-11-20T11:43:05,182.262,173,AAPL-2025-11-20-1597,N
2025-11-20T11:43:10,182.279,195,AAPL-2025-11-20-1598,N
2025-11-20T11:43:15,182.34,261,AAPL-2025-11-20-1599,N
2025-11-20T11:43:20,182.375,237,AAPL-2025-11-20-1600,N
2025-11-20T11:43:25,182.328,233,AAPL-2025-11-20-1601,N
2025-11-20T11:43:30,182.342,230,AAPL-2025-11-20-1602,N
2025-11-20T11:43:35,182.36,222,AAPL-2025-11-20-1603,N
2025-11-20T11:43:40,182.458,196,AAPL-2025-11-20-1604,N
2025-11-20T11:43:45,182.492,176,AAPL-2025-11-20-1605,N
2025-11-20T11:43:50,182.521,246,AAPL-2025-11-20-1606,N
2025-11-20T11:43:55,182.535,283,AAPL-2025-11-20-1607,N
2025-11-20T11:44:00,182.502,175,AAPL-2025-11-20-1608,N
2025-11-20T11:44:05,182.51,244,AAPL-2025-11-20-1609,N
2025-11-20T11:44:10,182.517,264,AAPL-2025-11-20-1610,N
2025-11-20T11:44:15,182.492,142,AAPL-2025-11-20-1611,N
2025-11-20T11:44:20,182.504,196,AAPL-2025-11-20-1612,N
2025-11-20T11:44:25,182.523,198,AAPL-2025-11-20-1613,N
2025-11-20T11:44:30,182.511,196,AAPL-2025-11-20-1614,N
2025-11-20T11:44:35,182.512,184,AAPL-2025-11-20-1615,N
2025-11-20T11:44:40,182.505,179,AAPL-2025-11-20-1616,N
2025-11-20T11:44:45,182.536,209,AAPL-2025-11-20-1617,N
2025-11-20T11:44:50,182.618,208,AAPL-2025-11-20-1618,N
2025-11-20T11:44:55,182.598,333,AAPL-2025-11-20-1619,N
2025-11-20T11:45:00,182.613,249,AAPL-2025-11-20-1620,N
2025-11-20T11:45:05,182.635,231,AAPL-2025-11-20-1621,N
2025-11-20T11:45:10,182.654,144,AAPL-2025-11-20-1622,N
2025-11-20T11:45:15,182.668,133,AAPL-2025-11-20-1623,N
2025-11-20T11:45:20,182.662,163,AAPL-2025-11-20-1624,N
2025-11-20T11:45:25,182.675,216,AAPL-2025-11-20-1625,N
2025-11-20T11:45:30,182.692,214,AAPL-2025-11-20-1626,N
2025-11-20T11:45:35,182.67,186,AAPL-2025-11-20-1627,N
2025-11-20T11:45:40,182.704,253,AAPL-2025-11-20-1628,N
2025-11-20T11:45:45,182.662,123,AAPL-2025-11-20-1629,N
2025-11-20T11:45:50,182.635,252,AAPL-2025-11-20-1630,N
2025-11-20T11:45:55,182.68,153,AAPL-2025-11-20-1631,N
2025-11-20T11:46:00,182.691,291,AAPL-2025-11-20-1632,N
2025-11-20T11:46:05,182.706,271,AAPL-2025-11-20-1633,N
2025-11-20T11:46:10,182.742,154,AAPL-2025-11-20-1634,N
2025-11-20T11:46:15,182.736,201,AAPL-2025-11-20-1635,N
2025-11-20T11:46:20,182.739,245,AAPL-2025-11-20-1636,N
2025-11-20T11:46:25,182.754,53,AAPL-2025-11-20-1637,N
2025-11-20T11:46:30,182.706,90,AAPL-2025-11-20-1638,N
2025-11-20T11:46:35,182.713,212,AAPL-2025-11-20-1639,N
2025-11-20T11:46:40,182.723,152,AAPL-2025-11-20-1640,N
2025-11-20T11:46:45,182.748,235,AAPL-2025-11-20-1641,N
2025-11-20T11:46:50,182.702,126,AAPL-2025-11-20-1642,N
2025-11-20T11:46:55,182.702,289,AAPL-2025-11-20-1643,N
2025-11-20T11:47:00,182.764,228,AAPL-2025-11-20-1644,N
2025-11-20T11:47:05,182.737,244,AAPL-2025-11-20-1645,N
2025-11-20T11:47:10,182.721,161,AAPL-2025-11-20-1646,N
2025-11-20T11:47:15,182.642,205,AAPL-2025-11-20-1647,N
2025-11-20T11:47:20,182.619,204,AAPL-2025-11-20-1648,N
2025-11-20T11:47:25,182.535,208,AAPL-2025-11-20-1649,N
2025-11-20T11:47:30,182.447,254,AAPL-2025-11-20-1650,N
2025-11-20T11:47:35,182.466,186,AAPL-2025-11-20-1651,N
2025-11-20T11:47:40,182.486,151,AAPL-2025-11-20-1652,N
2025-11-20T11:47:45,182.489,239,AAPL-2025-11-20-1653,N
2025-11-20T11:47:50,182.376,177,AAPL-2025-11-20-1654,N
2025-11-20T11:47:55,182.375,190,AAPL-2025-11-20-1655,N
2025-11-20T11:48:00,182.428,143,AAPL-2025-11-20-1656,N
2025-11-20T11:48:05,182.406,104,AAPL-2025-11-20-1657,N
2025-11-20T11:48:10,182.461,187,AAPL-2025-11-20-1658,N
2025-11-20T11:48:15,182.445,197,AAPL-2025-11-20-1659,N
2025-11-20T11:48:20,182.468,217,AAPL-2025-11-20-1660,N
2025-11-20T11:48:25,182.564,222,AAPL-2025-11-20-1661,N
2025-11-20T11:48:30,182.547,171,AAPL-2025-11-20-1662,N
2025-11-20T11:48:35,182.533,124,AAPL-2025-11-20-1663,N
2025-11-20T11:48:40,182.535,239,AAPL-2025-11-20-1664,N
2025-11-20T11:48:45,182.512,159,AAPL-2025-11-20-1665,N
2025-11-20T11:48:50,182.568,128,AAPL-2025-11-20-1666,N
2025-11-20T11:48:55,182.492,142,AAPL-2025-11-20-1667,N
2025-11-20T11:49:00,182.436,219,AAPL-2025-11-20-1668,N
2025-11-20T11:49:05,182.423,189,AAPL-2025-11-20-1669,N
2025-11-20T11:49:10,182.465,165,AAPL-2025-11-20-1670,N
2025-11-20T11:49:15,182.493,275,AAPL-2025-11-20-1671,N
2025-11-20T11:49:20,182.476,236,AAPL-2025-11-20-1672,N
2025-11-20T11:49:25,182.468,246,AAPL-2025-11-20-1673,N
2025-11-20T11:49:30,182.41,117,AAPL-2025-11-20-1674,N
2025-11-20T11:49:35,182.396,155,AAPL-2025-11-20-1675,N
2025-11-20T11:49:40,182.377,189,AAPL-2025-11-20-1676,N
2025-11-20T11:49:45,182.403,179,AAPL-2025-11-20-1677,N
2025-11-20T11:49:50,182.373,182,AAPL-2025-11-20-1678,N
2025-11-20T11:49:55,182.345,153,AAPL-2025-11-20-1679,N
2025-11-20T11:50:00,182.286,203,AAPL-2025-11-20-1680,N
2025-11-20T11:50:05,182.266,248,AAPL-2025-11-20-1681,N
2025-11-20T11:50:10,182.213,172,AAPL-2025-11-20-1682,N
2025-11-20T11:50:15,182.279,153,AAPL-2025-11-20-1683,N
2025-11-20T11:50:20,182.27,139,AAPL-2025-11-20-1684,N
2025-11-20T11:50:25,182.221,277,AAPL-2025-11-20-1685,N
2025-11-20T11:50:30,182.227,206,AAPL-2025-11-20-1686,N
2025-11-20T11:50:35,182.166,217,AAPL-2025-11-20-1687,N
2025-11-20T11:50:40,182.208,257,AAPL-2025-11-20-1688,N
2025-11-20T11:50:45,182.232,143,AAPL-2025-11-20-1689,N
2025-11-20T11:50:50,182.244,233,AAPL-2025-11-20-1690,N
2025-11-20T11:50:55,182.178,143,AAPL-2025-11-20-1691,N
2025-11-20T11:51:00,182.21,243,AAPL-2025-11-20-1692,N
2025-11-20T11:51:05,182.154,239,AAPL-2025-11-20-1693,N
2025-11-20T11:51:10,182.158,239,AAPL-2025-11-20-1694,N
2025-11-20T11:51:15,182.134,232,AAPL-2025-11-20-1695,N
2025-11-20T11:51:20,182.165,182,AAPL-2025-11-20-1696,N
2025-11-20T11:51:25,182.166,167,AAPL-2025-11-20-1697,N
2025-11-20T11:51:30,182.226,193,AAPL-2025-11-20-1698,N
2025-11-20T11:51:35,182.192,164,AAPL-2025-11-20-1699,N
2025-11-20T11:51:40,182.197,237,AAPL-2025-11-20-1700,N
2025-11-20T11:51:45,182.148,292,AAPL-2025-11-20-1701,N
2025-11-20T11:51:50,182.16,223,AAPL-2025-11-20-1702,N
2025-11-20T11:51:55,182.156,200,AAPL-2025-11-20-1703,N
2025-11-20T11:52:00,182.151,250,AAPL-2025-11-20-1704,N
2025-11-20T11:52:05,182.15,238,AAPL-2025-11-20-1705,N
2025-11-20T11:52:10,182.135,209,AAPL-2025-11-20-1706,N
2025-11-20T11:52:15,182.105,260,AAPL-2025-11-20-1707,N
2025-11-20T11:52:20,182.075,183,AAPL-2025-11-20-1708,N
2025-11-20T11:52:25,182.063,182,AAPL-2025-11-20-1709,N
2025-11-20T11:52:30,182.09,184,AAPL-2025-11-20-1710,N
2025-11-20T11:52:35,182.14,159,AAPL-2025-11-20-1711,N
2025-11-20T11:52:40,182.147,161,AAPL-2025-11-20-1712,N
2025-11-20T11:52:45,182.162,199,AAPL-2025-11-20-1713,N
2025-11-20T11:52:50,182.156,259,AAPL-2025-11-20-1714,N
2025-11-20T11:52:55,182.132,229,AAPL-2025-11-20-1715,N
2025-11-20T11:53:00,182.104,205,AAPL-2025-11-20-1716,N
2025-11-20T11:53:05,182.061,166,AAPL-2025-11-20-1717,N
2025-11-20T11:53:10,182.058,290,AAPL-2025-11-20-1718,N
2025-11-20T11:53:15,182.062,282,AAPL-2025-11-20-1719,N
2025-11-20T11:53:20,182.07,180,AAPL-2025-11-20-1720,N
2025-11-20T11:53:25,182.126,221,AAPL-2025-11-20-1721,N
2025-11-20T11:53:30,182.102,223,AAPL-2025-11-20-1722,N
2025-11-20T11:53:35,182.092,100,AAPL-2025-11-20-1723,N
2025-11-20T11:53:40,182.126,254,AAPL-2025-11-20-1724,N
2025-11-20T11:53:45,182.193,221,AAPL-2025-11-20-1725,N
2025-11-20T11:53:50,182.184,241,AAPL-2025-11-20-1726,N
2025-11-20T11:53:55,182.215,281,AAPL-2025-11-20-1727,N
2025-11-20T11:54:00,182.213,191,AAPL-2025-11-20-1728,N
2025-11-20T11:54:05,182.187,226,AAPL-2025-11-20-1729,N
2025-11-20T11:54:10,182.13,238,AAPL-2025-11-20-1730,N
2025-11-20T11:54:15,182.152,229,AAPL-2025-11-20-1731,N
2025-11-20T11:54:20,182.157,276,AAPL-2025-11-20-1732,N
2025-11-20T11:54:25,182.189,169,AAPL-2025-11-20-1733,N
2025-11-20T11:54:30,182.167,156,AAPL-2025-11-20-1734,N
2025-11-20T11:54:35,182.187,149,AAPL-2025-11-20-1735,N
2025-11-20T11:54:40,182.227,266,AAPL-2025-11-20-1736,N
2025-11-20T11:54:45,182.195,190,AAPL-2025-11-20-1737,N
2025-11-20T11:54:50,182.195,244,AAPL-2025-11-20-1738,N
2025-11-20T11:54:55,182.254,115,AAPL-2025-11-20-1739,N
2025-11-20T11:55:00,182.242,186,AAPL-2025-11-20-1740,N
2025-11-20T11:55:05,182.191,175,AAPL-2025-11-20-1741,N
2025-11-20T11:55:10,182.207,186,AAPL-2025-11-20-1742,N
2025-11-20T11:55:15,182.151,343,AAPL-2025-11-20-1743,N
2025-11-20T11:55:20,182.16,205,AAPL-2025-11-20-1744,N
2025-11-20T11:55:25,182.12,213,AAPL-2025-11-20-1745,N
2025-11-20T11:55:30,182.114,105,AAPL-2025-11-20-1746,N
2025-11-20T11:55:35,182.075,239,AAPL-2025-11-20-1747,N
2025-11-20T11:55:40,182.146,218,AAPL-2025-11-20-1748,N
2025-11-20T11:55:45,182.186,192,AAPL-2025-11-20-1749,N
2025-11-20T11:55:50,182.183,254,AAPL-2025-11-20-1750,N
2025-11-20T11:55:55,182.244,265,AAPL-2025-11-20-1751,N
2025-11-20T11:56:00,182.205,196,AAPL-2025-11-20-1752,N
2025-11-20T11:56:05,182.215,187,AAPL-2025-11-20-1753,N
2025-11-20T11:56:10,182.229,241,AAPL-2025-11-20-1754,N
2025-11-20T11:56:15,182.266,284,AAPL-2025-11-20-1755,N
2025-11-20T11:56:20,182.254,131,AAPL-2025-11-20-1756,N
2025-11-20T11:56:25,182.267,294,AAPL-2025-11-20-1757,N
2025-11-20T11:56:30,182.249,234,AAPL-2025-11-20-1758,N
2025-11-20T11:56:35,182.275,209,AAPL-2025-11-20-1759,N
2025-11-20T11:56:40,182.275,153,AAPL-2025-11-20-1760,N
2025-11-20T11:56:45,182.192,144,AAPL-2025-11-20-1761,N
2025-11-20T11:56:50,182.178,254,AAPL-2025-11-20-1762,N
2025-11-20T11:56:55,182.174,174,AAPL-2025-11-20-1763,N
2025-11-20T11:57:00,182.141,232,AAPL-2025-11-20-1764,N
2025-11-20T11:57:05,182.191,253,AAPL-2025-11-20-1765,N
2025-11-20T11:57:10,182.213,126,AAPL-2025-11-20-1766,N
2025-11-20T11:57:15,182.2,297,AAPL-2025-11-20-1767,N
2025-11-20T11:57:20,182.241,123,AAPL-2025-11-20-1768,N
2025-11-20T11:57:25,182.239,218,AAPL-2025-11-20-1769,N
2025-11-20T11:57:30,182.211,84,AAPL-2025-11-20-1770,N
2025-11-20T11:57:35,182.215,160,AAPL-2025-11-20-1771,N
2025-11-20T11:57:40,182.186,182,AAPL-2025-11-20-1772,N
2025-11-20T11:57:45,182.181,199,AAPL-2025-11-20-1773,N
2025-11-20T11:57:50,182.149,188,AAPL-2025-11-20-1774,N
2025-11-20T11:57:55,182.085,215,AAPL-2025-11-20-1775,N
2025-11-20T11:58:00,181.981,185,AAPL-2025-11-20-1776,N
2025-11-20T11:58:05,182.015,147,AAPL-2025-11-20-1777,N
2025-11-20T11:58:10,182.041,257,AAPL-2025-11-20-1778,N
2025-11-20T11:58:15,181.92,192,AAPL-2025-11-20-1779,N
2025-11-20T11:58:20,181.816,194,AAPL-2025-11-20-1780,N
2025-11-20T11:58:25,181.815,75,AAPL-2025-11-20-1781,N
2025-11-20T11:58:30,181.885,214,AAPL-2025-11-20-1782,N
2025-11-20T11:58:35,181.854,273,AAPL-2025-11-20-1783,N
2025-11-20T11:58:40,181.789,138,AAPL-2025-11-20-1784,N
2025-11-20T11:58:45,181.705,290,AAPL-2025-11-20-1785,N
2025-11-20T11:58:50,181.718,232,AAPL-2025-11-20-1786,N
2025-11-20T11:58:55,181.729,228,AAPL-2025-11-20-1787,N
2025-11-20T11:59:00,181.731,213,AAPL-2025-11-20-1788,N
2025-11-20T11:59:05,181.735,169,AAPL-2025-11-20-1789,N
2025-11-20T11:59:10,181.734,213,AAPL-2025-11-20-1790,N
2025-11-20T11:59:15,181.738,126,AAPL-2025-11-20-1791,N
2025-11-20T11:59:20,181.689,254,AAPL-2025-11-20-1792,N
2025-11-20T11:59:25,181.678,229,AAPL-2025-11-20-1793,N
2025-11-20T11:59:30,181.638,126,AAPL-2025-11-20-1794,N
2025-11-20T11:59:35,181.607,188,AAPL-2025-11-20-1795,N
2025-11-20T11:59:40,181.583,264,AAPL-2025-11-20-1796,N
2025-11-20T11:59:45,181.59,292,AAPL-2025-11-20-1797,N
2025-11-20T11:59:50,181.604,79,AAPL-2025-11-20-1798,N
2025-11-20T11:59:55,181.643,124,AAPL-2025-11-20-1799,N
2025-11-20T12:00:00,181.651,161,AAPL-2025-11-20-1800,N
2025-11-20T12:00:05,181.729,271,AAPL-2025-11-20-1801,N
2025-11-20T12:00:10,181.702,193,AAPL-2025-11-20-1802,N
2025-11-20T12:00:15,181.711,243,AAPL-2025-11-20-1803,N
2025-11-20T12:00:20,181.712,148,AAPL-2025-11-20-1804,N
2025-11-20T12:00:25,181.686,199,AAPL-2025-11-20-1805,N
2025-11-20T12:00:30,181.731,221,AAPL-2025-11-20-1806,N
2025-11-20T12:00:35,181.702,232,AAPL-2025-11-20-1807,N
2025-11-20T12:00:40,181.688,244,AAPL-2025-11-20-1808,N
2025-11-20T12:00:45,181.78,182,AAPL-2025-11-20-1809,N
2025-11-20T12:00:50,181.809,162,AAPL-2025-11-20-1810,N
2025-11-20T12:00:55,181.805,201,AAPL-2025-11-20-1811,N
2025-11-20T12:01:00,181.798,323,AAPL-2025-11-20-1812,N
2025-11-20T12:01:05,181.787,229,AAPL-2025-11-20-1813,N
2025-11-20T12:01:10,181.717,221,AAPL-2025-11-20-1814,N
2025-11-20T12:01:15,181.758,173,AAPL-2025-11-20-1815,N
2025-11-20T12:01:20,181.667,198,AAPL-2025-11-20-1816,N
2025-11-20T12:01:25,181.668,236,AAPL-2025-11-20-1817,N
2025-11-20T12:01:30,181.741,180,AAPL-2025-11-20-1818,N
2025-11-20T12:01:35,181.71,141,AAPL-2025-11-20-1819,N
2025-11-20T12:01:40,181.717,223,AAPL-2025-11-20-1820,N
2025-11-20T12:01:45,181.697,238,AAPL-2025-11-20-1821,N
2025-11-20T12:01:50,181.714,202,AAPL-2025-11-20-1822,N
2025-11-20T12:01:55,181.681,175,AAPL-2025-11-20-1823,N
2025-11-20T12:02:00,181.593,211,AAPL-2025-11-20-1824,N
2025-11-20T12:02:05,181.594,209,AAPL-2025-11-20-1825,N
2025-11-20T12:02:10,181.612,219,AAPL-2025-11-20-1826,N
2025-11-20T12:02:15,181.608,202,AAPL-2025-11-20-1827,N
2025-11-20T12:02:20,181.557,170,AAPL-2025-11-20-1828,N
2025-11-20T12:02:25,181.559,163,AAPL-2025-11-20-1829,N
2025-11-20T12:02:30,181.59,167,AAPL-2025-11-20-1830,N
2025-11-20T12:02:35,181.598,205,AAPL-2025-11-20-1831,N
2025-11-20T12:02:40,181.625,245,AAPL-2025-11-20-1832,N
2025-11-20T12:02:45,181.65,94,AAPL-2025-11-20-1833,N
2025-11-20T12:02:50,181.694,276,AAPL-2025-11-20-1834,N
2025-11-20T12:02:55,181.676,211,AAPL-2025-11-20-1835,N
2025-11-20T12:03:00,181.644,102,AAPL-2025-11-20-1836,N
2025-11-20T12:03:05,181.617,172,AAPL-2025-11-20-1837,N
2025-11-20T12:03:10,181.604,152,AAPL-2025-11-20-1838,N
2025-11-20T12:03:15,181.578,199,AAPL-2025-11-20-1839,N
2025-11-20T12:03:20,181.55,227,AAPL-2025-11-20-1840,N
2025-11-20T12:03:25,181.574,319,AAPL-2025-11-20-1841,N
2025-11-20T12:03:30,181.615,212,AAPL-2025-11-20-1842,N
2025-11-20T12:03:35,181.593,214,AAPL-2025-11-20-1843,N
2025-11-20T12:03:40,181.605,174,AAPL-2025-11-20-1844,N
2025-11-20T12:03:45,181.633,130,AAPL-2025-11-20-1845,N
2025-11-20T12:03:50,181.624,227,AAPL-2025-11-20-1846,N
2025-11-20T12:03:55,181.614,189,AAPL-2025-11-20-1847,N
2025-11-20T12:04:00,181.609,158,AAPL-2025-11-20-1848,N
2025-11-20T12:04:05,181.651,149,AAPL-2025-11-20-1849,N
2025-11-20T12:04:10,181.663,220,AAPL-2025-11-20-1850,N
2025-11-20T12:04:15,181.628,203,AAPL-2025-11-20-1851,N
2025-11-20T12:04:20,181.595,269,AAPL-2025-11-20-1852,N
2025-11-20T12:04:25,181.554,167,AAPL-2025-11-20-1853,N
2025-11-20T12:04:30,181.51,132,AAPL-2025-11-20-1854,N
2025-11-20T12:04:35,181.567,227,AAPL-2025-11-20-1855,N
2025-11-20T12:04:40,181.572,167,AAPL-2025-11-20-1856,N
2025-11-20T12:04:45,181.605,158,AAPL-2025-11-20-1857,N
2025-11-20T12:04:50,181.634,156,AAPL-2025-11-20-1858,N
2025-11-20T12:04:55,181.611,237,AAPL-2025-11-20-1859,N
2025-11-20T12:05:00,181.642,229,AAPL-2025-11-20-1860,N
2025-11-20T12:05:05,181.604,177,AAPL-2025-11-20-1861,N
2025-11-20T12:05:10,181.61,157,AAPL-2025-11-20-1862,N
2025-11-20T12:05:15,181.66,79,AAPL-2025-11-20-1863,N
2025-11-20T12:05:20,181.631,174,AAPL-2025-11-20-1864,N
2025-11-20T12:05:25,181.528,130,AAPL-2025-11-20-1865,N
2025-11-20T12:05:30,181.551,201,AAPL-2025-11-20-1866,N
2025-11-20T12:05:35,181.608,277,AAPL-2025-11-20-1867,N
2025-11-20T12:05:40,181.624,215,AAPL-2025-11-20-1868,N
2025-11-20T12:05:45,181.626,67,AAPL-2025-11-20-1869,N
2025-11-20T12:05:50,181.575,205,AAPL-2025-11-20-1870,N
2025-11-20T12:05:55,181.598,214,AAPL-2025-11-20-1871,N
2025-11-20T12:06:00,181.565,246,AAPL-2025-11-20-1872,N
2025-11-20T12:06:05,181.619,246,AAPL-2025-11-20-1873,N
2025-11-20T12:06:10,181.655,172,AAPL-2025-11-20-1874,N
2025-11-20T12:06:15,181.694,207,AAPL-2025-11-20-1875,N
2025-11-20T12:06:20,181.713,218,AAPL-2025-11-20-1876,N
2025-11-20T12:06:25,181.708,156,AAPL-2025-11-20-1877,N
2025-11-20T12:06:30,181.705,249,AAPL-2025-11-20-1878,N
2025-11-20T12:06:35,181.689,244,AAPL-2025-11-20-1879,N
2025-11-20T12:06:40,181.716,185,AAPL-2025-11-20-1880,N
2025-11-20T12:06:45,181.766,182,AAPL-2025-11-20-1881,N
2025-11-20T12:06:50,181.821,221,AAPL-2025-11-20-1882,N
2025-11-20T12:06:55,181.821,155,AAPL-2025-11-20-1883,N
2025-11-20T12:07:00,181.818,189,AAPL-2025-11-20-1884,N
2025-11-20T12:07:05,181.772,189,AAPL-2025-11-20-1885,N
2025-11-20T12:07:10,181.743,229,AAPL-2025-11-20-1886,N
2025-11-20T12:07:15,181.79,138,AAPL-2025-11-20-1887,N
2025-11-20T12:07:20,181.852,193,AAPL-2025-11-20-1888,N
2025-11-20T12:07:25,181.817,237,AAPL-2025-11-20-1889,N
2025-11-20T12:07:30,181.801,195,AAPL-2025-11-20-1890,N
2025-11-20T12:07:35,181.786,159,AAPL-2025-11-20-1891,N
2025-11-20T12:07:40,181.812,185,AAPL-2025-11-20-1892,N
2025-11-20T12:07:45,181.76,227,AAPL-2025-11-20-1893,N
2025-11-20T12:07:50,181.716,142,AAPL-2025-11-20-1894,N
2025-11-20T12:07:55,181.76,140,AAPL-2025-11-20-1895,N
2025-11-20T12:08:00,181.675,231,AAPL-2025-11-20-1896,N
2025-11-20T12:08:05,181.664,189,AAPL-2025-11-20-1897,N
2025-11-20T12:08:10,181.653,211,AAPL-2025-11-20-1898,N
2025-11-20T12:08:15,181.626,273,AAPL-2025-11-20-1899,N
2025-11-20T12:08:20,181.572,222,AAPL-2025-11-20-1900,N
2025-11-20T12:08:25,181.595,162,AAPL-2025-11-20-1901,N
2025-11-20T12:08:30,181.558,250,AAPL-2025-11-20-1902,N
2025-11-20T12:08:35,181.522,169,AAPL-2025-11-20-1903,N
2025-11-20T12:08:40,181.554,201,AAPL-2025-11-20-1904,N
2025-11-20T12:08:45,181.489,287,AAPL-2025-11-20-1905,N
2025-11-20T12:08:50,181.47,179,AAPL-2025-11-20-1906,N
2025-11-20T12:08:55,181.479,231,AAPL-2025-11-20-1907,N
2025-11-20T12:09:00,181.55,116,AAPL-2025-11-20-1908,N
2025-11-20T12:09:05,181.58,237,AAPL-2025-11-20-1909,N
2025-11-20T12:09:10,181.575,239,AAPL-2025-11-20-1910,N
2025-11-20T12:09:15,181.609,130,AAPL-2025-11-20-1911,N
2025-11-20T12:09:20,181.673,122,AAPL-2025-11-20-1912,N
2025-11-20T12:09:25,181.631,186,AAPL-2025-11-20-1913,N
2025-11-20T12:09:30,181.701,184,AAPL-2025-11-20-1914,N
2025-11-20T12:09:35,181.7,271,AAPL-2025-11-20-1915,N
2025-11-20T12:09:40,181.689,141,AAPL-2025-11-20-1916,N
2025-11-20T12:09:45,181.674,268,AAPL-2025-11-20-1917,N
2025-11-20T12:09:50,181.677,296,AAPL-2025-11-20-1918,N
2025-11-20T12:09:55,181.704,167,AAPL-2025-11-20-1919,N
2025-11-20T12:10:00,181.705,157,AAPL-2025-11-20-1920,N
2025-11-20T12:10:05,181.681,423,AAPL-2025-11-20-1921,N
2025-11-20T12:10:10,181.718,243,AAPL-2025-11-20-1922,N
2025-11-20T12:10:15,181.695,278,AAPL-2025-11-20-1923,N
2025-11-20T12:10:20,181.735,294,AAPL-2025-11-20-1924,N
2025-11-20T12:10:25,181.802,126,AAPL-2025-11-20-1925,N
2025-11-20T12:10:30,181.762,149,AAPL-2025-11-20-1926,N
2025-11-20T12:10:35,181.727,216,AAPL-2025-11-20-1927,N
2025-11-20T12:10:40,181.707,303,AAPL-2025-11-20-1928,N
2025-11-20T12:10:45,181.776,199,AAPL-2025-11-20-1929,N
2025-11-20T12:10:50,181.847,274,AAPL-2025-11-20-1930,N
2025-11-20T12:10:55,181.831,99,AAPL-2025-11-20-1931,N
2025-11-20T12:11:00,181.823,167,AAPL-2025-11-20-1932,N
2025-11-20T12:11:05,181.83,204,AAPL-2025-11-20-1933,N
2025-11-20T12:11:10,181.833,226,AAPL-2025-11-20-1934,N
2025-11-20T12:11:15,181.788,220,AAPL-2025-11-20-1935,N
2025-11-20T12:11:20,181.772,209,AAPL-2025-11-20-1936,N
2025-11-20T12:11:25,181.807,138,AAPL-2025-11-20-1937,N
2025-11-20T12:11:30,181.797,194,AAPL-2025-11-20-1938,N
2025-11-20T12:11:35,181.778,244,AAPL-2025-11-20-1939,N
2025-11-20T12:11:40,181.752,172,AAPL-2025-11-20-1940,N
2025-11-20T12:11:45,181.726,254,AAPL-2025-11-20-1941,N
2025-11-20T12:11:50,181.708,223,AAPL-2025-11-20-1942,N
2025-11-20T12:11:55,181.78,196,AAPL-2025-11-20-1943,N
2025-11-20T12:12:00,181.821,283,AAPL-2025-11-20-1944,N
2025-11-20T12:12:05,181.858,199,AAPL-2025-11-20-1945,N
2025-11-20T12:12:10,181.881,135,AAPL-2025-11-20-1946,N
2025-11-20T12:12:15,181.853,169,AAPL-2025-11-20-1947,N
2025-11-20T12:12:20,181.935,159,AAPL-2025-11-20-1948,N
2025-11-20T12:12:25,181.904,147,AAPL-2025-11-20-1949,N
2025-11-20T12:12:30,181.925,207,AAPL-2025-11-20-1950,N
2025-11-20T12:12:35,181.964,233,AAPL-2025-11-20-1951,N
2025-11-20T12:12:40,181.914,159,AAPL-2025-11-20-1952,N
2025-11-20T12:12:45,181.964,189,AAPL-2025-11-20-1953,N
2025-11-20T12:12:50,182.007,192,AAPL-2025-11-20-1954,N
2025-11-20T12:12:55,181.972,184,AAPL-2025-11-20-1955,N
2025-11-20T12:13:00,181.937,171,AAPL-2025-11-20-1956,N
2025-11-20T12:13:05,181.944,225,AAPL-2025-11-20-1957,N
2025-11-20T12:13:10,181.886,199,AAPL-2025-11-20-1958,N
2025-11-20T12:13:15,181.865,167,AAPL-2025-11-20-1959,N
2025-11-20T12:13:20,181.869,172,AAPL-2025-11-20-1960,N
2025-11-20T12:13:25,181.92,259,AAPL-2025-11-20-1961,N
2025-11-20T12:13:30,181.963,175,AAPL-2025-11-20-1962,N
2025-11-20T12:13:35,181.928,204,AAPL-2025-11-20-1963,N
2025-11-20T12:13:40,181.922,169,AAPL-2025-11-20-1964,N
2025-11-20T12:13:45,181.879,197,AAPL-2025-11-20-1965,N
2025-11-20T12:13:50,181.865,234,AAPL-2025-11-20-1966,N
2025-11-20T12:13:55,181.889,255,AAPL-2025-11-20-1967,N
2025-11-20T12:14:00,181.843,220,AAPL-2025-11-20-1968,N
2025-11-20T12:14:05,181.817,138,AAPL-2025-11-20-1969,N
2025-11-20T12:14:10,181.801,253,AAPL-2025-11-20-1970,N
2025-11-20T12:14:15,181.788,278,AAPL-2025-11-20-1971,N
2025-11-20T12:14:20,181.808,180,AAPL-2025-11-20-1972,N
2025-11-20T12:14:25,181.85,222,AAPL-2025-11-20-1973,N
2025-11-20T12:14:30,181.816,292,AAPL-2025-11-20-1974,N
2025-11-20T12:14:35,181.825,200,AAPL-2025-11-20-1975,N
2025-11-20T12:14:40,181.794,258,AAPL-2025-11-20-1976,N
2025-11-20T12:14:45,181.813,231,AAPL-2025-11-20-1977,N
2025-11-20T12:14:50,181.794,241,AAPL-2025-11-20-1978,N
2025-11-20T12:14:55,181.828,166,AAPL-2025-11-20-1979,N
2025-11-20T12:15:00,181.776,229,AAPL-2025-11-20-1980,N
2025-11-20T12:15:05,181.719,207,AAPL-2025-11-20-1981,N
2025-11-20T12:15:10,181.703,260,AAPL-2025-11-20-1982,N
2025-11-20T12:15:15,181.688,255,AAPL-2025-11-20-1983,N
2025-11-20T12:15:20,181.67,249,AAPL-2025-11-20-1984,N
2025-11-20T12:15:25,181.745,146,AAPL-2025-11-20-1985,N
2025-11-20T12:15:30,181.755,337,AAPL-2025-11-20-1986,N
2025-11-20T12:15:35,181.758,203,AAPL-2025-11-20-1987,N
2025-11-20T12:15:40,181.786,202,AAPL-2025-11-20-1988,N
2025-11-20T12:15:45,181.724,256,AAPL-2025-11-20-1989,N
2025-11-20T12:15:50,181.651,179,AAPL-2025-11-20-1990,N
2025-11-20T12:15:55,181.695,182,AAPL-2025-11-20-1991,N
2025-11-20T12:16:00,181.67,243,AAPL-2025-11-20-1992,N
2025-11-20T12:16:05,181.639,138,AAPL-2025-11-20-1993,N
2025-11-20T12:16:10,181.649,190,AAPL-2025-11-20-1994,N
2025-11-20T12:16:15,181.604,231,AAPL-2025-11-20-1995,N
2025-11-20T12:16:20,181.621,182,AAPL-2025-11-20-1996,N
2025-11-20T12:16:25,181.61,223,AAPL-2025-11-20-1997,N
2025-11-20T12:16:30,181.653,185,AAPL-2025-11-20-1998,N
2025-11-20T12:16:35,181.677,228,AAPL-2025-11-20-1999,N
2025-11-20T12:16:40,181.709,201,AAPL-2025-11-20-2000,N
2025-11-20T12:16:45,181.676,176,AAPL-2025-11-20-2001,N
2025-11-20T12:16:50,181.688,290,AAPL-2025-11-20-2002,N
2025-11-20T12:16:55,181.671,240,AAPL-2025-11-20-2003,N
2025-11-20T12:17:00,181.659,205,AAPL-2025-11-20-2004,N
2025-11-20T12:17:05,181.714,238,AAPL-2025-11-20-2005,N
2025-11-20T12:17:10,181.669,171,AAPL-2025-11-20-2006,N
2025-11-20T12:17:15,181.715,207,AAPL-2025-11-20-2007,N
2025-11-20T12:17:20,181.673,159,AAPL-2025-11-20-2008,N
2025-11-20T12:17:25,181.698,249,AAPL-2025-11-20-2009,N
2025-11-20T12:17:30,181.699,323,AAPL-2025-11-20-2010,N
2025-11-20T12:17:35,181.729,187,AAPL-2025-11-20-2011,N
2025-11-20T12:17:40,181.699,151,AAPL-2025-11-20-2012,N
2025-11-20T12:17:45,181.711,175,AAPL-2025-11-20-2013,N
2025-11-20T12:17:50,181.772,273,AAPL-2025-11-20-2014,N
2025-11-20T12:17:55,181.795,141,AAPL-2025-11-20-2015,N
2025-11-20T12:18:00,181.771,262,AAPL-2025-11-20-2016,N
2025-11-20T12:18:05,181.75,256,AAPL-2025-11-20-2017,N
2025-11-20T12:18:10,181.768,202,AAPL-2025-11-20-2018,N
2025-11-20T12:18:15,181.742,195,AAPL-2025-11-20-2019,N
2025-11-20T12:18:20,181.749,251,AAPL-2025-11-20-2020,N
2025-11-20T12:18:25,181.717,186,AAPL-2025-11-20-2021,N
2025-11-20T12:18:30,181.718,233,AAPL-2025-11-20-2022,N
2025-11-20T12:18:35,181.685,134,AAPL-2025-11-20-2023,N
2025-11-20T12:18:40,181.71,124,AAPL-2025-11-20-2024,N
2025-11-20T12:18:45,181.757,192,AAPL-2025-11-20-2025,N
2025-11-20T12:18:50,181.7,175,AAPL-2025-11-20-2026,N
2025-11-20T12:18:55,181.714,173,AAPL-2025-11-20-2027,N
2025-11-20T12:19:00,181.715,237,AAPL-2025-11-20-2028,N
2025-11-20T12:19:05,181.708,153,AAPL-2025-11-20-2029,N
2025-11-20T12:19:10,181.697,270,AAPL-2025-11-20-2030,N
2025-11-20T12:19:15,181.758,99,AAPL-2025-11-20-2031,N
2025-11-20T12:19:20,181.798,212,AAPL-2025-11-20-2032,N
2025-11-20T12:19:25,181.831,172,AAPL-2025-11-20-2033,N
2025-11-20T12:19:30,181.767,229,AAPL-2025-11-20-2034,N
2025-11-20T12:19:35,181.733,130,AAPL-2025-11-20-2035,N
2025-11-20T12:19:40,181.685,230,AAPL-2025-11-20-2036,N
2025-11-20T12:19:45,181.69,239,AAPL-2025-11-20-2037,N
2025-11-20T12:19:50,181.714,178,AAPL-2025-11-20-2038,N
2025-11-20T12:19:55,181.712,174,AAPL-2025-11-20-2039,N
2025-11-20T12:20:00,181.704,151,AAPL-2025-11-20-2040,N
2025-11-20T12:20:05,181.718,253,AAPL-2025-11-20-2041,N
2025-11-20T12:20:10,181.688,264,AAPL-2025-11-20-2042,N
2025-11-20T12:20:15,181.693,212,AAPL-2025-11-20-2043,N
2025-11-20T12:20:20,181.631,109,AAPL-2025-11-20-2044,N
2025-11-20T12:20:25,181.636,239,AAPL-2025-11-20-2045,N
2025-11-20T12:20:30,181.612,283,AAPL-2025-11-20-2046,N
2025-11-20T12:20:35,181.638,154,AAPL-2025-11-20-2047,N
2025-11-20T12:20:40,181.639,323,AAPL-2025-11-20-2048,N
2025-11-20T12:20:45,181.594,226,AAPL-2025-11-20-2049,N
2025-11-20T12:20:50,181.583,235,AAPL-2025-11-20-2050,N
2025-11-20T12:20:55,181.629,180,AAPL-2025-11-20-2051,N
2025-11-20T12:21:00,181.669,311,AAPL-2025-11-20-2052,N
2025-11-20T12:21:05,181.672,239,AAPL-2025-11-20-2053,N
2025-11-20T12:21:10,181.65,200,AAPL-2025-11-20-2054,N
2025-11-20T12:21:15,181.644,239,AAPL-2025-11-20-2055,N
2025-11-20T12:21:20,181.688,194,AAPL-2025-11-20-2056,N
2025-11-20T12:21:25,181.743,276,AAPL-2025-11-20-2057,N
2025-11-20T12:21:30,181.774,174,AAPL-2025-11-20-2058,N
2025-11-20T12:21:35,181.752,159,AAPL-2025-11-20-2059,N
2025-11-20T12:21:40,181.786,139,AAPL-2025-11-20-2060,N
2025-11-20T12:21:45,181.811,145,AAPL-2025-11-20-2061,N
2025-11-20T12:21:50,181.841,200,AAPL-2025-11-20-2062,N
2025-11-20T12:21:55,181.889,257,AAPL-2025-11-20-2063,N
2025-11-20T12:22:00,181.942,273,AAPL-2025-11-20-2064,N
2025-11-20T12:22:05,181.947,142,AAPL-2025-11-20-2065,N
2025-11-20T12:22:10,181.908,95,AAPL-2025-11-20-2066,N
2025-11-20T12:22:15,181.869,203,AAPL-2025-11-20-2067,N
2025-11-20T12:22:20,181.849,190,AAPL-2025-11-20-2068,N
2025-11-20T12:22:25,181.867,184,AAPL-2025-11-20-2069,N
2025-11-20T12:22:30,181.826,197,AAPL-2025-11-20-2070,N
2025-11-20T12:22:35,181.793,186,AAPL-2025-11-20-2071,N
2025-11-20T12:22:40,181.842,186,AAPL-2025-11-20-2072,N
2025-11-20T12:22:45,181.906,271,AAPL-2025-11-20-2073,N
2025-11-20T12:22:50,181.885,144,AAPL-2025-11-20-2074,N
2025-11-20T12:22:55,181.883,257,AAPL-2025-11-20-2075,N
2025-11-20T12:23:00,181.866,245,AAPL-2025-11-20-2076,N
2025-11-20T12:23:05,181.91,161,AAPL-2025-11-20-2077,N
2025-11-20T12:23:10,181.885,235,AAPL-2025-11-20-2078,N
2025-11-20T12:23:15,181.89,165,AAPL-2025-11-20-2079,N
2025-11-20T12:23:20,181.878,196,AAPL-2025-11-20-2080,N
2025-11-20T12:23:25,181.821,238,AAPL-2025-11-20-2081,N
2025-11-20T12:23:30,181.803,60,AAPL-2025-11-20-2082,N
2025-11-20T12:23:35,181.802,162,AAPL-2025-11-20-2083,N
2025-11-20T12:23:40,181.864,170,AAPL-2025-11-20-2084,N
2025-11-20T12:23:45,181.824,225,AAPL-2025-11-20-2085,N
2025-11-20T12:23:50,181.8,161,AAPL-2025-11-20-2086,N
2025-11-20T12:23:55,181.818,147,AAPL-2025-11-20-2087,N
2025-11-20T12:24:00,181.765,286,AAPL-2025-11-20-2088,N
2025-11-20T12:24:05,181.786,186,AAPL-2025-11-20-2089,N
2025-11-20T12:24:10,181.786,225,AAPL-2025-11-20-2090,N
2025-11-20T12:24:15,181.822,162,AAPL-2025-11-20-2091,N
2025-11-20T12:24:20,181.835,174,AAPL-2025-11-20-2092,N
2025-11-20T12:24:25,181.828,208,AAPL-2025-11-20-2093,N
2025-11-20T12:24:30,181.828,236,AAPL-2025-11-20-2094,N
2025-11-20T12:24:35,181.846,124,AAPL-2025-11-20-2095,N
2025-11-20T12:24:40,181.796,181,AAPL-2025-11-20-2096,N
2025-11-20T12:24:45,181.863,157,AAPL-2025-11-20-2097,N
2025-11-20T12:24:50,181.855,173,AAPL-2025-11-20-2098,N
2025-11-20T12:24:55,181.835,208,AAPL-2025-11-20-2099,N
2025-11-20T12:25:00,181.886,222,AAPL-2025-11-20-2100,N
2025-11-20T12:25:05,181.857,337,AAPL-2025-11-20-2101,N
2025-11-20T12:25:10,181.86,171,AAPL-2025-11-20-2102,N
2025-11-20T12:25:15,181.911,176,AAPL-2025-11-20-2103,N
2025-11-20T12:25:20,181.971,156,AAPL-2025-11-20-2104,N
2025-11-20T12:25:25,182.024,210,AAPL-2025-11-20-2105,N
2025-11-20T12:25:30,182.071,295,AAPL-2025-11-20-2106,N
2025-11-20T12:25:35,182.029,263,AAPL-2025-11-20-2107,N
2025-11-20T12:25:40,181.978,147,AAPL-2025-11-20-2108,N
2025-11-20T12:25:45,181.949,225,AAPL-2025-11-20-2109,N
2025-11-20T12:25:50,181.95,191,AAPL-2025-11-20-2110,N
2025-11-20T12:25:55,181.955,229,AAPL-2025-11-20-2111,N
2025-11-20T12:26:00,181.98,254,AAPL-2025-11-20-2112,N
2025-11-20T12:26:05,182.046,198,AAPL-2025-11-20-2113,N
2025-11-20T12:26:10,182.027,230,AAPL-2025-11-20-2114,N
2025-11-20T12:26:15,181.985,166,AAPL-2025-11-20-2115,N
2025-11-20T12:26:20,182.022,193,AAPL-2025-11-20-2116,N
2025-11-20T12:26:25,181.978,125,AAPL-2025-11-20-2117,N
2025-11-20T12:26:30,181.979,257,AAPL-2025-11-20-2118,N
2025-11-20T12:26:35,182.02,205,AAPL-2025-11-20-2119,N
2025-11-20T12:26:40,182.094,194,AAPL-2025-11-20-2120,N
2025-11-20T12:26:45,182.089,71,AAPL-2025-11-20-2121,N
2025-11-20T12:26:50,182.072,242,AAPL-2025-11-20-2122,N
2025-11-20T12:26:55,182.129,158,AAPL-2025-11-20-2123,N
2025-11-20T12:27:00,182.146,252,AAPL-2025-11-20-2124,N
2025-11-20T12:27:05,182.146,85,AAPL-2025-11-20-2125,N
2025-11-20T12:27:10,182.155,238,AAPL-2025-11-20-2126,N
2025-11-20T12:27:15,182.121,187,AAPL-2025-11-20-2127,N
2025-11-20T12:27:20,182.079,71,AAPL-2025-11-20-2128,N
2025-11-20T12:27:25,182.116,199,AAPL-2025-11-20-2129,N
2025-11-20T12:27:30,182.174,242,AAPL-2025-11-20-2130,N
2025-11-20T12:27:35,182.162,195,AAPL-2025-11-20-2131,N
2025-11-20T12:27:40,182.182,248,AAPL-2025-11-20-2132,N
2025-11-20T12:27:45,182.194,255,AAPL-2025-11-20-2133,N
2025-11-20T12:27:50,182.183,150,AAPL-2025-11-20-2134,N
2025-11-20T12:27:55,182.181,210,AAPL-2025-11-20-2135,N
2025-11-20T12:28:00,182.137,133,AAPL-2025-11-20-2136,N
2025-11-20T12:28:05,182.153,179,AAPL-2025-11-20-2137,N
2025-11-20T12:28:10,182.147,182,AAPL-2025-11-20-2138,N
2025-11-20T12:28:15,182.203,263,AAPL-2025-11-20-2139,N
2025-11-20T12:28:20,182.158,173,AAPL-2025-11-20-2140,N
2025-11-20T12:28:25,182.188,230,AAPL-2025-11-20-2141,N
2025-11-20T12:28:30,182.187,143,AAPL-2025-11-20-2142,N
2025-11-20T12:28:35,182.162,174,AAPL-2025-11-20-2143,N
2025-11-20T12:28:40,182.172,285,AAPL-2025-11-20-2144,N
2025-11-20T12:28:45,182.147,148,AAPL-2025-11-20-2145,N
2025-11-20T12:28:50,182.143,251,AAPL-2025-11-20-2146,N
2025-11-20T12:28:55,182.09,272,AAPL-2025-11-20-2147,N
2025-11-20T12:29:00,182.084,163,AAPL-2025-11-20-2148,N
2025-11-20T12:29:05,182.026,235,AAPL-2025-11-20-2149,N
2025-11-20T12:29:10,182.02,208,AAPL-2025-11-20-2150,N
2025-11-20T12:29:15,181.987,184,AAPL-2025-11-20-2151,N
2025-11-20T12:29:20,181.969,194,AAPL-2025-11-20-2152,N
2025-11-20T12:29:25,181.945,123,AAPL-2025-11-20-2153,N
2025-11-20T12:29:30,182.044,131,AAPL-2025-11-20-2154,N
2025-11-20T12:29:35,182.051,111,AAPL-2025-11-20-2155,N
2025-11-20T12:29:40,181.978,204,AAPL-2025-11-20-2156,N
2025-11-20T12:29:45,181.984,263,AAPL-2025-11-20-2157,N
2025-11-20T12:29:50,181.999,192,AAPL-2025-11-20-2158,N
2025-11-20T12:29:55,181.964,274,AAPL-2025-11-20-2159,N
2025-11-20T12:30:00,181.998,137,AAPL-2025-11-20-2160,N
2025-11-20T12:30:05,182.0,207,AAPL-2025-11-20-2161,N
2025-11-20T12:30:10,181.987,238,AAPL-2025-11-20-2162,N
2025-11-20T12:30:15,182.017,190,AAPL-2025-11-20-2163,N
2025-11-20T12:30:20,182.007,274,AAPL-2025-11-20-2164,N
2025-11-20T12:30:25,182.041,203,AAPL-2025-11-20-2165,N
2025-11-20T12:30:30,181.982,217,AAPL-2025-11-20-2166,N
2025-11-20T12:30:35,182.007,62,AAPL-2025-11-20-2167,N
2025-11-20T12:30:40,182.016,179,AAPL-2025-11-20-2168,N
2025-11-20T12:30:45,182.008,154,AAPL-2025-11-20-2169,N
2025-11-20T12:30:50,182.003,269,AAPL-2025-11-20-2170,N
2025-11-20T12:30:55,181.987,248,AAPL-2025-11-20-2171,N
2025-11-20T12:31:00,181.957,237,AAPL-2025-11-20-2172,N
2025-11-20T12:31:05,181.957,217,AAPL-2025-11-20-2173,N
2025-11-20T12:31:10,181.958,232,AAPL-2025-11-20-2174,N
2025-11-20T12:31:15,181.864,129,AAPL-2025-11-20-2175,N
2025-11-20T12:31:20,181.879,97,AAPL-2025-11-20-2176,N
2025-11-20T12:31:25,181.86,197,AAPL-2025-11-20-2177,N
2025-11-20T12:31:30,181.83,165,AAPL-2025-11-20-2178,N
2025-11-20T12:31:35,181.84,250,AAPL-2025-11-20-2179,N
2025-11-20T12:31:40,181.805,171,AAPL-2025-11-20-2180,N
2025-11-20T12:31:45,181.778,78,AAPL-2025-11-20-2181,N
2025-11-20T12:31:50,181.783,246,AAPL-2025-11-20-2182,N
2025-11-20T12:31:55,181.82,156,AAPL-2025-11-20-2183,N
2025-11-20T12:32:00,181.775,201,AAPL-2025-11-20-2184,N
2025-11-20T12:32:05,181.805,207,AAPL-2025-11-20-2185,N
2025-11-20T12:32:10,181.816,257,AAPL-2025-11-20-2186,N
2025-11-20T12:32:15,181.789,189,AAPL-2025-11-20-2187,N
2025-11-20T12:32:20,181.848,190,AAPL-2025-11-20-2188,N
2025-11-20T12:32:25,181.802,166,AAPL-2025-11-20-2189,N
2025-11-20T12:32:30,181.768,217,AAPL-2025-11-20-2190,N
2025-11-20T12:32:35,181.735,213,AAPL-2025-11-20-2191,N
2025-11-20T12:32:40,181.709,93,AAPL-2025-11-20-2192,N
2025-11-20T12:32:45,181.72,207,AAPL-2025-11-20-2193,N
2025-11-20T12:32:50,181.739,166,AAPL-2025-11-20-2194,N
2025-11-20T12:32:55,181.71,220,AAPL-2025-11-20-2195,N
2025-11-20T12:33:00,181.765,200,AAPL-2025-11-20-2196,N
2025-11-20T12:33:05,181.781,183,AAPL-2025-11-20-2197,N
2025-11-20T12:33:10,181.725,248,AAPL-2025-11-20-2198,N
2025-11-20T12:33:15,181.758,235,AAPL-2025-11-20-2199,N
2025-11-20T12:33:20,181.751,229,AAPL-2025-11-20-2200,N
2025-11-20T12:33:25,181.784,281,AAPL-2025-11-20-2201,N
2025-11-20T12:33:30,181.82,203,AAPL-2025-11-20-2202,N
2025-11-20T12:33:35,181.772,207,AAPL-2025-11-20-2203,N
2025-11-20T12:33:40,181.781,235,AAPL-2025-11-20-2204,N
2025-11-20T12:33:45,181.83,195,AAPL-2025-11-20-2205,N
2025-11-20T12:33:50,181.907,112,AAPL-2025-11-20-2206,N
2025-11-20T12:33:55,181.922,160,AAPL-2025-11-20-2207,N
2025-11-20T12:34:00,181.853,189,AAPL-2025-11-20-2208,N
2025-11-20T12:34:05,181.8,191,AAPL-2025-11-20-2209,N
2025-11-20T12:34:10,181.801,255,AAPL-2025-11-20-2210,N
2025-11-20T12:34:15,181.746,245,AAPL-2025-11-20-2211,N
2025-11-20T12:34:20,181.75,251,AAPL-2025-11-20-2212,N
2025-11-20T12:34:25,181.734,133,AAPL-2025-11-20-2213,N
2025-11-20T12:34:30,181.69,135,AAPL-2025-11-20-2214,N
2025-11-20T12:34:35,181.707,273,AAPL-2025-11-20-2215,N
2025-11-20T12:34:40,181.687,231,AAPL-2025-11-20-2216,N
2025-11-20T12:34:45,181.631,209,AAPL-2025-11-20-2217,N
2025-11-20T12:34:50,181.656,127,AAPL-2025-11-20-2218,N
2025-11-20T12:34:55,181.648,235,AAPL-2025-11-20-2219,N
2025-11-20T12:35:00,181.542,266,AAPL-2025-11-20-2220,N
2025-11-20T12:35:05,181.554,235,AAPL-2025-11-20-2221,N
2025-11-20T12:35:10,181.539,113,AAPL-2025-11-20-2222,N
2025-11-20T12:35:15,181.559,195,AAPL-2025-11-20-2223,N
2025-11-20T12:35:20,181.56,254,AAPL-2025-11-20-2224,N
2025-11-20T12:35:25,181.588,296,AAPL-2025-11-20-2225,N
2025-11-20T12:35:30,181.593,165,AAPL-2025-11-20-2226,N
2025-11-20T12:35:35,181.586,220,AAPL-2025-11-20-2227,N
2025-11-20T12:35:40,181.623,126,AAPL-2025-11-20-2228,N
2025-11-20T12:35:45,181.624,280,AAPL-2025-11-20-2229,N
2025-11-20T12:35:50,181.615,246,AAPL-2025-11-20-2230,N
2025-11-20T12:35:55,181.633,247,AAPL-2025-11-20-2231,N
2025-11-20T12:36:00,181.603,159,AAPL-2025-11-20-2232,N
2025-11-20T12:36:05,181.604,123,AAPL-2025-11-20-2233,N
2025-11-20T12:36:10,181.594,212,AAPL-2025-11-20-2234,N
2025-11-20T12:36:15,181.659,220,AAPL-2025-11-20-2235,N
2025-11-20T12:36:20,181.682,258,AAPL-2025-11-20-2236,N
2025-11-20T12:36:25,181.647,191,AAPL-2025-11-20-2237,N
2025-11-20T12:36:30,181.735,196,AAPL-2025-11-20-2238,N
2025-11-20T12:36:35,181.776,248,AAPL-2025-11-20-2239,N
2025-11-20T12:36:40,181.722,215,AAPL-2025-11-20-2240,N
2025-11-20T12:36:45,181.727,216,AAPL-2025-11-20-2241,N
2025-11-20T12:36:50,181.7,144,AAPL-2025-11-20-2242,N
2025-11-20T12:36:55,181.682,195,AAPL-2025-11-20-2243,N
2025-11-20T12:37:00,181.725,290,AAPL-2025-11-20-2244,N
2025-11-20T12:37:05,181.776,243,AAPL-2025-11-20-2245,N
2025-11-20T12:37:10,181.74,179,AAPL-2025-11-20-2246,N
2025-11-20T12:37:15,181.747,168,AAPL-2025-11-20-2247,N
2025-11-20T12:37:20,181.768,236,AAPL-2025-11-20-2248,N
2025-11-20T12:37:25,181.788,251,AAPL-2025-11-20-2249,N
2025-11-20T12:37:30,181.755,246,AAPL-2025-11-20-2250,N
2025-11-20T12:37:35,181.73,152,AAPL-2025-11-20-2251,N
2025-11-20T12:37:40,181.749,260,AAPL-2025-11-20-2252,N
2025-11-20T12:37:45,181.767,201,AAPL-2025-11-20-2253,N
2025-11-20T12:37:50,181.778,206,AAPL-2025-11-20-2254,N
2025-11-20T12:37:55,181.737,137,AAPL-2025-11-20-2255,N
2025-11-20T12:38:00,181.734,203,AAPL-2025-11-20-2256,N
2025-11-20T12:38:05,181.735,233,AAPL-2025-11-20-2257,N
2025-11-20T12:38:10,181.727,228,AAPL-2025-11-20-2258,N
2025-11-20T12:38:15,181.722,291,AAPL-2025-11-20-2259,N
2025-11-20T12:38:20,181.724,317,AAPL-2025-11-20-2260,N
2025-11-20T12:38:25,181.737,189,AAPL-2025-11-20-2261,N
2025-11-20T12:38:30,181.705,127,AAPL-2025-11-20-2262,N
2025-11-20T12:38:35,181.669,156,AAPL-2025-11-20-2263,N
2025-11-20T12:38:40,181.683,173,AAPL-2025-11-20-2264,N
2025-11-20T12:38:45,181.69,264,AAPL-2025-11-20-2265,N
2025-11-20T12:38:50,181.686,303,AAPL-2025-11-20-2266,N
2025-11-20T12:38:55,181.644,192,AAPL-2025-11-20-2267,N
2025-11-20T12:39:00,181.624,246,AAPL-2025-11-20-2268,N
2025-11-20T12:39:05,181.543,127,AAPL-2025-11-20-2269,N
2025-11-20T12:39:10,181.539,277,AAPL-2025-11-20-2270,N
2025-11-20T12:39:15,181.547,132,AAPL-2025-11-20-2271,N
2025-11-20T12:39:20,181.504,283,AAPL-2025-11-20-2272,N
2025-11-20T12:39:25,181.481,152,AAPL-2025-11-20-2273,N
2025-11-20T12:39:30,181.535,250,AAPL-2025-11-20-2274,N
2025-11-20T12:39:35,181.581,152,AAPL-2025-11-20-2275,N
2025-11-20T12:39:40,181.526,206,AAPL-2025-11-20-2276,N
2025-11-20T12:39:45,181.538,218,AAPL-2025-11-20-2277,N
2025-11-20T12:39:50,181.591,113,AAPL-2025-11-20-2278,N
2025-11-20T12:39:55,181.623,145,AAPL-2025-11-20-2279,N
2025-11-20T12:40:00,181.654,176,AAPL-2025-11-20-2280,N
2025-11-20T12:40:05,181.624,169,AAPL-2025-11-20-2281,N
2025-11-20T12:40:10,181.572,202,AAPL-2025-11-20-2282,N
2025-11-20T12:40:15,181.544,239,AAPL-2025-11-20-2283,N
2025-11-20T12:40:20,181.567,284,AAPL-2025-11-20-2284,N
2025-11-20T12:40:25,181.58,226,AAPL-2025-11-20-2285,N
2025-11-20T12:40:30,181.631,168,AAPL-2025-11-20-2286,N
2025-11-20T12:40:35,181.577,210,AAPL-2025-11-20-2287,N
2025-11-20T12:40:40,181.525,322,AAPL-2025-11-20-2288,N
2025-11-20T12:40:45,181.578,308,AAPL-2025-11-20-2289,N
2025-11-20T12:40:50,181.58,227,AAPL-2025-11-20-2290,N
2025-11-20T12:40:55,181.564,244,AAPL-2025-11-20-2291,N
2025-11-20T12:41:00,181.52,72,AAPL-2025-11-20-2292,N
2025-11-20T12:41:05,181.491,127,AAPL-2025-11-20-2293,N
2025-11-20T12:41:10,181.544,290,AAPL-2025-11-20-2294,N
2025-11-20T12:41:15,181.494,264,AAPL-2025-11-20-2295,N
2025-11-20T12:41:20,181.528,121,AAPL-2025-11-20-2296,N
2025-11-20T12:41:25,181.514,170,AAPL-2025-11-20-2297,N
2025-11-20T12:41:30,181.541,138,AAPL-2025-11-20-2298,N
2025-11-20T12:41:35,181.537,165,AAPL-2025-11-20-2299,N
2025-11-20T12:41:40,181.555,189,AAPL-2025-11-20-2300,N
2025-11-20T12:41:45,181.535,189,AAPL-2025-11-20-2301,N
2025-11-20T12:41:50,181.609,179,AAPL-2025-11-20-2302,N
2025-11-20T12:41:55,181.571,229,AAPL-2025-11-20-2303,N
2025-11-20T12:42:00,181.566,129,AAPL-2025-11-20-2304,N
2025-11-20T12:42:05,181.647,182,AAPL-2025-11-20-2305,N
2025-11-20T12:42:10,181.633,207,AAPL-2025-11-20-2306,N
2025-11-20T12:42:15,181.696,116,AAPL-2025-11-20-2307,N
2025-11-20T12:42:20,181.706,304,AAPL-2025-11-20-2308,N
2025-11-20T12:42:25,181.711,138,AAPL-2025-11-20-2309,N
2025-11-20T12:42:30,181.688,210,AAPL-2025-11-20-2310,N
2025-11-20T12:42:35,181.737,183,AAPL-2025-11-20-2311,N
2025-11-20T12:42:40,181.767,128,AAPL-2025-11-20-2312,N
2025-11-20T12:42:45,181.714,175,AAPL-2025-11-20-2313,N
2025-11-20T12:42:50,181.767,203,AAPL-2025-11-20-2314,N
2025-11-20T12:42:55,181.777,213,AAPL-2025-11-20-2315,N
2025-11-20T12:43:00,181.818,169,AAPL-2025-11-20-2316,N
2025-11-20T12:43:05,181.843,158,AAPL-2025-11-20-2317,N
2025-11-20T12:43:10,181.915,159,AAPL-2025-11-20-2318,N
2025-11-20T12:43:15,181.883,227,AAPL-2025-11-20-2319,N
2025-11-20T12:43:20,181.885,216,AAPL-2025-11-20-2320,N
2025-11-20T12:43:25,181.894,145,AAPL-2025-11-20-2321,N
2025-11-20T12:43:30,181.952,244,AAPL-2025-11-20-2322,N
2025-11-20T12:43:35,182.002,173,AAPL-2025-11-20-2323,N
2025-11-20T12:43:40,182.017,209,AAPL-2025-11-20-2324,N
2025-11-20T12:43:45,182.058,258,AAPL-2025-11-20-2325,N
2025-11-20T12:43:50,182.065,124,AAPL-2025-11-20-2326,N
2025-11-20T12:43:55,182.13,227,AAPL-2025-11-20-2327,N
2025-11-20T12:44:00,182.108,220,AAPL-2025-11-20-2328,N
2025-11-20T12:44:05,182.053,252,AAPL-2025-11-20-2329,N
2025-11-20T12:44:10,181.999,188,AAPL-2025-11-20-2330,N
2025-11-20T12:44:15,182.008,251,AAPL-2025-11-20-2331,N
2025-11-20T12:44:20,182.012,231,AAPL-2025-11-20-2332,N
2025-11-20T12:44:25,182.011,198,AAPL-2025-11-20-2333,N
2025-11-20T12:44:30,182.014,190,AAPL-2025-11-20-2334,N
2025-11-20T12:44:35,181.953,161,AAPL-2025-11-20-2335,N
2025-11-20T12:44:40,181.962,187,AAPL-2025-11-20-2336,N
2025-11-20T12:44:45,181.956,183,AAPL-2025-11-20-2337,N
2025-11-20T12:44:50,181.924,175,AAPL-2025-11-20-2338,N
2025-11-20T12:44:55,181.913,200,AAPL-2025-11-20-2339,N
2025-11-20T12:45:00,181.928,190,AAPL-2025-11-20-2340,N
2025-11-20T12:45:05,181.89,130,AAPL-2025-11-20-2341,N
2025-11-20T12:45:10,181.985,143,AAPL-2025-11-20-2342,N
2025-11-20T12:45:15,181.966,225,AAPL-2025-11-20-2343,N
2025-11-20T12:45:20,181.979,226,AAPL-2025-11-20-2344,N
2025-11-20T12:45:25,181.963,211,AAPL-2025-11-20-2345,N
2025-11-20T12:45:30,181.965,184,AAPL-2025-11-20-2346,N
2025-11-20T12:45:35,181.974,252,AAPL-2025-11-20-2347,N
2025-11-20T12:45:40,181.973,199,AAPL-2025-11-20-2348,N
2025-11-20T12:45:45,182.012,248,AAPL-2025-11-20-2349,N
2025-11-20T12:45:50,182.07,112,AAPL-2025-11-20-2350,N
2025-11-20T12:45:55,182.103,230,AAPL-2025-11-20-2351,N
2025-11-20T12:46:00,182.07,212,AAPL-2025-11-20-2352,N
2025-11-20T12:46:05,182.109,158,AAPL-2025-11-20-2353,N
2025-11-20T12:46:10,182.125,243,AAPL-2025-11-20-2354,N
2025-11-20T12:46:15,182.086,192,AAPL-2025-11-20-2355,N
2025-11-20T12:46:20,182.097,160,AAPL-2025-11-20-2356,N
2025-11-20T12:46:25,182.065,193,AAPL-2025-11-20-2357,N
2025-11-20T12:46:30,182.094,232,AAPL-2025-11-20-2358,N
2025-11-20T12:46:35,182.063,232,AAPL-2025-11-20-2359,N
2025-11-20T12:46:40,182.032,119,AAPL-2025-11-20-2360,N
2025-11-20T12:46:45,182.019,256,AAPL-2025-11-20-2361,N
2025-11-20T12:46:50,182.043,199,AAPL-2025-11-20-2362,N
2025-11-20T12:46:55,182.027,180,AAPL-2025-11-20-2363,N
2025-11-20T12:47:00,182.031,146,AAPL-2025-11-20-2364,N
2025-11-20T12:47:05,182.019,189,AAPL-2025-11-20-2365,N
2025-11-20T12:47:10,181.97,158,AAPL-2025-11-20-2366,N
2025-11-20T12:47:15,181.984,200,AAPL-2025-11-20-2367,N
2025-11-20T12:47:20,181.973,154,AAPL-2025-11-20-2368,N
2025-11-20T12:47:25,182.031,158,AAPL-2025-11-20-2369,N
2025-11-20T12:47:30,182.04,175,AAPL-2025-11-20-2370,N
2025-11-20T12:47:35,182.041,222,AAPL-2025-11-20-2371,N
2025-11-20T12:47:40,181.991,199,AAPL-2025-11-20-2372,N
2025-11-20T12:47:45,182.035,288,AAPL-2025-11-20-2373,N
2025-11-20T12:47:50,182.03,202,AAPL-2025-11-20-2374,N
2025-11-20T12:47:55,182.11,256,AAPL-2025-11-20-2375,N
2025-11-20T12:48:00,182.088,169,AAPL-2025-11-20-2376,N
2025-11-20T12:48:05,182.123,149,AAPL-2025-11-20-2377,N
2025-11-20T12:48:10,182.162,216,AAPL-2025-11-20-2378,N
2025-11-20T12:48:15,182.181,187,AAPL-2025-11-20-2379,N
2025-11-20T12:48:20,182.158,273,AAPL-2025-11-20-2380,N
2025-11-20T12:48:25,182.149,179,AAPL-2025-11-20-2381,N
2025-11-20T12:48:30,182.146,209,AAPL-2025-11-20-2382,N
2025-11-20T12:48:35,182.109,171,AAPL-2025-11-20-2383,N
2025-11-20T12:48:40,182.086,242,AAPL-2025-11-20-2384,N
2025-11-20T12:48:45,182.054,112,AAPL-2025-11-20-2385,N
2025-11-20T12:48:50,181.982,126,AAPL-2025-11-20-2386,N
2025-11-20T12:48:55,182.032,200,AAPL-2025-11-20-2387,N
2025-11-20T12:49:00,182.05,226,AAPL-2025-11-20-2388,N
2025-11-20T12:49:05,182.052,196,AAPL-2025-11-20-2389,N
2025-11-20T12:49:10,182.09,207,AAPL-2025-11-20-2390,N
2025-11-20T12:49:15,182.141,231,AAPL-2025-11-20-2391,N
2025-11-20T12:49:20,182.119,175,AAPL-2025-11-20-2392,N
2025-11-20T12:49:25,182.092,260,AAPL-2025-11-20-2393,N
2025-11-20T12:49:30,182.077,160,AAPL-2025-11-20-2394,N
2025-11-20T12:49:35,182.089,195,AAPL-2025-11-20-2395,N
2025-11-20T12:49:40,182.1,294,AAPL-2025-11-20-2396,N
2025-11-20T12:49:45,182.133,201,AAPL-2025-11-20-2397,N
2025-11-20T12:49:50,182.082,175,AAPL-2025-11-20-2398,N
2025-11-20T12:49:55,182.108,141,AAPL-2025-11-20-2399,N
2025-11-20T12:50:00,182.186,200,AAPL-2025-11-20-2400,N
2025-11-20T12:50:05,182.187,166,AAPL-2025-11-20-2401,N
2025-11-20T12:50:10,182.206,142,AAPL-2025-11-20-2402,N
2025-11-20T12:50:15,182.284,265,AAPL-2025-11-20-2403,N
2025-11-20T12:50:20,182.32,130,AAPL-2025-11-20-2404,N
2025-11-20T12:50:25,182.328,260,AAPL-2025-11-20-2405,N
2025-11-20T12:50:30,182.349,149,AAPL-2025-11-20-2406,N
2025-11-20T12:50:35,182.326,177,AAPL-2025-11-20-2407,N
2025-11-20T12:50:40,182.304,276,AAPL-2025-11-20-2408,N
2025-11-20T12:50:45,182.234,232,AAPL-2025-11-20-2409,N
2025-11-20T12:50:50,182.187,151,AAPL-2025-11-20-2410,N
2025-11-20T12:50:55,182.113,172,AAPL-2025-11-20-2411,N
2025-11-20T12:51:00,182.168,213,AAPL-2025-11-20-2412,N
2025-11-20T12:51:05,182.125,250,AAPL-2025-11-20-2413,N
2025-11-20T12:51:10,182.17,205,AAPL-2025-11-20-2414,N
2025-11-20T12:51:15,182.244,241,AAPL-2025-11-20-2415,N
2025-11-20T12:51:20,182.269,159,AAPL-2025-11-20-2416,N
2025-11-20T12:51:25,182.291,210,AAPL-2025-11-20-2417,N
2025-11-20T12:51:30,182.31,165,AAPL-2025-11-20-2418,N
2025-11-20T12:51:35,182.315,159,AAPL-2025-11-20-2419,N
2025-11-20T12:51:40,182.237,249,AAPL-2025-11-20-2420,N
2025-11-20T12:51:45,182.182,205,AAPL-2025-11-20-2421,N
2025-11-20T12:51:50,182.194,216,AAPL-2025-11-20-2422,N
2025-11-20T12:51:55,182.184,213,AAPL-2025-11-20-2423,N
2025-11-20T12:52:00,182.201,236,AAPL-2025-11-20-2424,N
2025-11-20T12:52:05,182.264,211,AAPL-2025-11-20-2425,N
2025-11-20T12:52:10,182.266,154,AAPL-2025-11-20-2426,N
2025-11-20T12:52:15,182.282,233,AAPL-2025-11-20-2427,N
2025-11-20T12:52:20,182.275,227,AAPL-2025-11-20-2428,N
2025-11-20T12:52:25,182.265,233,AAPL-2025-11-20-2429,N
2025-11-20T12:52:30,182.298,244,AAPL-2025-11-20-2430,N
2025-11-20T12:52:35,182.302,148,AAPL-2025-11-20-2431,N
2025-11-20T12:52:40,182.28,229,AAPL-2025-11-20-2432,N
2025-11-20T12:52:45,182.369,182,AAPL-2025-11-20-2433,N
2025-11-20T12:52:50,182.386,172,AAPL-2025-11-20-2434,N
2025-11-20T12:52:55,182.35,166,AAPL-2025-11-20-2435,N
2025-11-20T12:53:00,182.274,267,AAPL-2025-11-20-2436,N
2025-11-20T12:53:05,182.193,186,AAPL-2025-11-20-2437,N
2025-11-20T12:53:10,182.15,155,AAPL-2025-11-20-2438,N
2025-11-20T12:53:15,182.2,210,AAPL-2025-11-20-2439,N
2025-11-20T12:53:20,182.165,170,AAPL-2025-11-20-2440,N
2025-11-20T12:53:25,182.137,197,AAPL-2025-11-20-2441,N
2025-11-20T12:53:30,182.144,294,AAPL-2025-11-20-2442,N
2025-11-20T12:53:35,182.074,198,AAPL-2025-11-20-2443,N
2025-11-20T12:53:40,182.062,247,AAPL-2025-11-20-2444,N
2025-11-20T12:53:45,182.075,229,AAPL-2025-11-20-2445,N
2025-11-20T12:53:50,182.088,153,AAPL-2025-11-20-2446,N
2025-11-20T12:53:55,182.132,239,AAPL-2025-11-20-2447,N
2025-11-20T12:54:00,182.165,263,AAPL-2025-11-20-2448,N
2025-11-20T12:54:05,182.18,274,AAPL-2025-11-20-2449,N
2025-11-20T12:54:10,182.194,189,AAPL-2025-11-20-2450,N
2025-11-20T12:54:15,182.194,198,AAPL-2025-11-20-2451,N
2025-11-20T12:54:20,182.175,281,AAPL-2025-11-20-2452,N
2025-11-20T12:54:25,182.186,204,AAPL-2025-11-20-2453,N
2025-11-20T12:54:30,182.2,348,AAPL-2025-11-20-2454,N
2025-11-20T12:54:35,182.159,157,AAPL-2025-11-20-2455,N
2025-11-20T12:54:40,182.108,188,AAPL-2025-11-20-2456,N
2025-11-20T12:54:45,182.117,176,AAPL-2025-11-20-2457,N
2025-11-20T12:54:50,182.098,207,AAPL-2025-11-20-2458,N
2025-11-20T12:54:55,182.079,215,AAPL-2025-11-20-2459,N
2025-11-20T12:55:00,182.12,233,AAPL-2025-11-20-2460,N
2025-11-20T12:55:05,182.152,254,AAPL-2025-11-20-2461,N
2025-11-20T12:55:10,182.162,192,AAPL-2025-11-20-2462,N
2025-11-20T12:55:15,182.134,180,AAPL-2025-11-20-2463,N
2025-11-20T12:55:20,182.115,236,AAPL-2025-11-20-2464,N
2025-11-20T12:55:25,182.128,234,AAPL-2025-11-20-2465,N
2025-11-20T12:55:30,182.085,271,AAPL-2025-11-20-2466,N
2025-11-20T12:55:35,182.07,144,AAPL-2025-11-20-2467,N
2025-11-20T12:55:40,182.054,324,AAPL-2025-11-20-2468,N
2025-11-20T12:55:45,182.04,183,AAPL-2025-11-20-2469,N
2025-11-20T12:55:50,182.033,192,AAPL-2025-11-20-2470,N
2025-11-20T12:55:55,182.004,207,AAPL-2025-11-20-2471,N
2025-11-20T12:56:00,182.044,215,AAPL-2025-11-20-2472,N
2025-11-20T12:56:05,182.003,182,AAPL-2025-11-20-2473,N
2025-11-20T12:56:10,181.983,202,AAPL-2025-11-20-2474,N
2025-11-20T12:56:15,182.031,192,AAPL-2025-11-20-2475,N
2025-11-20T12:56:20,182.028,288,AAPL-2025-11-20-2476,N
2025-11-20T12:56:25,182.06,228,AAPL-2025-11-20-2477,N
2025-11-20T12:56:30,182.131,224,AAPL-2025-11-20-2478,N
2025-11-20T12:56:35,182.059,241,AAPL-2025-11-20-2479,N
2025-11-20T12:56:40,182.001,222,AAPL-2025-11-20-2480,N
2025-11-20T12:56:45,181.939,176,AAPL-2025-11-20-2481,N
2025-11-20T12:56:50,181.925,161,AAPL-2025-11-20-2482,N
2025-11-20T12:56:55,181.913,251,AAPL-2025-11-20-2483,N
2025-11-20T12:57:00,181.887,227,AAPL-2025-11-20-2484,N
2025-11-20T12:57:05,181.852,190,AAPL-2025-11-20-2485,N
2025-11-20T12:57:10,181.863,150,AAPL-2025-11-20-2486,N
2025-11-20T12:57:15,181.816,224,AAPL-2025-11-20-2487,N
2025-11-20T12:57:20,181.857,196,AAPL-2025-11-20-2488,N
2025-11-20T12:57:25,181.84,207,AAPL-2025-11-20-2489,N
2025-11-20T12:57:30,181.842,212,AAPL-2025-11-20-2490,N
2025-11-20T12:57:35,181.75,146,AAPL-2025-11-20-2491,N
2025-11-20T12:57:40,181.719,207,AAPL-2025-11-20-2492,N
2025-11-20T12:57:45,181.726,231,AAPL-2025-11-20-2493,N
2025-11-20T12:57:50,181.735,134,AAPL-2025-11-20-2494,N
2025-11-20T12:57:55,181.788,263,AAPL-2025-11-20-2495,N
2025-11-20T12:58:00,181.742,216,AAPL-2025-11-20-2496,N
2025-11-20T12:58:05,181.721,206,AAPL-2025-11-20-2497,N
2025-11-20T12:58:10,181.759,306,AAPL-2025-11-20-2498,N
2025-11-20T12:58:15,181.786,214,AAPL-2025-11-20-2499,N
2025-11-20T12:58:20,181.774,209,AAPL-2025-11-20-2500,N
2025-11-20T12:58:25,181.823,197,AAPL-2025-11-20-2501,N
2025-11-20T12:58:30,181.791,119,AAPL-2025-11-20-2502,N
2025-11-20T12:58:35,181.81,212,AAPL-2025-11-20-2503,N
2025-11-20T12:58:40,181.786,251,AAPL-2025-11-20-2504,N
2025-11-20T12:58:45,181.771,193,AAPL-2025-11-20-2505,N
2025-11-20T12:58:50,181.77,182,AAPL-2025-11-20-2506,N
2025-11-20T12:58:55,181.779,257,AAPL-2025-11-20-2507,N
2025-11-20T12:59:00,181.737,224,AAPL-2025-11-20-2508,N
2025-11-20T12:59:05,181.744,207,AAPL-2025-11-20-2509,N
2025-11-20T12:59:10,181.775,202,AAPL-2025-11-20-2510,N
2025-11-20T12:59:15,181.793,235,AAPL-2025-11-20-2511,N
2025-11-20T12:59:20,181.774,214,AAPL-2025-11-20-2512,N
2025-11-20T12:59:25,181.765,193,AAPL-2025-11-20-2513,N
2025-11-20T12:59:30,181.754,223,AAPL-2025-11-20-2514,N
2025-11-20T12:59:35,181.757,219,AAPL-2025-11-20-2515,N
2025-11-20T12:59:40,181.756,119,AAPL-2025-11-20-2516,N
2025-11-20T12:59:45,181.757,203,AAPL-2025-11-20-2517,N
2025-11-20T12:59:50,181.766,170,AAPL-2025-11-20-2518,N
2025-11-20T12:59:55,181.722,231,AAPL-2025-11-20-2519,N
2025-11-20T13:00:00,181.712,208,AAPL-2025-11-20-2520,N
2025-11-20T13:00:05,181.702,199,AAPL-2025-11-20-2521,N
2025-11-20T13:00:10,181.686,151,AAPL-2025-11-20-2522,N
2025-11-20T13:00:15,181.703,169,AAPL-2025-11-20-2523,N
2025-11-20T13:00:20,181.709,220,AAPL-2025-11-20-2524,N
2025-11-20T13:00:25,181.688,139,AAPL-2025-11-20-2525,N
2025-11-20T13:00:30,181.776,173,AAPL-2025-11-20-2526,N
2025-11-20T13:00:35,181.799,296,AAPL-2025-11-20-2527,N
2025-11-20T13:00:40,181.827,184,AAPL-2025-11-20-2528,N
2025-11-20T13:00:45,181.825,158,AAPL-2025-11-20-2529,N
2025-11-20T13:00:50,181.857,228,AAPL-2025-11-20-2530,N
2025-11-20T13:00:55,181.838,147,AAPL-2025-11-20-2531,N
2025-11-20T13:01:00,181.79,249,AAPL-2025-11-20-2532,N
2025-11-20T13:01:05,181.795,210,AAPL-2025-11-20-2533,N
2025-11-20T13:01:10,181.765,126,AAPL-2025-11-20-2534,N
2025-11-20T13:01:15,181.8,202,AAPL-2025-11-20-2535,N
2025-11-20T13:01:20,181.833,180,AAPL-2025-11-20-2536,N
2025-11-20T13:01:25,181.824,235,AAPL-2025-11-20-2537,N
2025-11-20T13:01:30,181.851,239,AAPL-2025-11-20-2538,N
2025-11-20T13:01:35,181.84,230,AAPL-2025-11-20-2539,N
2025-11-20T13:01:40,181.88,194,AAPL-2025-11-20-2540,N
2025-11-20T13:01:45,181.862,267,AAPL-2025-11-20-2541,N
2025-11-20T13:01:50,181.838,231,AAPL-2025-11-20-2542,N
2025-11-20T13:01:55,181.836,107,AAPL-2025-11-20-2543,N
2025-11-20T13:02:00,181.877,62,AAPL-2025-11-20-2544,N
2025-11-20T13:02:05,181.804,226,AAPL-2025-11-20-2545,N
2025-11-20T13:02:10,181.824,168,AAPL-2025-11-20-2546,N
2025-11-20T13:02:15,181.829,73,AAPL-2025-11-20-2547,N
2025-11-20T13:02:20,181.855,212,AAPL-2025-11-20-2548,N
2025-11-20T13:02:25,181.853,201,AAPL-2025-11-20-2549,N
2025-11-20T13:02:30,181.871,198,AAPL-2025-11-20-2550,N
2025-11-20T13:02:35,181.803,309,AAPL-2025-11-20-2551,N
2025-11-20T13:02:40,181.847,135,AAPL-2025-11-20-2552,N
2025-11-20T13:02:45,181.834,188,AAPL-2025-11-20-2553,N
2025-11-20T13:02:50,181.873,92,AAPL-2025-11-20-2554,N
2025-11-20T13:02:55,181.855,111,AAPL-2025-11-20-2555,N
2025-11-20T13:03:00,181.845,176,AAPL-2025-11-20-2556,N
2025-11-20T13:03:05,181.848,169,AAPL-2025-11-20-2557,N
2025-11-20T13:03:10,181.82,230,AAPL-2025-11-20-2558,N
2025-11-20T13:03:15,181.837,227,AAPL-2025-11-20-2559,N
2025-11-20T13:03:20,181.83,171,AAPL-2025-11-20-2560,N
2025-11-20T13:03:25,181.826,225,AAPL-2025-11-20-2561,N
2025-11-20T13:03:30,181.747,219,AAPL-2025-11-20-2562,N
2025-11-20T13:03:35,181.758,203,AAPL-2025-11-20-2563,N
2025-11-20T13:03:40,181.753,71,AAPL-2025-11-20-2564,N
2025-11-20T13:03:45,181.737,289,AAPL-2025-11-20-2565,N
2025-11-20T13:03:50,181.737,184,AAPL-2025-11-20-2566,N
2025-11-20T13:03:55,181.738,217,AAPL-2025-11-20-2567,N
2025-11-20T13:04:00,181.762,188,AAPL-2025-11-20-2568,N
2025-11-20T13:04:05,181.777,283,AAPL-2025-11-20-2569,N
2025-11-20T13:04:10,181.814,317,AAPL-2025-11-20-2570,N
2025-11-20T13:04:15,181.79,283,AAPL-2025-11-20-2571,N
2025-11-20T13:04:20,181.761,217,AAPL-2025-11-20-2572,N
2025-11-20T13:04:25,181.788,174,AAPL-2025-11-20-2573,N
2025-11-20T13:04:30,181.791,245,AAPL-2025-11-20-2574,N
2025-11-20T13:04:35,181.765,283,AAPL-2025-11-20-2575,N
2025-11-20T13:04:40,181.715,296,AAPL-2025-11-20-2576,N
2025-11-20T13:04:45,181.751,195,AAPL-2025-11-20-2577,N
2025-11-20T13:04:50,181.737,174,AAPL-2025-11-20-2578,N
2025-11-20T13:04:55,181.732,197,AAPL-2025-11-20-2579,N
2025-11-20T13:05:00,181.777,298,AAPL-2025-11-20-2580,N
2025-11-20T13:05:05,181.784,157,AAPL-2025-11-20-2581,N
2025-11-20T13:05:10,181.765,190,AAPL-2025-11-20-2582,N
2025-11-20T13:05:15,181.727,141,AAPL-2025-11-20-2583,N
2025-11-20T13:05:20,181.803,215,AAPL-2025-11-20-2584,N
2025-11-20T13:05:25,181.773,240,AAPL-2025-11-20-2585,N
2025-11-20T13:05:30,181.73,145,AAPL-2025-11-20-2586,N
2025-11-20T13:05:35,181.701,282,AAPL-2025-11-20-2587,N
2025-11-20T13:05:40,181.692,77,AAPL-2025-11-20-2588,N
2025-11-20T13:05:45,181.736,184,AAPL-2025-11-20-2589,N
2025-11-20T13:05:50,181.669,184,AAPL-2025-11-20-2590,N
2025-11-20T13:05:55,181.688,220,AAPL-2025-11-20-2591,N
2025-11-20T13:06:00,181.753,157,AAPL-2025-11-20-2592,N
2025-11-20T13:06:05,181.755,165,AAPL-2025-11-20-2593,N
2025-11-20T13:06:10,181.699,244,AAPL-2025-11-20-2594,N
2025-11-20T13:06:15,181.715,214,AAPL-2025-11-20-2595,N
2025-11-20T13:06:20,181.731,165,AAPL-2025-11-20-2596,N
2025-11-20T13:06:25,181.694,201,AAPL-2025-11-20-2597,N
2025-11-20T13:06:30,181.737,280,AAPL-2025-11-20-2598,N
2025-11-20T13:06:35,181.765,201,AAPL-2025-11-20-2599,N
2025-11-20T13:06:40,181.775,200,AAPL-2025-11-20-2600,N
2025-11-20T13:06:45,181.738,201,AAPL-2025-11-20-2601,N
2025-11-20T13:06:50,181.689,193,AAPL-2025-11-20-2602,N
2025-11-20T13:06:55,181.749,241,AAPL-2025-11-20-2603,N
2025-11-20T13:07:00,181.715,196,AAPL-2025-11-20-2604,N
2025-11-20T13:07:05,181.685,196,AAPL-2025-11-20-2605,N
2025-11-20T13:07:10,181.723,232,AAPL-2025-11-20-2606,N
2025-11-20T13:07:15,181.813,259,AAPL-2025-11-20-2607,N
2025-11-20T13:07:20,181.821,233,AAPL-2025-11-20-2608,N
2025-11-20T13:07:25,181.813,143,AAPL-2025-11-20-2609,N
2025-11-20T13:07:30,181.861,250,AAPL-2025-11-20-2610,N
2025-11-20T13:07:35,181.852,213,AAPL-2025-11-20-2611,N
2025-11-20T13:07:40,181.897,242,AAPL-2025-11-20-2612,N
2025-11-20T13:07:45,181.844,212,AAPL-2025-11-20-2613,N
2025-11-20T13:07:50,181.838,255,AAPL-2025-11-20-2614,N
2025-11-20T13:07:55,181.875,265,AAPL-2025-11-20-2615,N
2025-11-20T13:08:00,181.835,160,AAPL-2025-11-20-2616,N
2025-11-20T13:08:05,181.875,170,AAPL-2025-11-20-2617,N
2025-11-20T13:08:10,181.82,226,AAPL-2025-11-20-2618,N
2025-11-20T13:08:15,181.8,289,AAPL-2025-11-20-2619,N
2025-11-20T13:08:20,181.811,208,AAPL-2025-11-20-2620,N
2025-11-20T13:08:25,181.797,279,AAPL-2025-11-20-2621,N
2025-11-20T13:08:30,181.81,179,AAPL-2025-11-20-2622,N
2025-11-20T13:08:35,181.781,196,AAPL-2025-11-20-2623,N
2025-11-20T13:08:40,181.746,251,AAPL-2025-11-20-2624,N
2025-11-20T13:08:45,181.68,193,AAPL-2025-11-20-2625,N
2025-11-20T13:08:50,181.702,217,AAPL-2025-11-20-2626,N
2025-11-20T13:08:55,181.676,233,AAPL-2025-11-20-2627,N
2025-11-20T13:09:00,181.644,198,AAPL-2025-11-20-2628,N
2025-11-20T13:09:05,181.668,223,AAPL-2025-11-20-2629,N
2025-11-20T13:09:10,181.643,259,AAPL-2025-11-20-2630,N
2025-11-20T13:09:15,181.646,237,AAPL-2025-11-20-2631,N
2025-11-20T13:09:20,181.702,255,AAPL-2025-11-20-2632,N
2025-11-20T13:09:25,181.743,209,AAPL-2025-11-20-2633,N
2025-11-20T13:09:30,181.771,210,AAPL-2025-11-20-2634,N
2025-11-20T13:09:35,181.727,215,AAPL-2025-11-20-2635,N
2025-11-20T13:09:40,181.737,229,AAPL-2025-11-20-2636,N
2025-11-20T13:09:45,181.732,161,AAPL-2025-11-20-2637,N
2025-11-20T13:09:50,181.756,134,AAPL-2025-11-20-2638,N
2025-11-20T13:09:55,181.809,188,AAPL-2025-11-20-2639,N
2025-11-20T13:10:00,181.818,227,AAPL-2025-11-20-2640,N
2025-11-20T13:10:05,181.839,129,AAPL-2025-11-20-2641,N
2025-11-20T13:10:10,181.869,215,AAPL-2025-11-20-2642,N
2025-11-20T13:10:15,181.846,162,AAPL-2025-11-20-2643,N
2025-11-20T13:10:20,181.834,135,AAPL-2025-11-20-2644,N
2025-11-20T13:10:25,181.897,274,AAPL-2025-11-20-2645,N
2025-11-20T13:10:30,181.913,188,AAPL-2025-11-20-2646,N
2025-11-20T13:10:35,181.906,237,AAPL-2025-11-20-2647,N
2025-11-20T13:10:40,181.97,171,AAPL-2025-11-20-2648,N
2025-11-20T13:10:45,181.929,277,AAPL-2025-11-20-2649,N
2025-11-20T13:10:50,181.864,149,AAPL-2025-11-20-2650,N
2025-11-20T13:10:55,181.855,121,AAPL-2025-11-20-2651,N
2025-11-20T13:11:00,181.896,242,AAPL-2025-11-20-2652,N
2025-11-20T13:11:05,181.875,263,AAPL-2025-11-20-2653,N
2025-11-20T13:11:10,181.928,194,AAPL-2025-11-20-2654,N
2025-11-20T13:11:15,181.911,312,AAPL-2025-11-20-2655,N
2025-11-20T13:11:20,181.937,212,AAPL-2025-11-20-2656,N
2025-11-20T13:11:25,181.987,215,AAPL-2025-11-20-2657,N
2025-11-20T13:11:30,181.969,204,AAPL-2025-11-20-2658,N
2025-11-20T13:11:35,182.006,100,AAPL-2025-11-20-2659,N
2025-11-20T13:11:40,181.996,269,AAPL-2025-11-20-2660,N
2025-11-20T13:11:45,181.977,277,AAPL-2025-11-20-2661,N
2025-11-20T13:11:50,182.029,196,AAPL-2025-11-20-2662,N
2025-11-20T13:11:55,182.008,185,AAPL-2025-11-20-2663,N
2025-11-20T13:12:00,182.105,293,AAPL-2025-11-20-2664,N
2025-11-20T13:12:05,182.11,169,AAPL-2025-11-20-2665,N
2025-11-20T13:12:10,182.114,212,AAPL-2025-11-20-2666,N
2025-11-20T13:12:15,182.069,204,AAPL-2025-11-20-2667,N
2025-11-20T13:12:20,182.117,110,AAPL-2025-11-20-2668,N
2025-11-20T13:12:25,182.147,268,AAPL-2025-11-20-2669,N
2025-11-20T13:12:30,182.126,284,AAPL-2025-11-20-2670,N
2025-11-20T13:12:35,182.101,222,AAPL-2025-11-20-2671,N
2025-11-20T13:12:40,182.09,184,AAPL-2025-11-20-2672,N
2025-11-20T13:12:45,182.068,234,AAPL-2025-11-20-2673,N
2025-11-20T13:12:50,182.099,196,AAPL-2025-11-20-2674,N
2025-11-20T13:12:55,182.049,220,AAPL-2025-11-20-2675,N
2025-11-20T13:13:00,182.064,189,AAPL-2025-11-20-2676,N
2025-11-20T13:13:05,182.132,121,AAPL-2025-11-20-2677,N
2025-11-20T13:13:10,182.052,163,AAPL-2025-11-20-2678,N
2025-11-20T13:13:15,182.077,147,AAPL-2025-11-20-2679,N
2025-11-20T13:13:20,182.042,247,AAPL-2025-11-20-2680,N
2025-11-20T13:13:25,182.059,218,AAPL-2025-11-20-2681,N
2025-11-20T13:13:30,182.087,178,AAPL-2025-11-20-2682,N
2025-11-20T13:13:35,182.073,240,AAPL-2025-11-20-2683,N
2025-11-20T13:13:40,182.024,92,AAPL-2025-11-20-2684,N
2025-11-20T13:13:45,182.009,246,AAPL-2025-11-20-2685,N
2025-11-20T13:13:50,182.018,242,AAPL-2025-11-20-2686,N
2025-11-20T13:13:55,181.944,215,AAPL-2025-11-20-2687,N
2025-11-20T13:14:00,181.968,132,AAPL-2025-11-20-2688,N
2025-11-20T13:14:05,182.0,194,AAPL-2025-11-20-2689,N
2025-11-20T13:14:10,182.111,91,AAPL-2025-11-20-2690,N
2025-11-20T13:14:15,182.161,180,AAPL-2025-11-20-2691,N
2025-11-20T13:14:20,182.102,173,AAPL-2025-11-20-2692,N
2025-11-20T13:14:25,182.112,251,AAPL-2025-11-20-2693,N
2025-11-20T13:14:30,182.175,271,AAPL-2025-11-20-2694,N
2025-11-20T13:14:35,182.14,256,AAPL-2025-11-20-2695,N
2025-11-20T13:14:40,182.154,167,AAPL-2025-11-20-2696,N
2025-11-20T13:14:45,182.147,164,AAPL-2025-11-20-2697,N
2025-11-20T13:14:50,182.148,163,AAPL-2025-11-20-2698,N
2025-11-20T13:14:55,182.11,223,AAPL-2025-11-20-2699,N
2025-11-20T13:15:00,182.133,190,AAPL-2025-11-20-2700,N
2025-11-20T13:15:05,182.183,186,AAPL-2025-11-20-2701,N
2025-11-20T13:15:10,182.172,233,AAPL-2025-11-20-2702,N
2025-11-20T13:15:15,182.167,204,AAPL-2025-11-20-2703,N
2025-11-20T13:15:20,182.075,200,AAPL-2025-11-20-2704,N
2025-11-20T13:15:25,182.009,138,AAPL-2025-11-20-2705,N
2025-11-20T13:15:30,181.96,147,AAPL-2025-11-20-2706,N
2025-11-20T13:15:35,181.94,175,AAPL-2025-11-20-2707,N
2025-11-20T13:15:40,181.964,211,AAPL-2025-11-20-2708,N
2025-11-20T13:15:45,181.895,204,AAPL-2025-11-20-2709,N
2025-11-20T13:15:50,181.907,183,AAPL-2025-11-20-2710,N
2025-11-20T13:15:55,181.905,209,AAPL-2025-11-20-2711,N
2025-11-20T13:16:00,181.932,121,AAPL-2025-11-20-2712,N
2025-11-20T13:16:05,181.924,275,AAPL-2025-11-20-2713,N
2025-11-20T13:16:10,181.975,242,AAPL-2025-11-20-2714,N
2025-11-20T13:16:15,181.995,282,AAPL-2025-11-20-2715,N
2025-11-20T13:16:20,182.064,193,AAPL-2025-11-20-2716,N
2025-11-20T13:16:25,182.029,186,AAPL-2025-11-20-2717,N
2025-11-20T13:16:30,182.142,121,AAPL-2025-11-20-2718,N
2025-11-20T13:16:35,182.125,129,AAPL-2025-11-20-2719,N
2025-11-20T13:16:40,182.129,139,AAPL-2025-11-20-2720,N
2025-11-20T13:16:45,182.125,102,AAPL-2025-11-20-2721,N
2025-11-20T13:16:50,182.148,261,AAPL-2025-11-20-2722,N
2025-11-20T13:16:55,182.134,193,AAPL-2025-11-20-2723,N
2025-11-20T13:17:00,182.128,209,AAPL-2025-11-20-2724,N
2025-11-20T13:17:05,182.127,238,AAPL-2025-11-20-2725,N
2025-11-20T13:17:10,182.171,159,AAPL-2025-11-20-2726,N
2025-11-20T13:17:15,182.16,245,AAPL-2025-11-20-2727,N
2025-11-20T13:17:20,182.108,101,AAPL-2025-11-20-2728,N
2025-11-20T13:17:25,182.117,224,AAPL-2025-11-20-2729,N
2025-11-20T13:17:30,182.09,171,AAPL-2025-11-20-2730,N
2025-11-20T13:17:35,182.063,156,AAPL-2025-11-20-2731,N
2025-11-20T13:17:40,182.088,140,AAPL-2025-11-20-2732,N
2025-11-20T13:17:45,182.078,154,AAPL-2025-11-20-2733,N
2025-11-20T13:17:50,182.025,243,AAPL-2025-11-20-2734,N
2025-11-20T13:17:55,182.006,209,AAPL-2025-11-20-2735,N
2025-11-20T13:18:00,181.951,162,AAPL-2025-11-20-2736,N
2025-11-20T13:18:05,181.979,329,AAPL-2025-11-20-2737,N
2025-11-20T13:18:10,181.907,189,AAPL-2025-11-20-2738,N
2025-11-20T13:18:15,181.922,169,AAPL-2025-11-20-2739,N
2025-11-20T13:18:20,181.953,156,AAPL-2025-11-20-2740,N
2025-11-20T13:18:25,181.958,173,AAPL-2025-11-20-2741,N
2025-11-20T13:18:30,182.003,166,AAPL-2025-11-20-2742,N
2025-11-20T13:18:35,181.99,247,AAPL-2025-11-20-2743,N
2025-11-20T13:18:40,181.953,203,AAPL-2025-11-20-2744,N
2025-11-20T13:18:45,181.886,145,AAPL-2025-11-20-2745,N
2025-11-20T13:18:50,181.9,150,AAPL-2025-11-20-2746,N
2025-11-20T13:18:55,181.88,224,AAPL-2025-11-20-2747,N
2025-11-20T13:19:00,181.859,241,AAPL-2025-11-20-2748,N
2025-11-20T13:19:05,181.867,221,AAPL-2025-11-20-2749,N
2025-11-20T13:19:10,181.912,215,AAPL-2025-11-20-2750,N
2025-11-20T13:19:15,181.968,245,AAPL-2025-11-20-2751,N
2025-11-20T13:19:20,181.949,264,AAPL-2025-11-20-2752,N
2025-11-20T13:19:25,181.959,180,AAPL-2025-11-20-2753,N
2025-11-20T13:19:30,181.969,255,AAPL-2025-11-20-2754,N
2025-11-20T13:19:35,181.986,291,AAPL-2025-11-20-2755,N
2025-11-20T13:19:40,182.025,226,AAPL-2025-11-20-2756,N
2025-11-20T13:19:45,181.988,191,AAPL-2025-11-20-2757,N
2025-11-20T13:19:50,181.99,234,AAPL-2025-11-20-2758,N
2025-11-20T13:19:55,182.014,208,AAPL-2025-11-20-2759,N
2025-11-20T13:20:00,182.018,236,AAPL-2025-11-20-2760,N
2025-11-20T13:20:05,181.987,284,AAPL-2025-11-20-2761,N
2025-11-20T13:20:10,181.912,272,AAPL-2025-11-20-2762,N
2025-11-20T13:20:15,181.911,250,AAPL-2025-11-20-2763,N
2025-11-20T13:20:20,181.924,217,AAPL-2025-11-20-2764,N
2025-11-20T13:20:25,181.944,240,AAPL-2025-11-20-2765,N
2025-11-20T13:20:30,181.932,251,AAPL-2025-11-20-2766,N
2025-11-20T13:20:35,181.892,199,AAPL-2025-11-20-2767,N
2025-11-20T13:20:40,181.923,249,AAPL-2025-11-20-2768,N
2025-11-20T13:20:45,181.94,180,AAPL-2025-11-20-2769,N
2025-11-20T13:20:50,181.972,166,AAPL-2025-11-20-2770,N
2025-11-20T13:20:55,182.036,195,AAPL-2025-11-20-2771,N
2025-11-20T13:21:00,181.98,140,AAPL-2025-11-20-2772,N
2025-11-20T13:21:05,181.982,206,AAPL-2025-11-20-2773,N
2025-11-20T13:21:10,182.053,148,AAPL-2025-11-20-2774,N
2025-11-20T13:21:15,182.055,147,AAPL-2025-11-20-2775,N
2025-11-20T13:21:20,182.037,284,AAPL-2025-11-20-2776,N
2025-11-20T13:21:25,181.995,229,AAPL-2025-11-20-2777,N
2025-11-20T13:21:30,182.01,198,AAPL-2025-11-20-2778,N
2025-11-20T13:21:35,182.029,141,AAPL-2025-11-20-2779,N
2025-11-20T13:21:40,182.089,296,AAPL-2025-11-20-2780,N
2025-11-20T13:21:45,182.091,321,AAPL-2025-11-20-2781,N
2025-11-20T13:21:50,182.076,220,AAPL-2025-11-20-2782,N
2025-11-20T13:21:55,182.128,177,AAPL-2025-11-20-2783,N
2025-11-20T13:22:00,182.078,119,AAPL-2025-11-20-2784,N
2025-11-20T13:22:05,182.153,173,AAPL-2025-11-20-2785,N
2025-11-20T13:22:10,182.146,144,AAPL-2025-11-20-2786,N
2025-11-20T13:22:15,182.181,160,AAPL-2025-11-20-2787,N
2025-11-20T13:22:20,182.163,214,AAPL-2025-11-20-2788,N
2025-11-20T13:22:25,182.124,191,AAPL-2025-11-20-2789,N
2025-11-20T13:22:30,182.175,221,AAPL-2025-11-20-2790,N
2025-11-20T13:22:35,182.18,210,AAPL-2025-11-20-2791,N
2025-11-20T13:22:40,182.166,299,AAPL-2025-11-20-2792,N
2025-11-20T13:22:45,182.136,210,AAPL-2025-11-20-2793,N
2025-11-20T13:22:50,182.14,250,AAPL-2025-11-20-2794,N
2025-11-20T13:22:55,182.181,198,AAPL-2025-11-20-2795,N
2025-11-20T13:23:00,182.191,216,AAPL-2025-11-20-2796,N
2025-11-20T13:23:05,182.108,120,AAPL-2025-11-20-2797,N
2025-11-20T13:23:10,182.086,171,AAPL-2025-11-20-2798,N
2025-11-20T13:23:15,182.043,237,AAPL-2025-11-20-2799,N
2025-11-20T13:23:20,182.043,189,AAPL-2025-11-20-2800,N
2025-11-20T13:23:25,181.997,197,AAPL-2025-11-20-2801,N
2025-11-20T13:23:30,181.901,191,AAPL-2025-11-20-2802,N
2025-11-20T13:23:35,181.904,212,AAPL-2025-11-20-2803,N
2025-11-20T13:23:40,181.847,211,AAPL-2025-11-20-2804,N
2025-11-20T13:23:45,181.809,159,AAPL-2025-11-20-2805,N
2025-11-20T13:23:50,181.835,300,AAPL-2025-11-20-2806,N
2025-11-20T13:23:55,181.837,159,AAPL-2025-11-20-2807,N
2025-11-20T13:24:00,181.844,246,AAPL-2025-11-20-2808,N
2025-11-20T13:24:05,181.866,337,AAPL-2025-11-20-2809,N
2025-11-20T13:24:10,181.84,212,AAPL-2025-11-20-2810,N
2025-11-20T13:24:15,181.897,274,AAPL-2025-11-20-2811,N
2025-11-20T13:24:20,181.826,199,AAPL-2025-11-20-2812,N
2025-11-20T13:24:25,181.88,344,AAPL-2025-11-20-2813,N
2025-11-20T13:24:30,181.905,181,AAPL-2025-11-20-2814,N
2025-11-20T13:24:35,181.869,310,AAPL-2025-11-20-2815,N
2025-11-20T13:24:40,181.895,157,AAPL-2025-11-20-2816,N
2025-11-20T13:24:45,181.888,215,AAPL-2025-11-20-2817,N
2025-11-20T13:24:50,181.907,155,AAPL-2025-11-20-2818,N
2025-11-20T13:24:55,181.885,117,AAPL-2025-11-20-2819,N
2025-11-20T13:25:00,181.923,182,AAPL-2025-11-20-2820,N
2025-11-20T13:25:05,181.94,271,AAPL-2025-11-20-2821,N
2025-11-20T13:25:10,181.948,194,AAPL-2025-11-20-2822,N
2025-11-20T13:25:15,181.955,203,AAPL-2025-11-20-2823,N
2025-11-20T13:25:20,182.0,215,AAPL-2025-11-20-2824,N
2025-11-20T13:25:25,181.98,252,AAPL-2025-11-20-2825,N
2025-11-20T13:25:30,182.025,133,AAPL-2025-11-20-2826,N
2025-11-20T13:25:35,182.081,218,AAPL-2025-11-20-2827,N
2025-11-20T13:25:40,182.091,250,AAPL-2025-11-20-2828,N
2025-11-20T13:25:45,182.071,247,AAPL-2025-11-20-2829,N
2025-11-20T13:25:50,182.057,126,AAPL-2025-11-20-2830,N
2025-11-20T13:25:55,182.021,228,AAPL-2025-11-20-2831,N
2025-11-20T13:26:00,181.986,280,AAPL-2025-11-20-2832,N
2025-11-20T13:26:05,182.03,266,AAPL-2025-11-20-2833,N
2025-11-20T13:26:10,182.034,212,AAPL-2025-11-20-2834,N
2025-11-20T13:26:15,181.991,249,AAPL-2025-11-20-2835,N
2025-11-20T13:26:20,182.004,228,AAPL-2025-11-20-2836,N
2025-11-20T13:26:25,182.066,169,AAPL-2025-11-20-2837,N
2025-11-20T13:26:30,182.061,216,AAPL-2025-11-20-2838,N
2025-11-20T13:26:35,182.027,190,AAPL-2025-11-20-2839,N
2025-11-20T13:26:40,182.045,183,AAPL-2025-11-20-2840,N
2025-11-20T13:26:45,182.093,124,AAPL-2025-11-20-2841,N
2025-11-20T13:26:50,182.134,233,AAPL-2025-11-20-2842,N
2025-11-20T13:26:55,182.113,153,AAPL-2025-11-20-2843,N
2025-11-20T13:27:00,182.037,160,AAPL-2025-11-20-2844,N
2025-11-20T13:27:05,182.075,197,AAPL-2025-11-20-2845,N
2025-11-20T13:27:10,182.118,169,AAPL-2025-11-20-2846,N
2025-11-20T13:27:15,182.143,164,AAPL-2025-11-20-2847,N
2025-11-20T13:27:20,182.108,194,AAPL-2025-11-20-2848,N
2025-11-20T13:27:25,182.084,122,AAPL-2025-11-20-2849,N
2025-11-20T13:27:30,182.077,205,AAPL-2025-11-20-2850,N
2025-11-20T13:27:35,182.124,246,AAPL-2025-11-20-2851,N
2025-11-20T13:27:40,182.168,236,AAPL-2025-11-20-2852,N
2025-11-20T13:27:45,182.18,138,AAPL-2025-11-20-2853,N
2025-11-20T13:27:50,182.186,229,AAPL-2025-11-20-2854,N
2025-11-20T13:27:55,182.239,234,AAPL-2025-11-20-2855,N
2025-11-20T13:28:00,182.284,148,AAPL-2025-11-20-2856,N
2025-11-20T13:28:05,182.272,221,AAPL-2025-11-20-2857,N
2025-11-20T13:28:10,182.314,192,AAPL-2025-11-20-2858,N
2025-11-20T13:28:15,182.311,234,AAPL-2025-11-20-2859,N
2025-11-20T13:28:20,182.27,280,AAPL-2025-11-20-2860,N
2025-11-20T13:28:25,182.238,104,AAPL-2025-11-20-2861,N
2025-11-20T13:28:30,182.239,284,AAPL-2025-11-20-2862,N
2025-11-20T13:28:35,182.26,237,AAPL-2025-11-20-2863,N
2025-11-20T13:28:40,182.262,192,AAPL-2025-11-20-2864,N
2025-11-20T13:28:45,182.205,87,AAPL-2025-11-20-2865,N
2025-11-20T13:28:50,182.212,265,AAPL-2025-11-20-2866,N
2025-11-20T13:28:55,182.225,231,AAPL-2025-11-20-2867,N
2025-11-20T13:29:00,182.283,216,AAPL-2025-11-20-2868,N
2025-11-20T13:29:05,182.278,159,AAPL-2025-11-20-2869,N
2025-11-20T13:29:10,182.352,226,AAPL-2025-11-20-2870,N
2025-11-20T13:29:15,182.317,141,AAPL-2025-11-20-2871,N
2025-11-20T13:29:20,182.363,148,AAPL-2025-11-20-2872,N
2025-11-20T13:29:25,182.431,62,AAPL-2025-11-20-2873,N
2025-11-20T13:29:30,182.483,224,AAPL-2025-11-20-2874,N
2025-11-20T13:29:35,182.487,191,AAPL-2025-11-20-2875,N
2025-11-20T13:29:40,182.556,235,AAPL-2025-11-20-2876,N
2025-11-20T13:29:45,182.523,114,AAPL-2025-11-20-2877,N
2025-11-20T13:29:50,182.529,199,AAPL-2025-11-20-2878,N
2025-11-20T13:29:55,182.474,197,AAPL-2025-11-20-2879,N
2025-11-20T13:30:00,182.453,200,AAPL-2025-11-20-2880,N
2025-11-20T13:30:05,182.48,274,AAPL-2025-11-20-2881,N
2025-11-20T13:30:10,182.513,163,AAPL-2025-11-20-2882,N
2025-11-20T13:30:15,182.526,203,AAPL-2025-11-20-2883,N
2025-11-20T13:30:20,182.478,219,AAPL-2025-11-20-2884,N
2025-11-20T13:30:25,182.545,201,AAPL-2025-11-20-2885,N
2025-11-20T13:30:30,182.487,201,AAPL-2025-11-20-2886,N
2025-11-20T13:30:35,182.443,243,AAPL-2025-11-20-2887,N
2025-11-20T13:30:40,182.462,191,AAPL-2025-11-20-2888,N
2025-11-20T13:30:45,182.45,189,AAPL-2025-11-20-2889,N
2025-11-20T13:30:50,182.45,161,AAPL-2025-11-20-2890,N
2025-11-20T13:30:55,182.4,256,AAPL-2025-11-20-2891,N
2025-11-20T13:31:00,182.385,208,AAPL-2025-11-20-2892,N
2025-11-20T13:31:05,182.396,216,AAPL-2025-11-20-2893,N
2025-11-20T13:31:10,182.353,116,AAPL-2025-11-20-2894,N
2025-11-20T13:31:15,182.332,219,AAPL-2025-11-20-2895,N
2025-11-20T13:31:20,182.305,182,AAPL-2025-11-20-2896,N
2025-11-20T13:31:25,182.383,107,AAPL-2025-11-20-2897,N
2025-11-20T13:31:30,182.355,294,AAPL-2025-11-20-2898,N
2025-11-20T13:31:35,182.353,164,AAPL-2025-11-20-2899,N
2025-11-20T13:31:40,182.396,202,AAPL-2025-11-20-2900,N
2025-11-20T13:31:45,182.383,209,AAPL-2025-11-20-2901,N
2025-11-20T13:31:50,182.359,149,AAPL-2025-11-20-2902,N
2025-11-20T13:31:55,182.355,149,AAPL-2025-11-20-2903,N
2025-11-20T13:32:00,182.356,217,AAPL-2025-11-20-2904,N
2025-11-20T13:32:05,182.387,256,AAPL-2025-11-20-2905,N
2025-11-20T13:32:10,182.372,224,AAPL-2025-11-20-2906,N
2025-11-20T13:32:15,182.39,216,AAPL-2025-11-20-2907,N
2025-11-20T13:32:20,182.372,148,AAPL-2025-11-20-2908,N
2025-11-20T13:32:25,182.391,114,AAPL-2025-11-20-2909,N
2025-11-20T13:32:30,182.381,72,AAPL-2025-11-20-2910,N
2025-11-20T13:32:35,182.332,156,AAPL-2025-11-20-2911,N
2025-11-20T13:32:40,182.372,234,AAPL-2025-11-20-2912,N
2025-11-20T13:32:45,182.352,236,AAPL-2025-11-20-2913,N
2025-11-20T13:32:50,182.384,191,AAPL-2025-11-20-2914,N
2025-11-20T13:32:55,182.334,189,AAPL-2025-11-20-2915,N
2025-11-20T13:33:00,182.33,138,AAPL-2025-11-20-2916,N
2025-11-20T13:33:05,182.344,213,AAPL-2025-11-20-2917,N
2025-11-20T13:33:10,182.36,213,AAPL-2025-11-20-2918,N
2025-11-20T13:33:15,182.387,191,AAPL-2025-11-20-2919,N
2025-11-20T13:33:20,182.394,180,AAPL-2025-11-20-2920,N
2025-11-20T13:33:25,182.373,266,AAPL-2025-11-20-2921,N
2025-11-20T13:33:30,182.298,243,AAPL-2025-11-20-2922,N
2025-11-20T13:33:35,182.275,162,AAPL-2025-11-20-2923,N
2025-11-20T13:33:40,182.285,125,AAPL-2025-11-20-2924,N
2025-11-20T13:33:45,182.255,157,AAPL-2025-11-20-2925,N
2025-11-20T13:33:50,182.247,159,AAPL-2025-11-20-2926,N
2025-11-20T13:33:55,182.305,289,AAPL-2025-11-20-2927,N
2025-11-20T13:34:00,182.232,227,AAPL-2025-11-20-2928,N
2025-11-20T13:34:05,182.263,227,AAPL-2025-11-20-2929,N
2025-11-20T13:34:10,182.239,187,AAPL-2025-11-20-2930,N
2025-11-20T13:34:15,182.212,178,AAPL-2025-11-20-2931,N
2025-11-20T13:34:20,182.168,194,AAPL-2025-11-20-2932,N
2025-11-20T13:34:25,182.113,189,AAPL-2025-11-20-2933,N
2025-11-20T13:34:30,182.067,210,AAPL-2025-11-20-2934,N
2025-11-20T13:34:35,182.043,214,AAPL-2025-11-20-2935,N
2025-11-20T13:34:40,182.082,279,AAPL-2025-11-20-2936,N
2025-11-20T13:34:45,181.99,158,AAPL-2025-11-20-2937,N
2025-11-20T13:34:50,181.979,223,AAPL-2025-11-20-2938,N
2025-11-20T13:34:55,181.919,150,AAPL-2025-11-20-2939,N
2025-11-20T13:35:00,181.924,204,AAPL-2025-11-20-2940,N
2025-11-20T13:35:05,181.937,222,AAPL-2025-11-20-2941,N
2025-11-20T13:35:10,181.95,209,AAPL-2025-11-20-2942,N
2025-11-20T13:35:15,181.952,233,AAPL-2025-11-20-2943,N
2025-11-20T13:35:20,181.87,277,AAPL-2025-11-20-2944,N
2025-11-20T13:35:25,181.79,146,AAPL-2025-11-20-2945,N
2025-11-20T13:35:30,181.782,233,AAPL-2025-11-20-2946,N
2025-11-20T13:35:35,181.673,198,AAPL-2025-11-20-2947,N
2025-11-20T13:35:40,181.702,249,AAPL-2025-11-20-2948,N
2025-11-20T13:35:45,181.676,184,AAPL-2025-11-20-2949,N
2025-11-20T13:35:50,181.654,180,AAPL-2025-11-20-2950,N
2025-11-20T13:35:55,181.617,155,AAPL-2025-11-20-2951,N
2025-11-20T13:36:00,181.632,206,AAPL-2025-11-20-2952,N
2025-11-20T13:36:05,181.65,210,AAPL-2025-11-20-2953,N
2025-11-20T13:36:10,181.676,243,AAPL-2025-11-20-2954,N
2025-11-20T13:36:15,181.612,157,AAPL-2025-11-20-2955,N
2025-11-20T13:36:20,181.604,198,AAPL-2025-11-20-2956,N
2025-11-20T13:36:25,181.58,245,AAPL-2025-11-20-2957,N
2025-11-20T13:36:30,181.652,209,AAPL-2025-11-20-2958,N
2025-11-20T13:36:35,181.655,242,AAPL-2025-11-20-2959,N
2025-11-20T13:36:40,181.587,201,AAPL-2025-11-20-2960,N
2025-11-20T13:36:45,181.622,167,AAPL-2025-11-20-2961,N
2025-11-20T13:36:50,181.578,190,AAPL-2025-11-20-2962,N
2025-11-20T13:36:55,181.576,154,AAPL-2025-11-20-2963,N
2025-11-20T13:37:00,181.652,176,AAPL-2025-11-20-2964,N
2025-11-20T13:37:05,181.61,195,AAPL-2025-11-20-2965,N
2025-11-20T13:37:10,181.643,200,AAPL-2025-11-20-2966,N
2025-11-20T13:37:15,181.661,156,AAPL-2025-11-20-2967,N
2025-11-20T13:37:20,181.715,228,AAPL-2025-11-20-2968,N
2025-11-20T13:37:25,181.753,218,AAPL-2025-11-20-2969,N
2025-11-20T13:37:30,181.783,156,AAPL-2025-11-20-2970,N
2025-11-20T13:37:35,181.765,267,AAPL-2025-11-20-2971,N
2025-11-20T13:37:40,181.821,142,AAPL-2025-11-20-2972,N
2025-11-20T13:37:45,181.831,178,AAPL-2025-11-20-2973,N
2025-11-20T13:37:50,181.805,214,AAPL-2025-11-20-2974,N
2025-11-20T13:37:55,181.847,222,AAPL-2025-11-20-2975,N
2025-11-20T13:38:00,181.835,225,AAPL-2025-11-20-2976,N
2025-11-20T13:38:05,181.822,220,AAPL-2025-11-20-2977,N
2025-11-20T13:38:10,181.873,96,AAPL-2025-11-20-2978,N
2025-11-20T13:38:15,181.902,123,AAPL-2025-11-20-2979,N
2025-11-20T13:38:20,181.946,168,AAPL-2025-11-20-2980,N
2025-11-20T13:38:25,181.902,234,AAPL-2025-11-20-2981,N
2025-11-20T13:38:30,181.915,150,AAPL-2025-11-20-2982,N
2025-11-20T13:38:35,181.87,190,AAPL-2025-11-20-2983,N
2025-11-20T13:38:40,181.826,146,AAPL-2025-11-20-2984,N
2025-11-20T13:38:45,181.83,151,AAPL-2025-11-20-2985,N
2025-11-20T13:38:50,181.846,274,AAPL-2025-11-20-2986,N
2025-11-20T13:38:55,181.84,206,AAPL-2025-11-20-2987,N
2025-11-20T13:39:00,181.914,140,AAPL-2025-11-20-2988,N
2025-11-20T13:39:05,181.957,253,AAPL-2025-11-20-2989,N
2025-11-20T13:39:10,181.988,264,AAPL-2025-11-20-2990,N
2025-11-20T13:39:15,181.998,170,AAPL-2025-11-20-2991,N
2025-11-20T13:39:20,182.038,256,AAPL-2025-11-20-2992,N
2025-11-20T13:39:25,182.078,202,AAPL-2025-11-20-2993,N
2025-11-20T13:39:30,182.052,209,AAPL-2025-11-20-2994,N
2025-11-20T13:39:35,182.087,251,AAPL-2025-11-20-2995,N
2025-11-20T13:39:40,182.071,215,AAPL-2025-11-20-2996,N
2025-11-20T13:39:45,182.023,249,AAPL-2025-11-20-2997,N
2025-11-20T13:39:50,181.995,239,AAPL-2025-11-20-2998,N
2025-11-20T13:39:55,181.953,251,AAPL-2025-11-20-2999,N
